date,case,day_total,events,conflict,threat_coerce,sanction,military_pair,military_geo,keyword_articles,tone_num,tone_den
20250818,china_japan_2025,132066,51,13,4,0,2,369,0,-612.8210035071548,286.0
20250818,china_japan_seafood_2023,132066,51,13,4,0,2,369,9,-612.8210035071548,286.0
20250818,india_pakistan_2025,132066,35,23,12,0,9,759,272,-609.4147617352384,123.0
20250818,israel_iran_2025,132066,125,61,14,0,39,1184,129,-2901.545684045685,578.0
20250818,north_korea,132066,41,18,0,0,0,20,14,-129.9275645956631,174.0
20250818,russia_ukraine_2022,132066,2328,554,87,3,251,776,803,-47516.98850546709,27552.0
20250818,south_china_sea_ph,132066,36,26,3,0,10,123,3,-546.3624937671073,144.0
20250818,taiwan_strait,132066,159,43,18,1,19,13,61,-979.1623443188453,1139.0
20250818,thailand_cambodia_2025,132066,78,39,6,0,23,90,22,-519.678311409855,262.0
20250818,us_china_chips_2022,132066,146,28,16,0,8,255,42,-3547.098250114734,1784.0
20250818,us_china_tariffs_2025,132066,271,60,30,0,24,5808,123,-4235.349018495619,2599.0
20250819,china_japan_2025,142698,52,8,2,0,5,388,0,-451.2063046575855,405.0
20250819,china_japan_seafood_2023,142698,52,8,2,0,5,388,13,-451.2063046575855,405.0
20250819,india_pakistan_2025,142698,39,9,2,0,5,832,218,-647.6036194180967,209.0
20250819,israel_iran_2025,142698,96,54,18,0,37,1064,117,-2043.6971316752124,563.0
20250819,north_korea,142698,95,42,12,0,10,36,65,-1654.935324129229,746.0
20250819,russia_ukraine_2022,142698,2169,457,78,0,205,513,879,-10744.703589886753,25079.0
20250819,south_china_sea_ph,142698,16,9,1,0,7,117,14,-172.78259870771876,55.0
20250819,taiwan_strait,142698,229,52,14,1,16,35,83,-2133.305229567991,1453.0
20250819,thailand_cambodia_2025,142698,160,84,18,0,35,108,29,-4405.253559439963,1445.0
20250819,us_china_chips_2022,142698,211,53,21,0,22,262,78,-1828.835150685555,1257.0
20250819,us_china_tariffs_2025,142698,379,92,32,0,36,6847,180,-2996.8188654908063,2196.0
20250820,china_japan_2025,140790,41,7,1,0,1,393,0,-513.9041217448465,332.0
20250820,china_japan_seafood_2023,140790,41,7,1,0,1,393,13,-513.9041217448465,332.0
20250820,india_pakistan_2025,140790,52,17,5,0,5,1043,309,-609.8723858420699,195.0
20250820,israel_iran_2025,140790,164,87,12,0,60,1118,171,-4008.882318968966,1085.0
20250820,north_korea,140790,137,68,11,0,16,57,52,-1967.303700669383,665.0
20250820,russia_ukraine_2022,140790,1397,398,69,0,210,441,520,-11107.692077604184,11787.0
20250820,south_china_sea_ph,140790,15,7,1,0,4,98,9,-105.48514401419811,57.0
20250820,taiwan_strait,140790,270,70,22,2,29,43,58,-3277.576151409155,1820.0
20250820,thailand_cambodia_2025,140790,131,66,5,0,43,108,38,-4419.278267477789,1304.0
20250820,us_china_chips_2022,140790,233,59,33,1,33,264,67,-2488.11158154004,1579.0
20250820,us_china_tariffs_2025,140790,461,121,50,1,58,7061,183,-5667.47112758281,3142.0
20250821,china_japan_2025,138439,40,3,0,0,3,470,0,-431.6193811131344,463.0
20250821,china_japan_seafood_2023,138439,40,3,0,0,3,470,18,-431.6193811131344,463.0
20250821,india_pakistan_2025,138439,30,7,2,0,5,1127,323,-180.16629002287385,70.0
20250821,israel_iran_2025,138439,116,56,9,0,28,1356,128,-1680.9180361155693,417.0
20250821,north_korea,138439,91,27,8,0,6,38,61,-708.0936906519571,375.0
20250821,russia_ukraine_2022,138439,1286,473,69,0,266,563,468,-41619.37807403001,13489.0
20250821,south_china_sea_ph,138439,27,13,1,0,3,101,16,-576.2755765795425,131.0
20250821,taiwan_strait,138439,257,64,16,0,33,26,65,-3556.3720123009257,2818.0
20250821,thailand_cambodia_2025,138439,135,75,9,0,42,133,30,-4749.701330829332,957.0
20250821,us_china_chips_2022,138439,222,44,24,1,27,304,88,-3873.530194779567,1571.0
20250821,us_china_tariffs_2025,138439,438,99,36,1,54,7317,220,-7254.576150809546,4183.0
20250822,china_japan_2025,131087,83,2,0,0,2,390,15,479.31432182695403,450.0
20250822,china_japan_seafood_2023,131087,83,2,0,0,2,390,11,479.31432182695403,450.0
20250822,india_pakistan_2025,131087,33,9,1,0,4,1105,294,-595.3264854840527,148.0
20250822,israel_iran_2025,131087,132,60,10,0,37,1144,149,-5539.234474242669,1237.0
20250822,north_korea,131087,64,34,6,0,6,57,43,-918.5779701745023,324.0
20250822,russia_ukraine_2022,131087,1094,375,60,0,177,431,390,-24783.717857973206,9031.0
20250822,south_china_sea_ph,131087,59,23,0,0,12,93,19,-2987.8165499636643,558.0
20250822,taiwan_strait,131087,267,83,23,0,34,26,67,-4265.737759026881,2326.0
20250822,thailand_cambodia_2025,131087,100,26,6,0,12,78,34,-3388.564383053609,839.0
20250822,us_china_chips_2022,131087,251,54,15,0,28,283,99,-1063.158488032657,2456.0
20250822,us_china_tariffs_2025,131087,474,127,34,0,59,7140,257,-4000.603117268263,4349.0
20250823,china_japan_2025,80386,37,2,0,0,2,244,1,-80.73618031096535,159.0
20250823,china_japan_seafood_2023,80386,37,2,0,0,2,244,8,-80.73618031096535,159.0
20250823,india_pakistan_2025,80386,21,13,9,0,1,828,236,-63.56116197855516,67.0
20250823,israel_iran_2025,80386,98,44,11,0,24,722,113,-4969.400844264245,1030.0
20250823,north_korea,80386,70,52,18,0,22,62,51,-6037.608627081343,1006.0
20250823,russia_ukraine_2022,80386,591,191,29,0,79,229,202,-8725.756575626563,5022.0
20250823,south_china_sea_ph,80386,19,7,0,0,5,61,6,-330.40942578387273,110.0
20250823,taiwan_strait,80386,154,36,9,1,17,21,40,-1674.2761110394022,722.0
20250823,thailand_cambodia_2025,80386,51,5,1,0,1,32,25,-729.1913719761505,303.0
20250823,us_china_chips_2022,80386,109,20,4,0,5,178,36,-370.1907839788504,382.0
20250823,us_china_tariffs_2025,80386,245,54,13,1,20,4307,132,-1528.5564233712028,982.0
20250824,china_japan_2025,70589,30,10,0,0,8,210,0,-1160.2115174741689,970.0
20250824,china_japan_seafood_2023,70589,30,10,0,0,8,210,3,-1160.2115174741689,970.0
20250824,india_pakistan_2025,70589,22,18,11,0,11,658,234,-1157.6660678391306,253.0
20250824,israel_iran_2025,70589,82,35,9,0,22,834,108,-2791.702422098226,638.0
20250824,north_korea,70589,76,46,6,2,23,44,47,-5445.196928678979,1975.0
20250824,russia_ukraine_2022,70589,943,335,55,0,162,278,383,-16020.034411440634,13169.0
20250824,south_china_sea_ph,70589,15,7,2,0,2,77,11,-90.01894477228834,112.0
20250824,taiwan_strait,70589,140,26,5,0,14,30,42,-1538.6945128145303,756.0
20250824,thailand_cambodia_2025,70589,56,11,0,0,5,41,15,-187.9498839890087,264.0
20250824,us_china_chips_2022,70589,93,25,5,0,6,156,16,-573.5029616825312,712.0
20250824,us_china_tariffs_2025,70589,204,49,10,0,20,3077,87,-1655.4438357984668,1309.0
20250825,china_japan_2025,117976,74,10,2,0,6,310,1,-615.059738176395,574.0
20250825,china_japan_seafood_2023,117976,74,10,2,0,6,310,8,-615.059738176395,574.0
20250825,india_pakistan_2025,117976,66,35,19,0,15,1035,311,-895.8261706563135,202.0
20250825,israel_iran_2025,117976,77,36,8,0,21,1381,154,-1539.3281969513573,415.0
20250825,north_korea,117976,189,67,7,0,22,35,39,-1241.061188183665,975.0
20250825,russia_ukraine_2022,117976,898,346,41,0,208,369,368,-9566.615438074103,5565.0
20250825,south_china_sea_ph,117976,43,17,0,0,7,124,10,-560.5380606301137,192.0
20250825,taiwan_strait,117976,181,41,18,0,15,47,58,-1791.7225904761294,1076.0
20250825,thailand_cambodia_2025,117976,67,20,3,0,7,123,38,-385.1735991111232,196.0
20250825,us_china_chips_2022,117976,201,45,16,1,20,229,59,-1743.694268260498,1187.0
20250825,us_china_tariffs_2025,117976,348,77,30,1,30,5943,178,-3149.9035765637295,2091.0
20250826,china_japan_2025,131865,128,27,6,0,13,361,1,-3729.447548456285,1456.0
20250826,china_japan_seafood_2023,131865,128,27,6,0,13,361,15,-3729.447548456285,1456.0
20250826,india_pakistan_2025,131865,36,16,10,0,5,939,279,-1294.1780655305993,203.0
20250826,israel_iran_2025,131865,155,77,12,0,34,1621,356,-6402.546447884949,1512.0
20250826,north_korea,131865,70,26,7,0,8,26,31,-819.9449184691351,512.0
20250826,russia_ukraine_2022,131865,532,183,34,0,98,258,264,-8441.527373475497,3362.0
20250826,south_china_sea_ph,131865,23,6,0,0,2,87,13,-236.1547006549988,86.0
20250826,taiwan_strait,131865,359,111,20,3,24,32,44,-6312.695079758662,3265.0
20250826,thailand_cambodia_2025,131865,63,27,10,0,8,90,27,-1478.646535263333,273.0
20250826,us_china_chips_2022,131865,263,73,29,0,20,243,46,-3339.449155956214,2012.0
20250826,us_china_tariffs_2025,131865,589,175,48,3,44,6579,330,-8983.285585822916,4945.0
20250827,china_japan_2025,133977,98,34,5,0,20,419,2,-2674.684503036593,1091.0
20250827,china_japan_seafood_2023,133977,98,34,5,0,20,419,9,-2674.684503036593,1091.0
20250827,india_pakistan_2025,133977,34,9,1,0,3,755,275,-479.3560290864514,101.0
20250827,israel_iran_2025,133977,215,95,9,0,30,1578,269,-4862.121030101565,1413.0
20250827,north_korea,133977,123,45,0,0,11,23,34,-1362.9168229905242,501.0
20250827,russia_ukraine_2022,133977,632,238,44,0,120,279,222,-9482.285121104782,3716.0
20250827,south_china_sea_ph,133977,28,15,2,0,6,54,12,-471.3435758877545,137.0
20250827,taiwan_strait,133977,299,90,33,0,27,31,59,-3810.0057189106647,2272.0
20250827,thailand_cambodia_2025,133977,103,39,0,0,14,91,38,-1314.0034273509063,414.0
20250827,us_china_chips_2022,133977,297,60,24,2,24,298,56,-2931.818817357284,1935.0
20250827,us_china_tariffs_2025,133977,544,138,50,2,51,7452,474,-5866.208657503371,3914.0
20250828,china_japan_2025,138975,194,46,6,1,22,362,10,383.66010514520536,2489.0
20250828,china_japan_seafood_2023,138975,194,46,6,1,22,362,18,383.66010514520536,2489.0
20250828,india_pakistan_2025,138975,30,19,0,0,13,957,268,-354.61574228830926,84.0
20250828,israel_iran_2025,138975,170,62,11,0,30,1462,259,-2957.4677095683073,1222.0
20250828,north_korea,138975,49,6,0,0,0,16,97,47.71562460804062,401.0
20250828,russia_ukraine_2022,138975,857,371,70,0,230,515,321,-43383.387557933645,8986.0
20250828,south_china_sea_ph,138975,70,41,11,0,6,90,16,-776.4115748045954,386.0
20250828,taiwan_strait,138975,274,59,17,0,8,37,67,-3480.0034370235503,2006.0
20250828,thailand_cambodia_2025,138975,76,21,7,0,10,81,22,-1202.7636482548392,332.0
20250828,us_china_chips_2022,138975,276,48,20,0,21,287,78,-2690.6606395051804,2540.0
20250828,us_china_tariffs_2025,138975,516,98,37,0,29,8147,356,-5308.423366641036,4309.0
20250829,china_japan_2025,127562,208,22,3,0,7,366,4,3888.784667044577,2034.0
20250829,china_japan_seafood_2023,127562,208,22,3,0,7,366,13,3888.784667044577,2034.0
20250829,india_pakistan_2025,127562,30,9,3,0,4,874,250,-1233.955342086407,450.0
20250829,israel_iran_2025,127562,177,64,14,0,29,1212,192,-7070.526393591391,1660.0
20250829,north_korea,127562,27,8,3,0,4,14,32,-51.58721018674973,169.0
20250829,russia_ukraine_2022,127562,750,288,48,0,174,398,270,-18620.53306677725,5712.0
20250829,south_china_sea_ph,127562,41,16,3,0,1,76,14,-525.0473125586446,238.0
20250829,taiwan_strait,127562,332,100,17,0,26,22,95,-5288.970821624475,3208.0
20250829,thailand_cambodia_2025,127562,181,92,32,0,38,206,55,-4114.061523795062,943.0
20250829,us_china_chips_2022,127562,241,65,34,0,27,278,72,-5148.034895732706,1803.0
20250829,us_china_tariffs_2025,127562,492,136,49,0,52,7179,278,-10081.312527212753,3682.0
20250830,china_japan_2025,83592,160,20,3,0,9,224,3,702.3124428138063,1757.0
20250830,china_japan_seafood_2023,83592,160,20,3,0,9,224,14,702.3124428138063,1757.0
20250830,india_pakistan_2025,83592,40,14,0,0,11,896,240,-291.1597226004325,103.0
20250830,israel_iran_2025,83592,106,66,19,0,36,1016,101,-7420.997638242771,1330.0
20250830,north_korea,83592,7,4,0,0,4,12,20,-391.3141964592264,1124.0
20250830,russia_ukraine_2022,83592,574,275,41,0,167,572,239,-14434.066541187982,4106.0
20250830,south_china_sea_ph,83592,33,25,6,0,0,82,2,-1153.0810045182307,339.0
20250830,taiwan_strait,83592,226,81,21,0,13,20,54,-2620.706210460903,1475.0
20250830,thailand_cambodia_2025,83592,61,24,11,0,18,87,13,-3284.346646501781,786.0
20250830,us_china_chips_2022,83592,196,40,14,0,9,148,40,-3123.467613479801,1320.0
20250830,us_china_tariffs_2025,83592,378,102,27,0,19,3973,276,-5217.890221978495,2428.0
20250831,china_japan_2025,70659,123,10,0,0,10,226,0,2019.962703030099,1820.0
20250831,china_japan_seafood_2023,70659,123,10,0,0,10,226,8,2019.962703030099,1820.0
20250831,india_pakistan_2025,70659,37,15,5,0,4,610,198,-60.10289877045908,136.0
20250831,israel_iran_2025,70659,66,35,10,0,18,1025,95,-4822.890561152253,860.0
20250831,north_korea,70659,21,4,0,0,4,17,9,-178.0465162531408,94.0
20250831,russia_ukraine_2022,70659,451,246,44,0,144,340,152,-10242.287795259253,2832.0
20250831,south_china_sea_ph,70659,17,12,4,0,2,23,3,-293.71277380791054,98.0
20250831,taiwan_strait,70659,210,49,14,0,9,15,29,-1227.5466842857802,1158.0
20250831,thailand_cambodia_2025,70659,32,9,3,0,2,87,14,-49.56736151314787,83.0
20250831,us_china_chips_2022,70659,153,25,2,0,5,167,23,-1390.0821935061185,870.0
20250831,us_china_tariffs_2025,70659,344,70,12,0,10,2985,138,-2510.9101902384346,1974.0
20250901,china_japan_2025,103230,171,22,1,0,3,331,3,-824.8717748414131,1813.0
20250901,china_japan_seafood_2023,103230,171,22,1,0,3,331,7,-824.8717748414131,1813.0
20250901,india_pakistan_2025,103230,30,10,0,0,2,743,272,-195.1688648707436,81.0
20250901,israel_iran_2025,103230,78,35,14,0,17,1250,117,-5151.702936381793,799.0
20250901,north_korea,103230,39,17,8,0,0,9,72,-1305.7092649079295,399.0
20250901,russia_ukraine_2022,103230,619,258,44,0,148,415,250,-18637.453677926507,8772.0
20250901,south_china_sea_ph,103230,25,12,3,0,0,89,6,-380.10614869942725,102.0
20250901,taiwan_strait,103230,279,71,15,0,10,20,53,-2318.9850868816497,2115.0
20250901,thailand_cambodia_2025,103230,63,25,3,0,19,114,27,-423.4446311826608,221.0
20250901,us_china_chips_2022,103230,252,62,22,0,26,243,39,-689.4917908347088,2681.0
20250901,us_china_tariffs_2025,103230,496,125,32,0,35,3368,258,-2689.238555743919,4609.0
20250902,china_japan_2025,128034,197,29,5,0,18,478,5,217.26695293478488,3135.0
20250902,china_japan_seafood_2023,128034,197,29,5,0,18,478,13,217.26695293478488,3135.0
20250902,india_pakistan_2025,128034,19,8,2,0,3,928,281,-208.9395595087968,44.0
20250902,israel_iran_2025,128034,91,43,17,1,20,1055,130,-2313.9094570923207,626.0
20250902,north_korea,128034,58,12,2,0,5,74,165,-123.36680935321475,196.0
20250902,russia_ukraine_2022,128034,610,240,35,1,108,320,200,-10082.756613087477,4566.0
20250902,south_china_sea_ph,128034,18,7,3,0,0,91,10,-256.2348229186937,119.0
20250902,taiwan_strait,128034,314,66,9,0,22,32,73,-3648.4544336124854,2569.0
20250902,thailand_cambodia_2025,128034,65,45,4,0,30,115,20,-1409.3275305498319,234.0
20250902,us_china_chips_2022,128034,277,84,36,0,38,329,84,-2553.5971586173773,2293.0
20250902,us_china_tariffs_2025,128034,529,132,45,0,53,6121,219,-4678.156942924386,4458.0
20250903,china_japan_2025,143318,222,18,5,0,10,605,1,-2037.0130551426864,4722.0
20250903,china_japan_seafood_2023,143318,222,18,5,0,10,605,17,-2037.0130551426864,4722.0
20250903,india_pakistan_2025,143318,34,16,0,0,3,1052,285,-1736.0864975951313,236.0
20250903,israel_iran_2025,143318,83,33,7,0,23,1025,114,-1233.165645240821,390.0
20250903,north_korea,143318,65,10,0,0,0,61,191,5.342887786474709,351.0
20250903,russia_ukraine_2022,143318,673,255,44,1,128,332,252,-10227.52586930327,3940.0
20250903,south_china_sea_ph,143318,8,4,3,0,3,87,3,-119.56166203358629,35.0
20250903,taiwan_strait,143318,411,116,42,0,32,40,49,-5826.271239692386,3389.0
20250903,thailand_cambodia_2025,143318,67,25,1,0,12,116,33,-9885.487154230053,1892.0
20250903,us_china_chips_2022,143318,396,142,60,0,68,484,62,-6506.054963873934,3678.0
20250903,us_china_tariffs_2025,143318,759,245,96,0,95,7741,225,-11510.534344612974,6761.0
20250904,china_japan_2025,141747,148,21,3,0,17,360,1,2482.951684318773,2663.0
20250904,china_japan_seafood_2023,141747,148,21,3,0,17,360,9,2482.951684318773,2663.0
20250904,india_pakistan_2025,141747,19,9,0,0,1,933,238,-198.2232417231362,46.0
20250904,israel_iran_2025,141747,71,38,2,0,28,1155,102,-1069.2217214162608,270.0
20250904,north_korea,141747,52,10,4,0,6,33,113,-253.5299011563835,394.0
20250904,russia_ukraine_2022,141747,628,218,37,0,122,273,369,-6941.084197812522,4048.0
20250904,south_china_sea_ph,141747,38,9,0,0,2,95,8,-251.7866401338725,141.0
20250904,taiwan_strait,141747,341,78,20,0,19,27,50,-4313.536151293094,1969.0
20250904,thailand_cambodia_2025,141747,66,31,10,0,16,83,28,-1458.2368257843266,278.0
20250904,us_china_chips_2022,141747,301,58,26,0,26,294,43,-5544.301799203951,2081.0
20250904,us_china_tariffs_2025,141747,609,124,42,0,45,7779,267,-9769.23912053147,3902.0
20250905,china_japan_2025,127598,116,8,2,0,4,339,0,-110.6353976437,1580.0
20250905,china_japan_seafood_2023,127598,116,8,2,0,4,339,15,-110.6353976437,1580.0
20250905,india_pakistan_2025,127598,58,35,5,0,9,768,210,-1298.9309132198764,266.0
20250905,israel_iran_2025,127598,92,55,8,0,31,936,93,-1701.1548111802863,373.0
20250905,north_korea,127598,39,15,3,0,9,37,67,-414.917440141905,176.0
20250905,russia_ukraine_2022,127598,765,251,56,0,120,254,331,-9271.171033848726,5420.0
20250905,south_china_sea_ph,127598,19,5,3,0,1,71,9,-394.8382377221484,92.0
20250905,taiwan_strait,127598,282,51,18,0,11,19,47,-1618.0319034737113,1738.0
20250905,thailand_cambodia_2025,127598,88,51,3,0,23,122,24,-2023.933752187184,449.0
20250905,us_china_chips_2022,127598,235,46,16,0,15,273,65,-2283.39217791488,1253.0
20250905,us_china_tariffs_2025,127598,486,90,31,0,25,7088,249,-3633.228030806716,2857.0
20250906,china_japan_2025,79967,46,9,2,0,7,242,0,1126.7306825222524,715.0
20250906,china_japan_seafood_2023,79967,46,9,2,0,7,242,10,1126.7306825222524,715.0
20250906,india_pakistan_2025,79967,20,15,8,0,6,761,185,-280.64398620597166,66.0
20250906,israel_iran_2025,79967,80,40,4,0,26,913,88,-2804.808177627596,668.0
20250906,north_korea,79967,19,6,5,0,4,37,30,-208.49366121861905,72.0
20250906,russia_ukraine_2022,79967,391,138,36,0,79,205,148,-4764.539830971039,2866.0
20250906,south_china_sea_ph,79967,17,7,1,0,2,48,1,-795.3355416435853,117.0
20250906,taiwan_strait,79967,140,33,5,0,14,17,42,-1255.3685979743718,938.0
20250906,thailand_cambodia_2025,79967,64,20,3,0,6,74,15,-813.6005114331713,247.0
20250906,us_china_chips_2022,79967,124,37,12,0,17,188,27,-338.20773617174024,515.0
20250906,us_china_tariffs_2025,79967,236,58,16,0,26,4285,106,-949.505888717804,1151.0
20250907,china_japan_2025,68458,21,3,0,0,2,183,0,-45.426831764956916,120.0
20250907,china_japan_seafood_2023,68458,21,3,0,0,2,183,3,-45.426831764956916,120.0
20250907,india_pakistan_2025,68458,7,4,0,0,2,588,137,-55.119133381415296,24.0
20250907,israel_iran_2025,68458,86,47,4,0,27,996,68,-1479.7752745411497,324.0
20250907,north_korea,68458,24,2,0,0,2,23,14,184.5694148970456,188.0
20250907,russia_ukraine_2022,68458,553,318,43,0,223,514,241,-50632.59725752713,8997.0
20250907,south_china_sea_ph,68458,4,0,0,0,0,46,3,-65.33559898045873,14.0
20250907,taiwan_strait,68458,127,27,6,0,15,22,51,-608.1937031631289,662.0
20250907,thailand_cambodia_2025,68458,74,24,5,0,0,20,21,250.0266826920899,531.0
20250907,us_china_chips_2022,68458,71,10,2,0,6,151,21,-350.07461364087686,483.0
20250907,us_china_tariffs_2025,68458,155,25,5,0,15,2871,82,-822.1262560375576,1008.0
20250908,china_japan_2025,120726,60,18,7,0,6,267,1,26.481405846829993,631.0
20250908,china_japan_seafood_2023,120726,60,18,7,0,6,267,14,26.481405846829993,631.0
20250908,india_pakistan_2025,120726,28,25,4,0,22,893,249,-1085.42883790418,158.0
20250908,israel_iran_2025,120726,85,49,12,0,29,1540,112,-1121.055732159405,304.0
20250908,north_korea,120726,23,6,6,0,4,10,15,-264.8675805810859,79.0
20250908,russia_ukraine_2022,120726,599,315,62,0,190,502,214,-19720.183362111668,4137.0
20250908,south_china_sea_ph,120726,14,2,0,0,0,93,5,-574.4324914609559,138.0
20250908,taiwan_strait,120726,202,68,10,0,23,30,57,-2771.832467827302,1128.0
20250908,thailand_cambodia_2025,120726,72,16,2,0,5,62,27,-1263.0478421673038,370.0
20250908,us_china_chips_2022,120726,139,32,13,0,13,203,45,-706.3308503061689,797.0
20250908,us_china_tariffs_2025,120726,309,87,23,0,28,6090,229,-3207.0910199260607,1773.0
20250909,china_japan_2025,141676,53,15,5,0,13,366,1,1062.6468752680041,678.0
20250909,china_japan_seafood_2023,141676,53,15,5,0,13,366,12,1062.6468752680041,678.0
20250909,india_pakistan_2025,141676,46,9,4,0,5,1016,276,-903.3305055731026,248.0
20250909,israel_iran_2025,141676,131,63,10,0,40,1798,150,-3355.0023902256316,753.0
20250909,north_korea,141676,19,6,2,0,2,13,34,16.827486408899848,99.0
20250909,russia_ukraine_2022,141676,458,207,29,0,154,517,205,-21654.294139506394,6748.0
20250909,south_china_sea_ph,141676,11,8,2,0,6,66,1,-13.625121061402853,36.0
20250909,taiwan_strait,141676,173,45,10,0,18,9,59,-1462.978631695442,1232.0
20250909,thailand_cambodia_2025,141676,62,23,8,0,13,151,32,-146.57232517839108,271.0
20250909,us_china_chips_2022,141676,164,38,11,0,11,289,44,-1931.7259485051718,1281.0
20250909,us_china_tariffs_2025,141676,302,74,19,0,25,7266,168,-3096.584322516151,2366.0
20250910,china_japan_2025,147352,58,13,1,0,4,383,0,-1049.739221032556,506.0
20250910,china_japan_seafood_2023,147352,58,13,1,0,4,383,21,-1049.739221032556,506.0
20250910,india_pakistan_2025,147352,21,3,0,0,1,880,203,-673.280452083081,452.0
20250910,israel_iran_2025,147352,171,69,8,0,44,1776,142,-4576.546475003665,1243.0
20250910,north_korea,147352,14,6,4,0,3,15,14,-246.30002448861083,83.0
20250910,russia_ukraine_2022,147352,625,333,50,0,201,792,294,-26549.17009278536,4997.0
20250910,south_china_sea_ph,147352,41,22,0,0,5,88,17,-260.1077749082147,169.0
20250910,taiwan_strait,147352,246,62,20,0,14,25,48,-1599.3511446081823,1183.0
20250910,thailand_cambodia_2025,147352,64,19,3,0,13,120,34,-614.6484000023652,322.0
20250910,us_china_chips_2022,147352,229,41,16,0,14,301,40,-2023.4939123148283,1262.0
20250910,us_china_tariffs_2025,147352,447,98,36,0,27,8133,219,-3454.8565395382857,2303.0
20250911,china_japan_2025,146771,54,11,0,0,3,370,0,-821.0637870976423,556.0
20250911,china_japan_seafood_2023,146771,54,11,0,0,3,370,13,-821.0637870976423,556.0
20250911,india_pakistan_2025,146771,36,15,11,0,10,976,215,-849.873295379177,218.0
20250911,israel_iran_2025,146771,112,53,13,0,28,1560,84,-6739.046500788533,1270.0
20250911,north_korea,146771,14,2,0,0,2,15,13,-211.8606334918523,66.0
20250911,russia_ukraine_2022,146771,457,237,41,0,136,522,173,-11099.13996936202,2414.0
20250911,south_china_sea_ph,146771,53,33,2,0,7,85,33,-1521.932945869752,482.0
20250911,taiwan_strait,146771,238,74,36,0,18,25,55,-3642.703585222285,1677.0
20250911,thailand_cambodia_2025,146771,52,15,7,0,13,100,33,-305.5417009369401,200.0
20250911,us_china_chips_2022,146771,200,56,28,0,29,282,42,-2069.0116283169277,1408.0
20250911,us_china_tariffs_2025,146771,396,114,54,0,47,10107,111,-4040.2792213719285,2601.0
20250912,china_japan_2025,136245,36,10,1,0,9,347,0,-475.97377194204523,379.0
20250912,china_japan_seafood_2023,136245,36,10,1,0,9,347,8,-475.97377194204523,379.0
20250912,india_pakistan_2025,136245,36,8,0,0,2,942,223,-365.6781588089824,114.0
20250912,israel_iran_2025,136245,85,35,10,0,14,1193,108,-1333.3629284192289,363.0
20250912,north_korea,136245,8,5,1,0,4,16,59,-59.65757153548307,27.0
20250912,russia_ukraine_2022,136245,492,225,54,0,105,384,201,-25530.40809567622,5740.0
20250912,south_china_sea_ph,136245,39,26,5,0,0,70,18,-606.5210277775228,206.0
20250912,taiwan_strait,136245,239,64,17,0,23,37,113,-2483.6235243407887,1398.0
20250912,thailand_cambodia_2025,136245,59,11,0,0,4,49,15,-658.5949268935997,210.0
20250912,us_china_chips_2022,136245,181,40,20,0,16,252,36,-2028.4611799209076,1002.0
20250912,us_china_tariffs_2025,136245,348,77,31,0,33,8824,129,-4024.9388840277475,2045.0
20250913,china_japan_2025,82138,16,6,2,0,2,204,1,-249.27317878860038,77.0
20250913,china_japan_seafood_2023,82138,16,6,2,0,2,204,5,-249.27317878860038,77.0
20250913,india_pakistan_2025,82138,34,22,5,0,5,974,251,-1580.6022040739238,242.0
20250913,israel_iran_2025,82138,54,10,2,0,2,881,57,-552.2458025900705,156.0
20250913,north_korea,82138,1,1,1,0,0,13,21,18.93939393939395,5.0
20250913,russia_ukraine_2022,82138,357,178,30,2,92,218,144,-18032.710281592525,4571.0
20250913,south_china_sea_ph,82138,40,24,6,0,4,80,15,-465.03787689929334,178.0
20250913,taiwan_strait,82138,179,45,17,0,12,19,49,-1863.1360241433035,1205.0
20250913,thailand_cambodia_2025,82138,41,12,4,0,8,55,13,-698.219988153288,255.0
20250913,us_china_chips_2022,82138,153,53,25,2,15,137,30,-1913.06602890894,808.0
20250913,us_china_tariffs_2025,82138,288,94,39,2,27,5138,112,-3517.4293869733983,1736.0
20250914,china_japan_2025,67044,28,6,2,0,1,179,0,-740.4693621078709,262.0
20250914,china_japan_seafood_2023,67044,28,6,2,0,1,179,1,-740.4693621078709,262.0
20250914,india_pakistan_2025,67044,21,4,0,0,0,544,156,-240.51280125860785,87.0
20250914,israel_iran_2025,67044,55,26,4,0,10,946,52,-814.3727547953022,162.0
20250914,north_korea,67044,50,46,13,0,15,16,28,-751.1763007161862,175.0
20250914,russia_ukraine_2022,67044,384,177,11,0,122,263,116,-17710.417861131264,3251.0
20250914,south_china_sea_ph,67044,25,19,13,0,4,42,23,-1730.345415610472,442.0
20250914,taiwan_strait,67044,147,20,2,0,1,9,29,-1872.3172089960153,1183.0
20250914,thailand_cambodia_2025,67044,19,15,0,0,10,48,11,-280.2153993356576,75.0
20250914,us_china_chips_2022,67044,160,46,21,0,11,137,34,-3186.8667431729987,1633.0
20250914,us_china_tariffs_2025,67044,298,65,23,0,12,3569,88,-5081.207101269195,2769.0
20250915,china_japan_2025,121690,29,1,0,0,1,343,0,-179.91499690045026,268.0
20250915,china_japan_seafood_2023,121690,29,1,0,0,1,343,19,-179.91499690045026,268.0
20250915,india_pakistan_2025,121690,12,6,0,0,3,768,184,-70.57818598549179,50.0
20250915,israel_iran_2025,121690,86,55,11,0,34,1316,103,-1501.0167395492756,364.0
20250915,north_korea,121690,46,24,7,0,9,23,32,-3345.6916106563117,895.0
20250915,russia_ukraine_2022,121690,429,217,54,0,130,347,150,-9751.2335480796,2579.0
20250915,south_china_sea_ph,121690,22,19,2,0,2,70,10,-250.1150042378602,79.0
20250915,taiwan_strait,121690,457,117,19,2,30,22,50,-18762.593930498864,9833.0
20250915,thailand_cambodia_2025,121690,44,4,0,0,0,42,18,-194.6641196645384,238.0
20250915,us_china_chips_2022,121690,465,101,44,0,49,275,40,-8349.753524516902,7945.0
20250915,us_china_tariffs_2025,121690,889,209,63,2,77,6412,117,-26547.274620710938,17573.0
20250916,china_japan_2025,136471,48,4,0,0,3,346,1,-1870.6419537913143,596.0
20250916,china_japan_seafood_2023,136471,48,4,0,0,3,346,16,-1870.6419537913143,596.0
20250916,india_pakistan_2025,136471,19,12,0,0,8,840,267,-122.61723804916116,61.0
20250916,israel_iran_2025,136471,50,24,8,0,8,1336,107,-789.7956747579641,181.0
20250916,north_korea,136471,27,8,1,0,0,12,21,-352.151764014101,145.0
20250916,russia_ukraine_2022,136471,401,154,36,2,94,281,144,-12632.083652591948,3124.0
20250916,south_china_sea_ph,136471,145,116,7,0,44,153,38,-14562.22934658522,2921.0
20250916,taiwan_strait,136471,311,55,17,0,10,29,52,-2495.9444419601186,2238.0
20250916,thailand_cambodia_2025,136471,54,15,2,0,6,59,20,-360.9104170858164,256.0
20250916,us_china_chips_2022,136471,338,81,31,0,38,267,31,-1947.5192245712758,2363.0
20250916,us_china_tariffs_2025,136471,620,127,45,0,46,8100,136,-4154.1251906693815,4473.0
20250917,china_japan_2025,136649,63,8,3,0,3,387,0,-645.3345313141917,527.0
20250917,china_japan_seafood_2023,136649,63,8,3,0,3,387,13,-645.3345313141917,527.0
20250917,india_pakistan_2025,136649,46,10,3,0,4,883,266,-476.8065618660194,206.0
20250917,israel_iran_2025,136649,91,39,4,0,18,1206,152,-2531.409486019456,564.0
20250917,north_korea,136649,25,4,0,0,0,4,4,-214.04304807482606,94.0
20250917,russia_ukraine_2022,136649,373,110,34,2,56,220,126,-4861.924905306381,1822.0
20250917,south_china_sea_ph,136649,128,90,9,0,33,100,20,-2407.6655498652126,678.0
20250917,taiwan_strait,136649,319,85,33,2,35,42,77,-5215.35092621253,3294.0
20250917,thailand_cambodia_2025,136649,141,69,26,0,40,112,29,-14527.850653659862,1539.0
20250917,us_china_chips_2022,136649,303,91,38,1,40,304,84,-3499.349712696837,2145.0
20250917,us_china_tariffs_2025,136649,603,166,69,3,66,8040,148,-8738.668637834684,5324.0
20250918,china_japan_2025,136307,82,16,5,0,3,331,2,-7584.202350288168,1383.0
20250918,china_japan_seafood_2023,136307,82,16,5,0,3,331,7,-7584.202350288168,1383.0
20250918,india_pakistan_2025,136307,64,23,3,0,15,1109,349,12.759366339216626,380.0
20250918,israel_iran_2025,136307,108,49,14,0,20,1527,111,-4263.513643999394,848.0
20250918,north_korea,136307,20,10,1,0,7,11,18,-547.4901352334055,90.0
20250918,russia_ukraine_2022,136307,491,215,53,0,119,329,166,-16356.365084949697,3818.0
20250918,south_china_sea_ph,136307,14,12,2,0,2,103,7,-161.57109353037248,55.0
20250918,taiwan_strait,136307,256,90,36,0,32,28,84,-3383.8584776393673,1734.0
20250918,thailand_cambodia_2025,136307,238,143,26,0,63,146,48,-17759.851785348546,1878.0
20250918,us_china_chips_2022,136307,199,51,26,1,24,255,88,-1580.9785178906104,1267.0
20250918,us_china_tariffs_2025,136307,404,115,54,1,46,7747,118,-4298.309013941656,2733.0
20250919,china_japan_2025,131662,69,16,7,0,5,325,1,-1527.3620635636573,413.0
20250919,china_japan_seafood_2023,131662,69,16,7,0,5,325,8,-1527.3620635636573,413.0
20250919,india_pakistan_2025,131662,60,27,9,0,9,1022,382,-632.462546564793,178.0
20250919,israel_iran_2025,131662,122,81,18,0,16,1042,176,-7400.112114165748,1951.0
20250919,north_korea,131662,17,6,0,0,5,23,22,-28.6243208476025,39.0
20250919,russia_ukraine_2022,131662,357,145,27,2,81,252,156,-6460.330098707402,2551.0
20250919,south_china_sea_ph,131662,12,6,0,0,0,82,7,-7647.0107369760035,892.0
20250919,taiwan_strait,131662,378,92,22,0,25,29,90,-2099.9799287335363,6158.0
20250919,thailand_cambodia_2025,131662,128,62,11,0,24,125,24,-2316.6387624141207,420.0
20250919,us_china_chips_2022,131662,371,87,30,0,23,241,53,-900.7093339261057,5151.0
20250919,us_china_tariffs_2025,131662,702,167,52,0,48,7052,104,-2873.4804753661956,11072.0
20250920,china_japan_2025,80023,14,3,1,0,0,202,0,150.13778539275327,189.0
20250920,china_japan_seafood_2023,80023,14,3,1,0,0,202,5,150.13778539275327,189.0
20250920,india_pakistan_2025,80023,32,10,6,0,7,866,214,-451.14392250118635,122.0
20250920,israel_iran_2025,80023,43,30,6,0,17,838,95,-1078.504912611307,283.0
20250920,north_korea,80023,4,3,0,0,3,7,3,-80.29925187032421,14.0
20250920,russia_ukraine_2022,80023,407,236,58,3,161,359,155,-29895.93158760098,5642.0
20250920,south_china_sea_ph,80023,7,6,0,0,6,54,9,-154.98266731676836,44.0
20250920,taiwan_strait,80023,204,68,24,0,22,6,52,-4196.26862795317,4120.0
20250920,thailand_cambodia_2025,80023,70,35,2,0,13,48,14,-1057.956560969122,230.0
20250920,us_china_chips_2022,80023,153,42,23,0,20,164,21,-1403.9599133582442,2543.0
20250920,us_china_tariffs_2025,80023,340,103,45,0,42,4244,31,-5216.106523363114,6474.0
20250921,china_japan_2025,71464,35,3,0,0,0,217,1,-78.33741654408223,189.0
20250921,china_japan_seafood_2023,71464,35,3,0,0,0,217,3,-78.33741654408223,189.0
20250921,india_pakistan_2025,71464,19,16,1,0,7,750,182,-237.18059473968614,48.0
20250921,israel_iran_2025,71464,48,19,3,0,14,959,66,-1287.3078757737378,232.0
20250921,north_korea,71464,5,1,1,0,1,6,8,-51.6590801538864,16.0
20250921,russia_ukraine_2022,71464,208,109,30,0,72,182,67,-7229.864164400149,2189.0
20250921,south_china_sea_ph,71464,4,2,0,0,0,131,4,-31.147540983606604,20.0
20250921,taiwan_strait,71464,143,50,9,0,16,11,40,-2444.397789905192,2066.0
20250921,thailand_cambodia_2025,71464,50,22,5,0,11,41,13,-1368.05088143975,177.0
20250921,us_china_chips_2022,71464,131,41,20,0,12,175,13,-3543.1548598924956,2950.0
20250921,us_china_tariffs_2025,71464,244,75,27,0,28,3070,34,-5269.380482098096,4558.0
20250922,china_japan_2025,125017,31,3,0,0,1,325,2,310.7412679068561,436.0
20250922,china_japan_seafood_2023,125017,31,3,0,0,1,325,11,310.7412679068561,436.0
20250922,india_pakistan_2025,125017,10,1,0,0,1,947,241,-44.876146030096436,20.0
20250922,israel_iran_2025,125017,102,47,7,0,24,1229,128,-2742.2263458487855,752.0
20250922,north_korea,125017,98,20,2,0,3,17,56,-904.2896239010418,635.0
20250922,russia_ukraine_2022,125017,447,205,29,3,117,348,150,-13087.573910171846,3588.0
20250922,south_china_sea_ph,125017,17,8,2,0,4,260,9,-149.4744236443363,95.0
20250922,taiwan_strait,125017,260,66,20,0,21,33,71,-1394.6653190232369,1666.0
20250922,thailand_cambodia_2025,125017,57,31,2,0,5,58,14,-892.2901197291993,243.0
20250922,us_china_chips_2022,125017,264,56,39,0,18,286,41,-2174.945933893869,3528.0
20250922,us_china_tariffs_2025,125017,482,102,53,0,32,5649,110,-3086.626470406824,4970.0
20250923,china_japan_2025,137930,20,6,3,0,0,302,0,-152.8948838386452,125.0
20250923,china_japan_seafood_2023,137930,20,6,3,0,0,302,10,-152.8948838386452,125.0
20250923,india_pakistan_2025,137930,18,10,2,0,4,875,257,23.195831394304506,44.0
20250923,israel_iran_2025,137930,184,47,8,0,21,996,139,-5666.986416893838,1624.0
20250923,north_korea,137930,16,4,0,0,0,10,13,-100.20586890987056,106.0
20250923,russia_ukraine_2022,137930,631,218,46,0,137,375,250,-23033.73457147461,5808.0
20250923,south_china_sea_ph,137930,30,14,5,0,8,273,10,-745.2014079443858,221.0
20250923,taiwan_strait,137930,296,57,21,0,10,33,78,-3030.2132416340646,2264.0
20250923,thailand_cambodia_2025,137930,76,43,3,0,17,65,17,-1295.6639565317187,244.0
20250923,us_china_chips_2022,137930,289,68,39,0,23,244,41,-3526.4261148378437,2868.0
20250923,us_china_tariffs_2025,137930,547,112,52,0,31,6094,116,-6383.365544222992,4888.0
20250924,china_japan_2025,139970,38,13,5,0,3,344,0,-1877.933977733882,616.0
20250924,china_japan_seafood_2023,139970,38,13,5,0,3,344,12,-1877.933977733882,616.0
20250924,india_pakistan_2025,139970,43,15,4,0,7,1000,288,-446.4400827379572,116.0
20250924,israel_iran_2025,139970,253,98,21,0,40,1103,255,-9250.485415403964,2747.0
20250924,north_korea,139970,26,1,1,0,1,7,20,-41.636869532970564,82.0
20250924,russia_ukraine_2022,139970,832,327,55,0,160,398,428,-24610.9373558916,8238.0
20250924,south_china_sea_ph,139970,11,5,3,0,1,145,5,-157.5409194700123,34.0
20250924,taiwan_strait,139970,286,58,23,1,22,52,130,-4060.5057103950076,2268.0
20250924,thailand_cambodia_2025,139970,60,44,3,0,27,99,12,-1547.9293330178284,551.0
20250924,us_china_chips_2022,139970,258,53,19,0,20,280,51,-2207.331166458018,2182.0
20250924,us_china_tariffs_2025,139970,490,98,41,1,38,6561,106,-5017.317395236596,4112.0
20250925,china_japan_2025,142043,24,9,1,0,0,310,2,2.060960908349145,73.0
20250925,china_japan_seafood_2023,142043,24,9,1,0,0,310,9,2.060960908349145,73.0
20250925,india_pakistan_2025,142043,26,12,10,0,7,813,230,-118.42336855796032,95.0
20250925,israel_iran_2025,142043,167,68,19,0,33,1337,150,-4962.728953304121,1244.0
20250925,north_korea,142043,16,6,0,0,1,19,32,-1690.4082868475832,566.0
20250925,russia_ukraine_2022,142043,559,190,40,0,85,253,245,-13854.47178840142,4189.0
20250925,south_china_sea_ph,142043,53,6,0,0,0,107,7,-386.9335065472564,194.0
20250925,taiwan_strait,142043,300,48,9,0,17,47,87,-2639.943900011038,2079.0
20250925,thailand_cambodia_2025,142043,94,23,1,0,11,65,24,-2430.162387931574,634.0
20250925,us_china_chips_2022,142043,281,47,21,2,22,218,57,-1950.6380722273746,2629.0
20250925,us_china_tariffs_2025,142043,529,81,27,2,34,6804,110,-3512.97640042902,4343.0
20250926,china_japan_2025,132809,27,5,0,0,3,345,1,-193.53662549119505,122.0
20250926,china_japan_seafood_2023,132809,27,5,0,0,3,345,15,-193.53662549119505,122.0
20250926,india_pakistan_2025,132809,55,25,11,0,9,981,276,-535.8797931781745,205.0
20250926,israel_iran_2025,132809,207,95,22,0,31,1195,178,-4658.216369833185,1271.0
20250926,north_korea,132809,26,14,0,0,1,13,30,-414.13906336237005,116.0
20250926,russia_ukraine_2022,132809,490,196,49,0,91,233,154,-10679.51004385098,2310.0
20250926,south_china_sea_ph,132809,33,17,0,0,2,72,8,-463.1058529853254,145.0
20250926,taiwan_strait,132809,301,54,22,1,22,33,82,-2003.2559911882345,3108.0
20250926,thailand_cambodia_2025,132809,58,30,4,0,15,41,16,-656.8443766010205,198.0
20250926,us_china_chips_2022,132809,251,46,31,1,14,270,41,-518.169212427731,1739.0
20250926,us_china_tariffs_2025,132809,512,90,47,2,31,6654,340,-2103.1588878294174,4579.0
20250927,china_japan_2025,84609,40,5,5,0,4,161,0,-551.2837388312669,243.0
20250927,china_japan_seafood_2023,84609,40,5,5,0,4,161,6,-551.2837388312669,243.0
20250927,india_pakistan_2025,84609,49,31,4,0,19,1090,337,-1306.1587427359448,214.0
20250927,israel_iran_2025,84609,173,92,30,0,35,994,215,-10282.625188534417,2495.0
20250927,north_korea,84609,15,3,2,0,0,3,20,11.31149768294468,78.0
20250927,russia_ukraine_2022,84609,306,142,26,0,74,186,111,-10494.809853193687,2660.0
20250927,south_china_sea_ph,84609,5,3,0,0,0,57,1,-11.167185654461461,22.0
20250927,taiwan_strait,84609,137,29,10,0,6,18,40,-545.587574102648,585.0
20250927,thailand_cambodia_2025,84609,65,30,0,0,17,55,18,-1289.0340992059735,266.0
20250927,us_china_chips_2022,84609,107,33,21,1,11,121,17,-850.477651524366,529.0
20250927,us_china_tariffs_2025,84609,218,52,28,1,16,4383,84,-1182.2371612192862,1019.0
20250928,china_japan_2025,68387,23,4,4,0,3,173,0,-50.215966194401574,298.0
20250928,china_japan_seafood_2023,68387,23,4,4,0,3,173,6,-50.215966194401574,298.0
20250928,india_pakistan_2025,68387,21,11,2,0,5,687,207,-270.1863140291432,42.0
20250928,israel_iran_2025,68387,150,80,18,0,46,832,203,-9090.301578230496,1838.0
20250928,north_korea,68387,13,6,1,0,1,3,9,-62.2025702406936,68.0
20250928,russia_ukraine_2022,68387,339,192,21,0,135,282,140,-29240.28868570517,5037.0
20250928,south_china_sea_ph,68387,15,4,0,0,0,58,4,-13.273549497075699,35.0
20250928,taiwan_strait,68387,104,27,11,0,17,9,37,-424.7827880035099,624.0
20250928,thailand_cambodia_2025,68387,40,30,0,0,13,44,12,-563.7148726024154,146.0
20250928,us_china_chips_2022,68387,70,14,6,0,7,144,16,0.26099108267853666,362.0
20250928,us_china_tariffs_2025,68387,139,29,14,0,16,3395,52,-239.11882525172604,849.0
20250929,china_japan_2025,119195,35,4,0,0,1,321,2,90.84610899205211,307.0
20250929,china_japan_seafood_2023,119195,35,4,0,0,1,321,13,90.84610899205211,307.0
20250929,india_pakistan_2025,119195,36,17,4,0,6,852,223,-298.76150137981944,74.0
20250929,israel_iran_2025,119195,188,117,11,0,47,1120,167,-11374.893507671257,1757.0
20250929,north_korea,119195,34,5,2,0,1,17,38,215.9001592986335,273.0
20250929,russia_ukraine_2022,119195,402,187,45,0,113,301,182,-9873.530557901518,2625.0
20250929,south_china_sea_ph,119195,8,4,2,0,2,52,4,-56.649042014895855,27.0
20250929,taiwan_strait,119195,209,52,20,2,19,32,58,-1131.2253229138937,1051.0
20250929,thailand_cambodia_2025,119195,48,24,3,0,10,54,18,-1250.0697637701749,294.0
20250929,us_china_chips_2022,119195,184,50,21,0,26,262,51,-1090.8816648186557,833.0
20250929,us_china_tariffs_2025,119195,340,89,38,2,39,6473,107,-1920.2614497976665,1633.0
20250930,china_japan_2025,132923,28,1,0,0,1,423,1,184.30471332599086,367.0
20250930,china_japan_seafood_2023,132923,28,1,0,0,1,423,10,184.30471332599086,367.0
20250930,india_pakistan_2025,132923,18,7,0,0,2,1003,267,-223.8321082139389,39.0
20250930,israel_iran_2025,132923,191,68,31,0,45,1167,174,-21813.689660288102,4106.0
20250930,north_korea,132923,39,1,0,0,1,25,32,-0.7710100413950803,85.0
20250930,russia_ukraine_2022,132923,446,241,36,0,145,392,188,-10021.452959261522,2823.0
20250930,south_china_sea_ph,132923,8,6,0,0,3,59,9,-62.97223656999985,28.0
20250930,taiwan_strait,132923,183,64,12,0,18,19,56,-908.7141958697323,1035.0
20250930,thailand_cambodia_2025,132923,104,69,8,0,37,129,32,-2652.009600477273,671.0
20250930,us_china_chips_2022,132923,146,50,19,1,12,365,56,-423.8617769602937,745.0
20250930,us_china_tariffs_2025,132923,283,98,30,1,22,6970,131,-964.7924048054764,1555.0
20251001,china_japan_2025,131214,29,4,0,0,4,317,0,-450.6671385091998,258.0
20251001,china_japan_seafood_2023,131214,29,4,0,0,4,317,7,-450.6671385091998,258.0
20251001,india_pakistan_2025,131214,16,14,1,0,7,923,238,-660.0651418717448,140.0
20251001,israel_iran_2025,131214,68,27,6,0,22,1215,90,-1785.790024419908,399.0
20251001,north_korea,131214,34,2,0,0,0,18,18,-14.184865541992249,104.0
20251001,russia_ukraine_2022,131214,414,189,29,0,92,256,164,-9506.715814561467,4562.0
20251001,south_china_sea_ph,131214,12,7,2,0,6,80,11,-254.658264890167,90.0
20251001,taiwan_strait,131214,231,71,19,0,31,32,92,326.92170620905347,2508.0
20251001,thailand_cambodia_2025,131214,92,35,10,0,20,82,26,-1627.5438276874422,374.0
20251001,us_china_chips_2022,131214,210,33,10,0,15,244,90,-1353.2370765601472,1158.0
20251001,us_china_tariffs_2025,131214,407,85,24,0,35,6371,106,635.4218910612931,3296.0
20251002,china_japan_2025,130029,13,0,0,0,0,207,2,8.916997462705766,36.0
20251002,china_japan_seafood_2023,130029,13,0,0,0,0,207,7,8.916997462705766,36.0
20251002,india_pakistan_2025,130029,62,24,14,0,16,1024,335,-769.1897725863046,373.0
20251002,israel_iran_2025,130029,98,44,21,0,18,1495,97,-1229.6917874099017,467.0
20251002,north_korea,130029,67,13,3,0,3,19,19,-203.93836311421927,213.0
20251002,russia_ukraine_2022,130029,531,205,61,0,96,245,214,-18868.814135074455,4054.0
20251002,south_china_sea_ph,130029,8,3,0,0,1,68,4,-52.864325387668515,122.0
20251002,taiwan_strait,130029,178,60,15,0,18,20,77,-1422.1816474021302,1760.0
20251002,thailand_cambodia_2025,130029,41,11,0,0,2,77,24,-408.60919908154295,172.0
20251002,us_china_chips_2022,130029,156,46,23,2,23,165,49,-347.54849267776956,958.0
20251002,us_china_tariffs_2025,130029,299,86,34,2,37,5873,94,-862.5352658114605,2459.0
20251003,china_japan_2025,126903,7,3,3,0,0,239,1,-9.00809746729854,20.0
20251003,china_japan_seafood_2023,126903,7,3,3,0,0,239,5,-9.00809746729854,20.0
20251003,india_pakistan_2025,126903,68,29,17,0,12,1019,344,-904.2868796788304,232.0
20251003,israel_iran_2025,126903,58,26,8,0,14,1343,85,-3687.4282734677195,459.0
20251003,north_korea,126903,9,1,0,0,0,13,16,-39.17518669299456,30.0
20251003,russia_ukraine_2022,126903,532,240,70,0,113,252,179,-13928.416203517556,3013.0
20251003,south_china_sea_ph,126903,9,5,0,0,1,33,6,-18.413704540154537,37.0
20251003,taiwan_strait,126903,133,27,6,0,11,27,58,-720.0705735832895,739.0
20251003,thailand_cambodia_2025,126903,86,58,23,1,49,180,42,-7082.0066680032405,1052.0
20251003,us_china_chips_2022,126903,176,53,11,0,13,179,49,-862.3096333938478,680.0
20251003,us_china_tariffs_2025,126903,288,78,16,0,23,6167,96,-1484.8237308956052,1326.0
20251004,china_japan_2025,77451,23,2,0,0,0,168,45,-131.04243146331228,67.0
20251004,china_japan_seafood_2023,77451,23,2,0,0,0,168,6,-131.04243146331228,67.0
20251004,india_pakistan_2025,77451,42,19,4,0,7,735,241,-1092.1248366248285,163.0
20251004,israel_iran_2025,77451,63,34,9,0,19,1135,61,-2354.465369583221,421.0
20251004,north_korea,77451,8,0,0,0,0,10,4,-73.94781888904475,33.0
20251004,russia_ukraine_2022,77451,257,175,27,0,127,286,109,-14299.514217545206,2452.0
20251004,south_china_sea_ph,77451,6,0,0,0,0,34,1,40.29885243179445,13.0
20251004,taiwan_strait,77451,119,28,11,0,7,12,31,-453.94503954531564,512.0
20251004,thailand_cambodia_2025,77451,14,6,6,0,6,44,10,112.433668765453,153.0
20251004,us_china_chips_2022,77451,76,6,3,0,3,119,27,-1746.9417411989098,800.0
20251004,us_china_tariffs_2025,77451,159,25,11,0,8,3663,41,-1959.5490491255466,1119.0
20251005,china_japan_2025,67112,29,9,0,0,3,133,11,-367.4820314564501,218.0
20251005,china_japan_seafood_2023,67112,29,9,0,0,3,133,4,-367.4820314564501,218.0
20251005,india_pakistan_2025,67112,21,18,3,1,7,619,203,-545.6452681872177,64.0
20251005,israel_iran_2025,67112,46,31,9,0,16,1044,52,-1737.9522952517016,300.0
20251005,north_korea,67112,18,7,1,0,1,8,18,-84.50265144694177,72.0
20251005,russia_ukraine_2022,67112,259,180,30,0,131,300,138,-28448.890599621795,3874.0
20251005,south_china_sea_ph,67112,0,0,0,0,0,50,4,0.0,0.0
20251005,taiwan_strait,67112,104,20,5,0,7,14,28,119.1709687518085,562.0
20251005,thailand_cambodia_2025,67112,30,20,12,0,9,51,9,-564.2120338718795,126.0
20251005,us_china_chips_2022,67112,62,7,2,0,2,102,19,-61.339814011562524,356.0
20251005,us_china_tariffs_2025,67112,119,18,5,0,7,3308,37,70.5170044198941,774.0
20251006,china_japan_2025,116101,15,6,1,0,0,226,20,-101.44459147748515,97.0
20251006,china_japan_seafood_2023,116101,15,6,1,0,0,226,6,-101.44459147748515,97.0
20251006,india_pakistan_2025,116101,23,6,0,0,1,817,229,-82.21794927626064,118.0
20251006,israel_iran_2025,116101,59,38,6,0,20,1584,90,-764.2212438248542,216.0
20251006,north_korea,116101,40,16,3,0,9,14,41,-236.7960986117941,176.0
20251006,russia_ukraine_2022,116101,328,189,37,0,116,282,124,-10267.612619346646,1643.0
20251006,south_china_sea_ph,116101,13,7,1,0,7,48,6,-157.64839709733675,120.0
20251006,taiwan_strait,116101,182,47,16,0,15,29,39,-1730.3916413587103,1333.0
20251006,thailand_cambodia_2025,116101,49,15,5,0,9,100,15,-674.4186318986908,230.0
20251006,us_china_chips_2022,116101,135,37,11,0,9,153,75,-954.4356173130222,796.0
20251006,us_china_tariffs_2025,116101,288,76,21,0,22,5932,112,-2270.646481847869,1973.0
20251007,china_japan_2025,138115,19,7,2,0,0,270,4,247.8705351747799,131.0
20251007,china_japan_seafood_2023,138115,19,7,2,0,0,270,3,247.8705351747799,131.0
20251007,india_pakistan_2025,138115,62,32,4,0,14,1089,259,-1145.6986737180703,272.0
20251007,israel_iran_2025,138115,185,107,18,0,48,2222,97,-23244.551716942242,2946.0
20251007,north_korea,138115,35,16,12,0,0,17,44,-180.89071600138791,160.0
20251007,russia_ukraine_2022,138115,469,232,47,0,113,319,140,-6687.229565506379,2173.0
20251007,south_china_sea_ph,138115,9,6,1,0,3,33,4,-103.04775345993745,51.0
20251007,taiwan_strait,138115,149,42,10,0,15,12,58,96.99962332125682,954.0
20251007,thailand_cambodia_2025,138115,54,25,8,0,12,83,17,-18.52258365679156,203.0
20251007,us_china_chips_2022,138115,132,18,3,0,5,190,50,-1032.8144713979837,694.0
20251007,us_china_tariffs_2025,138115,248,51,11,0,15,6557,171,-1479.9067926552,1211.0
20251008,china_japan_2025,132425,25,10,3,0,5,333,5,-120.10152249277067,78.0
20251008,china_japan_seafood_2023,132425,25,10,3,0,5,333,19,-120.10152249277067,78.0
20251008,india_pakistan_2025,132425,30,25,12,0,12,1055,286,-189.39818043544622,63.0
20251008,israel_iran_2025,132425,87,57,8,0,34,1502,115,-3096.4100466598325,535.0
20251008,north_korea,132425,13,2,1,0,2,6,25,-1178.0696274598781,236.0
20251008,russia_ukraine_2022,132425,466,200,41,0,115,243,121,-19604.026051516525,4468.0
20251008,south_china_sea_ph,132425,8,6,1,0,4,67,6,-331.014179873411,40.0
20251008,taiwan_strait,132425,144,36,10,0,13,38,64,-2212.4915932303206,708.0
20251008,thailand_cambodia_2025,132425,31,15,5,0,10,83,16,114.37580479937361,123.0
20251008,us_china_chips_2022,132425,111,27,9,0,12,237,46,-1419.6761408892,513.0
20251008,us_china_tariffs_2025,132425,217,51,19,0,25,7095,151,-2676.3020830322084,869.0
20251009,china_japan_2025,137843,30,5,4,0,3,320,8,614.5820316274777,345.0
20251009,china_japan_seafood_2023,137843,30,5,4,0,3,320,10,614.5820316274777,345.0
20251009,india_pakistan_2025,137843,25,11,0,0,5,940,225,-632.8477316442813,135.0
20251009,israel_iran_2025,137843,105,45,5,0,19,1510,86,-1367.0752996788358,606.0
20251009,north_korea,137843,37,12,9,0,2,14,38,341.2364471682682,239.0
20251009,russia_ukraine_2022,137843,438,225,61,0,102,243,135,-12481.118247265571,3270.0
20251009,south_china_sea_ph,137843,12,4,0,0,2,40,9,-31.767776912505582,49.0
20251009,taiwan_strait,137843,249,84,31,0,27,44,76,-1919.7248734781215,1596.0
20251009,thailand_cambodia_2025,137843,108,34,0,0,19,127,23,-127.66413270524076,494.0
20251009,us_china_chips_2022,137843,159,30,7,0,8,215,84,-853.9826730650883,1109.0
20251009,us_china_tariffs_2025,137843,331,75,27,0,24,7155,125,-887.7777435872144,2052.0
20251010,china_japan_2025,133130,44,4,0,0,2,293,4,190.38548757978143,446.0
20251010,china_japan_seafood_2023,133130,44,4,0,0,2,293,10,190.38548757978143,446.0
20251010,india_pakistan_2025,133130,45,25,9,0,9,1046,290,-3690.899518425673,795.0
20251010,israel_iran_2025,133130,114,62,16,0,33,1367,105,-2432.952265223751,811.0
20251010,north_korea,133130,38,13,6,0,3,17,47,1207.5183172828922,408.0
20251010,russia_ukraine_2022,133130,508,246,71,0,134,271,161,-24481.36797105163,5503.0
20251010,south_china_sea_ph,133130,9,5,0,0,2,94,7,-64.27354343884518,24.0
20251010,taiwan_strait,133130,291,101,52,0,36,28,82,-7201.671993236366,3675.0
20251010,thailand_cambodia_2025,133130,62,16,0,0,11,134,23,-197.4303022797339,257.0
20251010,us_china_chips_2022,133130,224,72,30,0,23,209,82,-3327.138228394391,1637.0
20251010,us_china_tariffs_2025,133130,449,140,68,0,56,6858,158,-9390.005847961693,4866.0
20251011,china_japan_2025,82055,20,2,0,0,0,213,5,-242.3498515919955,84.0
20251011,china_japan_seafood_2023,82055,20,2,0,0,0,213,6,-242.3498515919955,84.0
20251011,india_pakistan_2025,82055,66,33,16,0,22,1160,266,-818.2404890565944,292.0
20251011,israel_iran_2025,82055,81,47,12,0,36,971,74,-1319.4222071441661,528.0
20251011,north_korea,82055,66,20,17,0,9,22,94,2377.890573910394,957.0
20251011,russia_ukraine_2022,82055,349,176,37,0,98,193,110,-16655.5590144253,4669.0
20251011,south_china_sea_ph,82055,0,0,0,0,0,45,2,0.0,0.0
20251011,taiwan_strait,82055,219,65,20,0,23,24,46,-10301.358981137579,2347.0
20251011,thailand_cambodia_2025,82055,108,21,1,0,9,56,25,-908.4718172214468,345.0
20251011,us_china_chips_2022,82055,157,45,23,0,11,144,41,-3896.3427230213956,1293.0
20251011,us_china_tariffs_2025,82055,321,91,43,0,28,3873,127,-10150.15434646776,2911.0
20251012,china_japan_2025,71720,4,0,0,0,0,221,0,-43.351959689094144,29.0
20251012,china_japan_seafood_2023,71720,4,0,0,0,0,221,5,-43.351959689094144,29.0
20251012,india_pakistan_2025,71720,42,16,6,0,7,1087,360,-539.5978431062111,210.0
20251012,israel_iran_2025,71720,36,8,0,0,3,1098,56,-145.7777463526948,202.0
20251012,north_korea,71720,8,6,0,0,0,7,19,43.12703658806576,23.0
20251012,russia_ukraine_2022,71720,266,129,42,0,64,128,115,-13992.480411080669,3851.0
20251012,south_china_sea_ph,71720,115,96,6,0,35,91,26,-12509.921923476362,2021.0
20251012,taiwan_strait,71720,171,63,24,0,19,20,37,-15543.630109865295,3382.0
20251012,thailand_cambodia_2025,71720,28,7,2,0,3,49,73,-521.1689338342493,128.0
20251012,us_china_chips_2022,71720,201,54,20,0,6,185,39,-14811.179459245333,3297.0
20251012,us_china_tariffs_2025,71720,357,115,44,0,23,2822,104,-30586.68487725393,6480.0
20251013,china_japan_2025,123656,16,1,1,0,1,416,2,-9.090150518723462,69.0
20251013,china_japan_seafood_2023,123656,16,1,1,0,1,416,8,-9.090150518723462,69.0
20251013,india_pakistan_2025,123656,41,20,9,0,15,1349,334,-768.6449052798007,170.0
20251013,israel_iran_2025,123656,175,52,12,0,34,1957,103,-4188.467370407543,1619.0
20251013,north_korea,123656,19,6,3,0,3,30,18,-49.83270087316325,42.0
20251013,russia_ukraine_2022,123656,578,226,112,0,77,212,185,-31148.385161384445,10327.0
20251013,south_china_sea_ph,123656,59,33,2,0,15,82,13,-1935.7770657002904,421.0
20251013,taiwan_strait,123656,270,95,26,0,30,9,44,-6117.859713033178,2105.0
20251013,thailand_cambodia_2025,123656,46,13,5,0,8,59,47,-762.832638506212,485.0
20251013,us_china_chips_2022,123656,284,91,38,0,22,347,67,-7273.235458406161,2635.0
20251013,us_china_tariffs_2025,123656,527,166,64,0,50,4453,149,-12436.785304578309,4455.0
20251014,china_japan_2025,134355,22,3,0,0,3,398,2,-180.04184540884444,70.0
20251014,china_japan_seafood_2023,134355,22,3,0,0,3,398,14,-180.04184540884444,70.0
20251014,india_pakistan_2025,134355,43,21,6,0,7,1165,312,-877.1886154313006,174.0
20251014,israel_iran_2025,134355,123,54,7,0,36,1570,106,-1604.7999532540885,735.0
20251014,north_korea,134355,22,4,2,1,3,10,17,-38.748873051508404,52.0
20251014,russia_ukraine_2022,134355,544,225,81,0,99,258,118,-15395.317207694176,4867.0
20251014,south_china_sea_ph,134355,40,21,1,0,9,105,11,-888.518226790231,183.0
20251014,taiwan_strait,134355,304,89,28,0,21,22,52,-6527.112494540227,3021.0
20251014,thailand_cambodia_2025,134355,160,56,10,0,34,179,97,-3835.7511914932556,1623.0
20251014,us_china_chips_2022,134355,277,78,17,0,12,313,77,-8198.067610484128,3138.0
20251014,us_china_tariffs_2025,134355,562,165,45,0,33,5931,184,-14609.307798806643,6083.0
20251015,china_japan_2025,133509,22,5,0,0,3,408,1,-200.03051937918244,98.0
20251015,china_japan_seafood_2023,133509,22,5,0,0,3,408,11,-200.03051937918244,98.0
20251015,india_pakistan_2025,133509,34,12,4,0,0,1391,440,-540.377708591282,135.0
20251015,israel_iran_2025,133509,104,47,16,0,19,1361,87,-1419.467468403267,371.0
20251015,north_korea,133509,11,6,0,0,6,10,14,-61.378971211994156,38.0
20251015,russia_ukraine_2022,133509,433,172,56,0,93,262,187,-20539.144642636635,5526.0
20251015,south_china_sea_ph,133509,28,17,0,0,6,56,5,-291.5452887027428,125.0
20251015,taiwan_strait,133509,348,105,38,0,47,30,70,-7799.04603916247,2805.0
20251015,thailand_cambodia_2025,133509,42,15,3,0,2,135,120,-290.567025982937,224.0
20251015,us_china_chips_2022,133509,338,100,43,0,26,320,49,-4681.225999129129,2344.0
20251015,us_china_tariffs_2025,133509,662,195,80,0,72,6469,164,-12247.143374709496,5034.0
20251016,china_japan_2025,140587,19,4,0,0,1,407,8,-136.85029868107011,62.0
20251016,china_japan_seafood_2023,140587,19,4,0,0,1,407,15,-136.85029868107011,62.0
20251016,india_pakistan_2025,140587,35,14,3,0,6,1163,349,-313.3871751181926,134.0
20251016,israel_iran_2025,140587,72,39,10,0,27,1400,110,-4669.316168741614,793.0
20251016,north_korea,140587,17,4,2,0,0,32,15,-74.42241047867375,62.0
20251016,russia_ukraine_2022,140587,1073,245,65,0,129,324,292,-3622.5307301775492,14342.0
20251016,south_china_sea_ph,140587,22,15,1,0,4,71,9,-257.35598051135236,76.0
20251016,taiwan_strait,140587,252,62,20,0,27,16,58,-3770.1424946600587,1768.0
20251016,thailand_cambodia_2025,140587,79,44,6,0,32,164,72,-3118.6330974439234,649.0
20251016,us_china_chips_2022,140587,268,61,18,0,26,313,58,-3691.7586096327536,1601.0
20251016,us_china_tariffs_2025,140587,498,122,38,0,52,6955,145,-6872.7734538463565,3162.0
20251017,china_japan_2025,137323,58,2,0,0,0,364,5,-230.0091803729376,319.0
20251017,china_japan_seafood_2023,137323,58,2,0,0,0,364,8,-230.0091803729376,319.0
20251017,india_pakistan_2025,137323,32,20,5,0,6,1337,356,-592.8340292953875,119.0
20251017,israel_iran_2025,137323,80,34,12,0,22,1292,83,-2588.888367183702,518.0
20251017,north_korea,137323,13,3,2,0,3,29,10,-628.9595856549597,119.0
20251017,russia_ukraine_2022,137323,1215,215,86,0,83,356,309,-15752.579766271063,12516.0
20251017,south_china_sea_ph,137323,23,9,1,0,4,52,9,-304.1775385690602,94.0
20251017,taiwan_strait,137323,244,79,36,0,25,28,47,-3354.2256645162893,1318.0
20251017,thailand_cambodia_2025,137323,34,15,0,0,0,106,48,-675.883451372985,129.0
20251017,us_china_chips_2022,137323,214,46,11,0,12,285,40,-2940.2544873487127,1428.0
20251017,us_china_tariffs_2025,137323,419,108,38,0,29,6684,121,-5438.510614165145,2432.0
20251018,china_japan_2025,84651,21,2,2,0,2,266,0,-154.67289131702321,153.0
20251018,china_japan_seafood_2023,84651,21,2,2,0,2,266,9,-154.67289131702321,153.0
20251018,india_pakistan_2025,84651,15,8,3,0,0,788,289,-84.55780718863289,42.0
20251018,israel_iran_2025,84651,41,12,2,0,4,700,83,-2947.9730542745415,588.0
20251018,north_korea,84651,43,11,2,0,2,15,20,-207.5402793345853,180.0
20251018,russia_ukraine_2022,84651,628,198,64,0,91,242,173,-15354.350848137607,9041.0
20251018,south_china_sea_ph,84651,5,3,0,0,3,74,1,-69.00155014105827,25.0
20251018,taiwan_strait,84651,198,40,24,0,16,20,33,-2385.7948911405365,1045.0
20251018,thailand_cambodia_2025,84651,21,4,3,0,3,80,35,-316.4252184934122,70.0
20251018,us_china_chips_2022,84651,188,35,11,0,11,206,15,-3085.202315056335,1715.0
20251018,us_china_tariffs_2025,84651,360,66,28,0,22,4272,71,-5380.981733857149,2649.0
20251019,china_japan_2025,69859,9,3,0,0,0,183,9,16.359806998840703,45.0
20251019,china_japan_seafood_2023,69859,9,3,0,0,0,183,3,16.359806998840703,45.0
20251019,india_pakistan_2025,69859,22,5,0,0,0,636,258,-3219.1124174613933,421.0
20251019,israel_iran_2025,69859,18,11,0,0,4,1062,67,-630.5191201894795,100.0
20251019,north_korea,69859,79,18,0,0,2,28,24,-10217.853091268522,2094.0
20251019,russia_ukraine_2022,69859,360,137,30,0,71,150,85,-7069.4643056718105,2530.0
20251019,south_china_sea_ph,69859,9,4,3,0,4,69,1,-580.9562485819725,73.0
20251019,taiwan_strait,69859,122,40,15,0,6,13,51,-4109.588644135098,1335.0
20251019,thailand_cambodia_2025,69859,37,10,2,0,5,116,19,-346.0699815502786,120.0
20251019,us_china_chips_2022,69859,78,24,11,0,7,137,19,-460.0848613683631,1354.0
20251019,us_china_tariffs_2025,69859,160,54,26,0,13,2854,49,-4260.373794036609,2210.0
20251020,china_japan_2025,114528,46,1,0,0,0,256,14,-948.2837594883175,917.0
20251020,china_japan_seafood_2023,114528,46,1,0,0,0,256,4,-948.2837594883175,917.0
20251020,india_pakistan_2025,114528,10,2,1,0,0,544,268,-52.11756505614266,17.0
20251020,israel_iran_2025,114528,102,40,2,0,23,1190,118,-2688.97324763326,566.0
20251020,north_korea,114528,55,8,0,0,1,16,16,-896.5610620063096,277.0
20251020,russia_ukraine_2022,114528,714,234,54,0,99,247,262,-11666.999755824172,3724.0
20251020,south_china_sea_ph,114528,18,6,1,0,2,60,8,-83.19509935964452,56.0
20251020,taiwan_strait,114528,282,63,15,0,19,37,60,-5291.998854508416,2997.0
20251020,thailand_cambodia_2025,114528,63,21,2,0,13,93,30,-566.8731629977095,246.0
20251020,us_china_chips_2022,114528,215,32,17,0,12,209,36,-1572.2673583607261,2015.0
20251020,us_china_tariffs_2025,114528,451,83,31,0,28,4695,186,-6672.585130366693,4749.0
20251021,china_japan_2025,138039,44,7,2,0,0,327,122,191.05872926632952,403.0
20251021,china_japan_seafood_2023,138039,44,7,2,0,0,327,20,191.05872926632952,403.0
20251021,india_pakistan_2025,138039,24,18,7,0,7,818,246,-213.32718030337827,58.0
20251021,israel_iran_2025,138039,74,25,7,1,19,1178,96,-1027.8693777698863,239.0
20251021,north_korea,138039,18,4,2,0,1,13,8,-184.07882382288557,64.0
20251021,russia_ukraine_2022,138039,896,274,39,0,119,347,263,-15229.827435893745,7526.0
20251021,south_china_sea_ph,138039,16,7,0,0,0,78,8,2.2277121350989972,52.0
20251021,taiwan_strait,138039,309,72,20,0,23,23,71,-1612.881372687326,2767.0
20251021,thailand_cambodia_2025,138039,110,29,10,0,7,81,27,-1382.190483455766,438.0
20251021,us_china_chips_2022,138039,259,54,23,0,22,244,44,-3399.8438711687377,3082.0
20251021,us_china_tariffs_2025,138039,498,111,43,0,41,6933,194,-4406.267717557828,5304.0
20251022,china_japan_2025,140738,53,13,0,0,4,323,48,204.54619014207353,311.0
20251022,china_japan_seafood_2023,140738,53,13,0,0,4,323,18,204.54619014207353,311.0
20251022,india_pakistan_2025,140738,26,18,2,0,7,929,249,-282.8644618914482,61.0
20251022,israel_iran_2025,140738,87,30,4,0,15,999,104,-1530.9587259698146,349.0
20251022,north_korea,140738,214,134,25,0,110,152,100,-4903.547936135624,2840.0
20251022,russia_ukraine_2022,140738,983,371,76,1,181,424,342,-35889.940023761985,12430.0
20251022,south_china_sea_ph,140738,15,9,0,0,6,83,8,-78.88434828131071,33.0
20251022,taiwan_strait,140738,275,55,19,0,21,42,90,-2772.0347957922822,1716.0
20251022,thailand_cambodia_2025,140738,50,16,2,0,13,151,26,-157.75609602289165,241.0
20251022,us_china_chips_2022,140738,188,35,15,0,14,225,44,98.64977349348442,924.0
20251022,us_china_tariffs_2025,140738,392,75,31,0,27,6572,131,-2044.0881511559348,2188.0
20251023,china_japan_2025,137541,57,5,0,0,0,319,12,1133.349411174273,354.0
20251023,china_japan_seafood_2023,137541,57,5,0,0,0,319,8,1133.349411174273,354.0
20251023,india_pakistan_2025,137541,18,11,4,0,6,1029,262,-320.47122717556977,69.0
20251023,israel_iran_2025,137541,96,31,10,0,16,941,86,-1720.1342350958182,418.0
20251023,north_korea,137541,30,12,2,0,9,49,33,-253.9200616118817,184.0
20251023,russia_ukraine_2022,137541,1009,411,80,0,207,422,320,-37126.032729251005,9113.0
20251023,south_china_sea_ph,137541,14,4,0,0,0,77,7,148.4871109662114,51.0
20251023,taiwan_strait,137541,326,66,6,0,13,22,67,-4203.878473070563,2900.0
20251023,thailand_cambodia_2025,137541,82,29,13,0,22,181,36,-1091.414890139343,567.0
20251023,us_china_chips_2022,137541,292,65,14,0,8,232,44,-2164.4617309979203,1854.0
20251023,us_china_tariffs_2025,137541,565,114,20,0,16,6576,96,-4966.157476543155,3656.0
20251024,china_japan_2025,134776,58,9,4,0,4,306,16,-120.42180246366377,494.0
20251024,china_japan_seafood_2023,134776,58,9,4,0,4,306,6,-120.42180246366377,494.0
20251024,india_pakistan_2025,134776,33,12,6,0,7,899,282,-623.7755292992389,225.0
20251024,israel_iran_2025,134776,36,16,0,0,6,730,91,-941.3993571944051,430.0
20251024,north_korea,134776,105,12,0,0,7,66,45,193.91867932080612,1679.0
20251024,russia_ukraine_2022,134776,788,303,88,3,163,364,286,-27904.935060831143,8140.0
20251024,south_china_sea_ph,134776,7,0,0,0,0,85,1,126.33445551460576,29.0
20251024,taiwan_strait,134776,402,85,27,0,10,27,60,-4361.622106416456,2508.0
20251024,thailand_cambodia_2025,134776,81,45,4,0,20,121,31,-1580.7874601481938,653.0
20251024,us_china_chips_2022,134776,316,60,24,0,14,228,47,-3471.322631548108,2581.0
20251024,us_china_tariffs_2025,134776,647,126,47,0,21,6416,217,-7647.1438883151095,4802.0
20251025,china_japan_2025,83877,107,1,1,0,0,206,11,-806.8589766302125,730.0
20251025,china_japan_seafood_2023,83877,107,1,1,0,0,206,1,-806.8589766302125,730.0
20251025,india_pakistan_2025,83877,45,15,8,0,2,813,269,-599.6348119487526,200.0
20251025,israel_iran_2025,83877,17,3,0,0,0,645,68,-298.3249490580275,88.0
20251025,north_korea,83877,101,5,0,0,2,12,50,54.008633779639936,349.0
20251025,russia_ukraine_2022,83877,507,209,36,0,137,268,204,-20310.041111760445,4833.0
20251025,south_china_sea_ph,83877,7,2,2,0,0,46,6,-9.520183072019009,22.0
20251025,taiwan_strait,83877,361,54,32,0,20,13,49,-3179.657897170512,3718.0
20251025,thailand_cambodia_2025,83877,202,38,3,0,16,98,34,-4245.7266720837115,2867.0
20251025,us_china_chips_2022,83877,317,46,17,0,9,130,15,-4194.790737393194,3803.0
20251025,us_china_tariffs_2025,83877,590,79,37,0,20,3563,125,-7597.763811510549,6842.0
20251026,china_japan_2025,75194,66,0,0,0,0,217,16,384.13622364874385,460.0
20251026,china_japan_seafood_2023,75194,66,0,0,0,0,217,1,384.13622364874385,460.0
20251026,india_pakistan_2025,75194,24,8,0,0,4,782,281,-80.38783730618815,49.0
20251026,israel_iran_2025,75194,32,16,0,0,3,705,59,-434.1719495774922,99.0
20251026,north_korea,75194,45,2,0,0,0,15,15,195.17223005280545,333.0
20251026,russia_ukraine_2022,75194,450,215,47,0,142,214,109,-27577.81547386489,4749.0
20251026,south_china_sea_ph,75194,13,4,1,0,1,29,7,-97.2388059701493,36.0
20251026,taiwan_strait,75194,331,48,23,0,9,13,32,-2141.916606271772,2601.0
20251026,thailand_cambodia_2025,75194,854,138,4,0,74,195,181,6537.300819970323,29251.0
20251026,us_china_chips_2022,75194,242,23,10,0,12,149,22,-1219.3267253654926,1995.0
20251026,us_china_tariffs_2025,75194,480,59,31,0,19,2264,197,-3196.6157361032665,3914.0
20251027,china_japan_2025,125026,162,23,8,0,7,410,33,151.56290150224154,1105.0
20251027,china_japan_seafood_2023,125026,162,23,8,0,7,410,11,151.56290150224154,1105.0
20251027,india_pakistan_2025,125026,30,18,8,0,10,842,279,-267.1194933689645,77.0
20251027,israel_iran_2025,125026,57,34,9,0,22,982,88,-524.6622881941429,162.0
20251027,north_korea,125026,89,11,6,0,5,12,38,186.62877700395788,505.0
20251027,russia_ukraine_2022,125026,592,244,61,0,139,301,150,-15229.953551877637,4063.0
20251027,south_china_sea_ph,125026,20,14,4,0,4,57,67,-295.807539917691,111.0
20251027,taiwan_strait,125026,506,86,47,0,21,29,54,-3135.9757695041008,5218.0
20251027,thailand_cambodia_2025,125026,407,74,3,0,37,129,51,-163.62543084372197,5626.0
20251027,us_china_chips_2022,125026,340,56,15,0,26,296,57,-1038.2678044452414,2286.0
20251027,us_china_tariffs_2025,125026,742,124,57,0,41,4810,202,-4753.983504561551,6521.0
20251028,china_japan_2025,139111,143,4,0,0,0,390,79,538.0196939287241,752.0
20251028,china_japan_seafood_2023,139111,143,4,0,0,0,390,10,538.0196939287241,752.0
20251028,india_pakistan_2025,139111,42,19,4,0,11,914,267,-717.0392803847341,157.0
20251028,israel_iran_2025,139111,43,22,5,0,11,1145,107,-322.1009504033997,132.0
20251028,north_korea,139111,140,56,6,0,43,89,51,-1050.2212449380086,1258.0
20251028,russia_ukraine_2022,139111,503,216,44,1,125,242,148,-13178.173725356035,3188.0
20251028,south_china_sea_ph,139111,46,20,1,0,7,119,15,-435.7822674004289,737.0
20251028,taiwan_strait,139111,387,84,27,0,21,34,102,-2617.8490128608737,3087.0
20251028,thailand_cambodia_2025,139111,250,49,0,0,27,105,33,1981.129256420329,1592.0
20251028,us_china_chips_2022,139111,345,47,19,0,28,212,48,-1691.315586033305,2829.0
20251028,us_china_tariffs_2025,139111,640,106,42,0,42,6560,194,-4086.3891168787873,5469.0
20251029,china_japan_2025,141855,95,5,0,0,3,394,28,637.056726330739,445.0
20251029,china_japan_seafood_2023,141855,95,5,0,0,3,394,10,637.056726330739,445.0
20251029,india_pakistan_2025,141855,60,26,6,0,8,1119,371,-960.8924308765511,259.0
20251029,israel_iran_2025,141855,78,37,7,0,13,1148,110,-10983.008332549245,1853.0
20251029,north_korea,141855,234,105,15,0,67,78,76,-1763.897907322355,3150.0
20251029,russia_ukraine_2022,141855,447,208,25,0,110,283,124,-9857.631117112276,2625.0
20251029,south_china_sea_ph,141855,30,20,5,0,9,92,9,-317.8115089491847,149.0
20251029,taiwan_strait,141855,472,89,25,0,25,37,76,-3258.2501184675602,4158.0
20251029,thailand_cambodia_2025,141855,124,25,2,0,8,112,19,578.8319346984231,530.0
20251029,us_china_chips_2022,141855,474,104,60,0,42,267,80,-2670.213643016781,3064.0
20251029,us_china_tariffs_2025,141855,855,169,80,0,60,6483,200,-6653.782919427645,6356.0
20251030,china_japan_2025,141719,56,7,5,0,1,432,13,475.4135321563898,344.0
20251030,china_japan_seafood_2023,141719,56,7,5,0,1,432,13,475.4135321563898,344.0
20251030,india_pakistan_2025,141719,31,22,2,0,6,1119,317,-860.3445606243844,181.0
20251030,israel_iran_2025,141719,81,37,22,0,8,1025,93,-1790.4175652071203,470.0
20251030,north_korea,141719,72,24,3,0,16,29,23,-654.5318125135307,592.0
20251030,russia_ukraine_2022,141719,537,253,74,1,127,337,154,-9341.789690736534,2680.0
20251030,south_china_sea_ph,141719,31,17,0,0,12,69,8,-171.99660384920242,105.0
20251030,taiwan_strait,141719,896,150,67,0,49,29,62,-5988.600683168832,9458.0
20251030,thailand_cambodia_2025,141719,123,24,3,0,10,113,27,489.42550851561333,572.0
20251030,us_china_chips_2022,141719,775,115,40,0,34,343,69,-4107.169591519148,9388.0
20251030,us_china_tariffs_2025,141719,1525,240,96,0,72,6638,335,-8929.35539072729,17454.0
20251031,china_japan_2025,131084,131,9,2,0,2,344,24,1644.8458549373045,6271.0
20251031,china_japan_seafood_2023,131084,131,9,2,0,2,344,15,1644.8458549373045,6271.0
20251031,india_pakistan_2025,131084,18,12,7,0,7,979,280,-372.9735672389914,193.0
20251031,israel_iran_2025,131084,113,66,11,0,37,830,96,-2316.8207165716644,587.0
20251031,north_korea,131084,55,4,4,0,0,6,10,-430.72561606391395,1723.0
20251031,russia_ukraine_2022,131084,511,246,60,0,158,365,163,-11533.993264771683,2800.0
20251031,south_china_sea_ph,131084,23,15,1,0,12,117,16,-99.31723651840454,84.0
20251031,taiwan_strait,131084,620,137,66,0,54,22,57,-4312.681338987218,4836.0
20251031,thailand_cambodia_2025,131084,56,16,0,0,11,84,22,42.4258854696484,207.0
20251031,us_china_chips_2022,131084,472,86,27,0,33,265,78,-1140.0863107222817,3214.0
20251031,us_china_tariffs_2025,131084,980,191,72,0,79,6231,148,-4002.0023029455006,7298.0
20251101,china_japan_2025,83127,101,7,0,0,0,173,12,295.61297527985164,669.0
20251101,china_japan_seafood_2023,83127,101,7,0,0,0,173,7,295.61297527985164,669.0
20251101,india_pakistan_2025,83127,21,11,4,0,4,851,210,-256.2490376345509,132.0
20251101,israel_iran_2025,83127,59,18,0,0,14,569,73,-890.1821113936812,304.0
20251101,north_korea,83127,91,39,5,0,0,5,24,-386.78539687941037,1372.0
20251101,russia_ukraine_2022,83127,419,186,48,0,119,304,153,-20448.91116600034,4787.0
20251101,south_china_sea_ph,83127,43,14,1,0,8,83,26,-2408.672705223109,597.0
20251101,taiwan_strait,83127,281,63,21,1,12,12,45,-1223.6532160660208,2555.0
20251101,thailand_cambodia_2025,83127,41,6,0,0,6,57,19,246.11077195905455,200.0
20251101,us_china_chips_2022,83127,223,33,10,0,13,107,51,-193.27024279544463,2116.0
20251101,us_china_tariffs_2025,83127,467,84,28,1,23,3505,102,-1244.8144460108097,4474.0
20251102,china_japan_2025,68125,63,27,0,0,0,185,7,-988.3773666023037,391.0
20251102,china_japan_seafood_2023,68125,63,27,0,0,0,185,3,-988.3773666023037,391.0
20251102,india_pakistan_2025,68125,15,6,0,0,2,789,174,-72.0334308277084,36.0
20251102,israel_iran_2025,68125,105,50,17,0,24,605,89,-1817.84366403132,680.0
20251102,north_korea,68125,26,10,5,0,5,9,7,-61.581244443174185,130.0
20251102,russia_ukraine_2022,68125,311,179,6,0,128,247,91,-15671.383513222041,2772.0
20251102,south_china_sea_ph,68125,53,30,0,0,19,90,20,-1463.2073040260516,696.0
20251102,taiwan_strait,68125,316,80,29,0,12,8,59,1930.4080578941432,3275.0
20251102,thailand_cambodia_2025,68125,25,10,0,0,4,59,13,-20.274184554925775,118.0
20251102,us_china_chips_2022,68125,237,36,14,0,10,162,33,4383.829666131174,2639.0
20251102,us_china_tariffs_2025,68125,456,91,29,0,18,2258,81,7460.801151990487,4971.0
20251103,china_japan_2025,122070,68,7,0,0,0,286,13,190.24936419078546,960.0
20251103,china_japan_seafood_2023,122070,68,7,0,0,0,286,7,190.24936419078546,960.0
20251103,india_pakistan_2025,122070,47,26,5,0,6,905,244,-308.2584704884239,143.0
20251103,israel_iran_2025,122070,142,52,13,0,19,1104,124,-2790.003425420622,874.0
20251103,north_korea,122070,86,20,5,0,14,25,38,-706.8859359145667,772.0
20251103,russia_ukraine_2022,122070,408,189,26,0,122,210,165,-8672.854510738387,2486.0
20251103,south_china_sea_ph,122070,37,17,0,0,5,83,6,-132.62333792514104,97.0
20251103,taiwan_strait,122070,380,72,26,2,14,28,93,-2102.4620346408974,1931.0
20251103,thailand_cambodia_2025,122070,16,6,0,0,1,85,16,-259.9450543069128,60.0
20251103,us_china_chips_2022,122070,383,65,36,0,19,213,97,95.94801056480668,1933.0
20251103,us_china_tariffs_2025,122070,701,123,52,2,28,5030,173,-1036.5196053080301,3436.0
20251104,china_japan_2025,128477,32,2,0,0,0,322,2,-1057.3451050358806,280.0
20251104,china_japan_seafood_2023,128477,32,2,0,0,0,322,10,-1057.3451050358806,280.0
20251104,india_pakistan_2025,128477,44,20,1,0,16,953,234,374.81449689779845,452.0
20251104,israel_iran_2025,128477,75,32,8,0,19,831,92,-2957.2247090325286,623.0
20251104,north_korea,128477,173,38,8,0,21,63,78,171.9320344749105,1865.0
20251104,russia_ukraine_2022,128477,342,163,31,0,108,245,123,-9718.339815404397,2235.0
20251104,south_china_sea_ph,128477,15,2,0,0,2,57,6,-17.855520286375132,43.0
20251104,taiwan_strait,128477,300,62,32,3,16,44,104,-3165.4833622661426,3358.0
20251104,thailand_cambodia_2025,128477,37,6,1,0,6,73,20,4650.997203123739,512.0
20251104,us_china_chips_2022,128477,278,61,25,0,21,269,65,999.7637935251016,2300.0
20251104,us_china_tariffs_2025,128477,529,109,54,3,35,5886,145,-1941.79088445533,5467.0
20251105,china_japan_2025,133217,41,12,2,0,0,346,8,-109.07672765968476,343.0
20251105,china_japan_seafood_2023,133217,41,12,2,0,0,346,11,-109.07672765968476,343.0
20251105,india_pakistan_2025,133217,32,11,0,0,1,802,264,-215.88872107203574,71.0
20251105,israel_iran_2025,133217,86,37,8,0,24,799,90,-1901.8518657772893,376.0
20251105,north_korea,133217,104,31,9,0,9,29,27,-619.9821119989434,473.0
20251105,russia_ukraine_2022,133217,450,169,27,0,118,206,107,-8806.426331480865,2348.0
20251105,south_china_sea_ph,133217,3,2,0,0,2,82,5,-22.30153604435528,14.0
20251105,taiwan_strait,133217,279,66,19,0,26,58,84,-1066.4674687679324,1842.0
20251105,thailand_cambodia_2025,133217,28,3,0,0,3,122,27,-209.05910526048157,86.0
20251105,us_china_chips_2022,133217,257,50,22,0,18,206,54,-2013.8356762219894,1664.0
20251105,us_china_tariffs_2025,133217,499,101,39,0,39,5280,222,-3486.8242591288954,3227.0
20251106,china_japan_2025,134153,32,13,0,0,6,333,4,50.01629665483085,129.0
20251106,china_japan_seafood_2023,134153,32,13,0,0,6,333,16,50.01629665483085,129.0
20251106,india_pakistan_2025,134153,34,23,6,0,13,907,283,-187.3026986673546,79.0
20251106,israel_iran_2025,134153,83,40,12,0,24,988,72,-1123.50893163197,304.0
20251106,north_korea,134153,49,14,2,0,4,26,34,-1368.1255317451348,299.0
20251106,russia_ukraine_2022,134153,420,172,44,0,122,267,167,-13844.49208834286,3143.0
20251106,south_china_sea_ph,134153,14,8,0,0,6,109,8,-108.28212525952418,56.0
20251106,taiwan_strait,134153,309,78,31,1,23,43,242,-1977.5899182811863,2407.0
20251106,thailand_cambodia_2025,134153,20,10,0,0,10,129,14,-932.8086944096375,106.0
20251106,us_china_chips_2022,134153,310,85,37,0,16,240,49,-2275.382262971364,2186.0
20251106,us_china_tariffs_2025,134153,575,146,61,1,35,5943,237,-4229.854971244791,4371.0
20251107,china_japan_2025,127861,54,10,4,0,3,379,3,-1428.6519651863036,758.0
20251107,china_japan_seafood_2023,127861,54,10,4,0,3,379,18,-1428.6519651863036,758.0
20251107,india_pakistan_2025,127861,66,38,5,0,12,793,276,-1184.6078271840681,307.0
20251107,israel_iran_2025,127861,170,99,10,0,61,1093,129,-4595.027359514042,1273.0
20251107,north_korea,127861,155,95,17,0,68,97,55,-5109.998140912368,1978.0
20251107,russia_ukraine_2022,127861,424,162,46,0,102,257,142,-18071.361582230464,4557.0
20251107,south_china_sea_ph,127861,22,7,0,0,3,68,7,-365.8229882225339,91.0
20251107,taiwan_strait,127861,309,83,34,0,31,26,145,-641.7567967799943,2060.0
20251107,thailand_cambodia_2025,127861,46,23,4,0,15,123,21,-339.71520777833626,149.0
20251107,us_china_chips_2022,127861,306,77,32,0,28,280,86,-745.7145934230621,1823.0
20251107,us_china_tariffs_2025,127861,557,143,59,0,55,5381,128,-1350.3011368008513,3567.0
20251108,china_japan_2025,82091,18,6,4,0,0,216,5,-51.70240347751273,77.0
20251108,china_japan_seafood_2023,82091,18,6,4,0,0,216,5,-51.70240347751273,77.0
20251108,india_pakistan_2025,82091,22,14,7,0,6,751,280,-145.75716963750807,53.0
20251108,israel_iran_2025,82091,141,107,11,0,30,938,102,-7104.949793458554,1796.0
20251108,north_korea,82091,81,51,8,0,2,15,26,-2487.4385837172954,559.0
20251108,russia_ukraine_2022,82091,345,170,43,1,122,271,141,-13712.974486160798,3092.0
20251108,south_china_sea_ph,82091,18,6,2,0,4,89,4,-376.22592839189963,95.0
20251108,taiwan_strait,82091,187,54,23,0,15,18,58,-422.5788753528726,682.0
20251108,thailand_cambodia_2025,82091,18,0,0,0,0,52,14,34.258575016125754,82.0
20251108,us_china_chips_2022,82091,141,29,10,0,8,155,47,-791.4401664922393,608.0
20251108,us_china_tariffs_2025,82091,291,69,25,0,20,3656,49,-1304.5650662924572,1098.0
20251109,china_japan_2025,68112,7,3,0,0,0,209,3,-62.080302915653974,28.0
20251109,china_japan_seafood_2023,68112,7,3,0,0,0,209,3,-62.080302915653974,28.0
20251109,india_pakistan_2025,68112,17,6,4,0,5,676,263,-690.4313118078647,101.0
20251109,israel_iran_2025,68112,46,22,9,0,3,851,67,-334.25213393377174,196.0
20251109,north_korea,68112,22,16,2,0,1,8,4,-414.416989848875,135.0
20251109,russia_ukraine_2022,68112,259,131,43,0,85,216,103,-8007.134175641174,1700.0
20251109,south_china_sea_ph,68112,16,8,1,0,0,56,2,-484.44911646851074,79.0
20251109,taiwan_strait,68112,118,42,11,0,6,12,45,615.7442669800931,879.0
20251109,thailand_cambodia_2025,68112,39,8,2,0,5,59,18,-161.0922194494821,105.0
20251109,us_china_chips_2022,68112,114,30,18,0,13,126,38,-55.17611806302344,650.0
20251109,us_china_tariffs_2025,68112,205,59,29,0,19,2527,30,483.19305138375057,1329.0
20251110,china_japan_2025,115696,55,32,8,0,13,300,13,-2001.3227910570256,305.0
20251110,china_japan_seafood_2023,115696,55,32,8,0,13,300,8,-2001.3227910570256,305.0
20251110,india_pakistan_2025,115696,16,12,0,0,5,1383,257,-412.72185387858144,170.0
20251110,israel_iran_2025,115696,102,61,22,0,31,996,93,-2504.4902644632452,476.0
20251110,north_korea,115696,33,22,0,0,6,32,11,-11725.526131046252,1231.0
20251110,russia_ukraine_2022,115696,353,130,31,0,83,205,110,-6753.840658577273,1915.0
20251110,south_china_sea_ph,115696,14,10,0,0,10,116,4,-147.30963513723492,42.0
20251110,taiwan_strait,115696,268,87,40,0,20,24,93,-3228.6728832445356,1865.0
20251110,thailand_cambodia_2025,115696,143,55,14,0,28,113,57,-3379.3357518141283,1134.0
20251110,us_china_chips_2022,115696,222,60,24,0,20,225,46,-3497.0433900684056,2172.0
20251110,us_china_tariffs_2025,115696,459,130,58,0,40,4147,95,-6217.280273198726,3911.0
20251111,china_japan_2025,128457,42,14,4,0,4,365,14,-1253.7239993343612,235.0
20251111,china_japan_seafood_2023,128457,42,14,4,0,4,365,12,-1253.7239993343612,235.0
20251111,india_pakistan_2025,128457,68,53,11,0,25,1953,351,-3150.4138574205176,415.0
20251111,israel_iran_2025,128457,96,40,22,0,13,875,80,-976.702078326147,476.0
20251111,north_korea,128457,19,4,0,0,4,9,7,-78.71102634272086,147.0
20251111,russia_ukraine_2022,128457,394,191,17,0,137,243,123,-8964.922394419104,2216.0
20251111,south_china_sea_ph,128457,17,2,0,0,0,80,3,-224.491972086398,110.0
20251111,taiwan_strait,128457,230,58,26,0,20,36,101,-4152.265879461102,1610.0
20251111,thailand_cambodia_2025,128457,206,86,4,0,26,102,67,-7965.96435733941,2008.0
20251111,us_china_chips_2022,128457,182,39,15,2,7,256,46,-479.7634109121801,1243.0
20251111,us_china_tariffs_2025,128457,354,74,31,2,23,5477,126,-2690.5117008426637,2222.0
20251112,china_japan_2025,129226,28,13,1,0,1,396,8,-573.244386739494,146.0
20251112,china_japan_seafood_2023,129226,28,13,1,0,1,396,10,-573.244386739494,146.0
20251112,india_pakistan_2025,129226,115,68,7,0,17,1512,316,-8652.125822276488,992.0
20251112,israel_iran_2025,129226,114,44,18,0,12,1057,105,-2547.6071947759656,556.0
20251112,north_korea,129226,11,6,3,0,1,15,10,-387.4024554798948,97.0
20251112,russia_ukraine_2022,129226,440,185,31,0,118,248,184,-10351.753060299114,2868.0
20251112,south_china_sea_ph,129226,19,5,0,0,0,83,0,-13.36896602127717,33.0
20251112,taiwan_strait,129226,241,50,16,0,17,37,95,-3451.154224739602,1497.0
20251112,thailand_cambodia_2025,129226,187,103,4,0,50,164,53,-5445.022038127175,999.0
20251112,us_china_chips_2022,129226,182,50,27,0,18,291,32,-1706.2143724933976,943.0
20251112,us_china_tariffs_2025,129226,396,97,42,0,35,5336,100,-4653.745679653659,2276.0
20251113,china_japan_2025,129209,57,19,9,0,0,361,10,-1490.7959790784503,384.0
20251113,china_japan_seafood_2023,129209,57,19,9,0,0,361,9,-1490.7959790784503,384.0
20251113,india_pakistan_2025,129209,77,49,6,0,14,1190,307,-1139.085720777672,166.0
20251113,israel_iran_2025,129209,112,36,11,0,22,1094,122,-1634.5755786755499,555.0
20251113,north_korea,129209,12,4,1,0,1,11,7,-71.02115850081114,51.0
20251113,russia_ukraine_2022,129209,378,167,35,0,98,246,187,-7914.433336723627,1926.0
20251113,south_china_sea_ph,129209,3,0,0,0,0,88,3,-17.46418475780171,10.0
20251113,taiwan_strait,129209,231,69,25,0,22,48,87,-3818.9118503044215,1285.0
20251113,thailand_cambodia_2025,129209,201,128,4,0,61,193,44,-13532.553232061377,2526.0
20251113,us_china_chips_2022,129209,187,70,44,0,33,290,45,-1941.5396862531297,782.0
20251113,us_china_tariffs_2025,129209,389,125,65,0,53,5655,82,-5626.358921824256,1829.0
20251114,china_japan_2025,121424,132,22,10,0,4,416,20,-8524.49241748716,1712.0
20251114,china_japan_seafood_2023,121424,132,22,10,0,4,416,7,-8524.49241748716,1712.0
20251114,india_pakistan_2025,121424,18,5,2,0,3,931,253,-495.1820850227086,144.0
20251114,israel_iran_2025,121424,62,31,7,0,9,784,107,-1203.9697947197935,225.0
20251114,north_korea,121424,34,15,0,0,4,15,21,-816.7620096097185,257.0
20251114,russia_ukraine_2022,121424,496,269,40,0,171,375,173,-27493.47793972201,4971.0
20251114,south_china_sea_ph,121424,1,0,0,0,0,86,4,11.764705882352951,5.0
20251114,taiwan_strait,121424,299,110,21,0,21,44,110,-7659.926177327243,3525.0
20251114,thailand_cambodia_2025,121424,147,57,4,0,41,167,35,-1617.9705638267205,718.0
20251114,us_china_chips_2022,121424,148,36,13,2,11,318,37,-756.3553210842753,1077.0
20251114,us_china_tariffs_2025,121424,340,95,24,2,17,5875,146,-7368.187214847878,3743.0
20251115,china_japan_2025,75959,109,39,20,0,2,213,14,-6936.373186306541,1708.0
20251115,china_japan_seafood_2023,75959,109,39,20,0,2,213,3,-6936.373186306541,1708.0
20251115,india_pakistan_2025,75959,46,5,1,0,1,797,277,-2531.5550232424675,502.0
20251115,israel_iran_2025,75959,48,23,5,0,13,514,76,-799.9740722557075,239.0
20251115,north_korea,75959,25,17,0,0,13,23,17,-406.00032748948485,80.0
20251115,russia_ukraine_2022,75959,250,139,14,0,83,214,94,-10862.454827059111,2270.0
20251115,south_china_sea_ph,75959,0,0,0,0,0,45,4,0.0,0.0
20251115,taiwan_strait,75959,247,53,9,0,8,18,88,-2377.537818296829,2309.0
20251115,thailand_cambodia_2025,75959,118,49,1,0,23,65,45,-3310.1178858916965,1353.0
20251115,us_china_chips_2022,75959,196,26,5,0,12,165,19,-237.63234880900245,1465.0
20251115,us_china_tariffs_2025,75959,380,52,11,0,15,3968,84,-1191.722838631331,3263.0
20251116,china_japan_2025,64898,101,24,13,0,6,188,6,-4588.487081445279,1227.0
20251116,china_japan_seafood_2023,64898,101,24,13,0,6,188,3,-4588.487081445279,1227.0
20251116,india_pakistan_2025,64898,28,7,3,0,0,726,190,-268.5380011519065,63.0
20251116,israel_iran_2025,64898,128,60,21,0,26,689,114,-2337.6770809017803,899.0
20251116,north_korea,64898,5,0,0,0,0,7,5,-19.03857468454208,13.0
20251116,russia_ukraine_2022,64898,351,172,9,0,122,232,136,-10328.07986611509,2571.0
20251116,south_china_sea_ph,64898,22,7,3,0,0,73,6,-389.32206305861126,118.0
20251116,taiwan_strait,64898,131,27,5,0,7,15,58,-1138.7970243981222,638.0
20251116,thailand_cambodia_2025,64898,48,26,3,0,18,71,20,-1177.366728198534,298.0
20251116,us_china_chips_2022,64898,93,32,12,0,10,144,17,-300.1657926465591,429.0
20251116,us_china_tariffs_2025,64898,188,49,12,0,14,2405,76,-1029.8912470777464,894.0
20251117,china_japan_2025,116159,296,88,32,0,10,300,40,-12169.245454989144,3344.0
20251117,china_japan_seafood_2023,116159,296,88,32,0,10,300,7,-12169.245454989144,3344.0
20251117,india_pakistan_2025,116159,34,16,2,0,2,1188,205,-787.291248066471,112.0
20251117,israel_iran_2025,116159,119,58,3,0,29,840,129,-1994.978605133986,511.0
20251117,north_korea,116159,30,9,0,0,2,8,14,-1072.139913206409,283.0
20251117,russia_ukraine_2022,116159,365,151,19,0,116,299,235,-8051.134239503272,2067.0
20251117,south_china_sea_ph,116159,23,11,5,0,0,74,8,-342.9322185855287,156.0
20251117,taiwan_strait,116159,235,62,20,0,21,20,128,-5398.929935690783,3480.0
20251117,thailand_cambodia_2025,116159,74,18,4,0,10,93,29,-1005.6152491168108,262.0
20251117,us_china_chips_2022,116159,192,32,13,0,11,234,49,2023.4512087011785,1402.0
20251117,us_china_tariffs_2025,116159,352,66,23,0,29,4680,141,3452.860627744896,2756.0
20251118,china_japan_2025,130996,241,81,30,0,11,373,22,-6840.6125513114785,2060.0
20251118,china_japan_seafood_2023,130996,241,81,30,0,11,373,7,-6840.6125513114785,2060.0
20251118,india_pakistan_2025,130996,26,20,9,0,10,1374,199,-349.2762754101218,64.0
20251118,israel_iran_2025,130996,56,28,2,0,14,975,109,-1653.959443973684,531.0
20251118,north_korea,130996,62,31,9,0,8,16,25,-1117.703819757462,551.0
20251118,russia_ukraine_2022,130996,400,158,18,0,96,300,205,-28481.558888032174,5841.0
20251118,south_china_sea_ph,130996,16,4,0,0,0,96,7,-135.25311406824048,46.0
20251118,taiwan_strait,130996,218,81,31,0,22,50,107,-5832.25431601994,3052.0
20251118,thailand_cambodia_2025,130996,63,27,5,0,19,93,27,-1206.059662085268,347.0
20251118,us_china_chips_2022,130996,169,27,10,0,14,233,52,-1078.7740403113423,624.0
20251118,us_china_tariffs_2025,130996,333,76,31,0,32,6106,87,-4545.995909029421,3056.0
20251119,china_japan_2025,136190,278,131,69,5,25,442,21,-22044.81619354996,4433.0
20251119,china_japan_seafood_2023,136190,278,131,69,5,25,442,42,-22044.81619354996,4433.0
20251119,india_pakistan_2025,136190,28,21,2,0,6,1040,254,-266.77420130055543,60.0
20251119,israel_iran_2025,136190,105,41,6,0,21,850,84,-2273.90377440547,917.0
20251119,north_korea,136190,23,12,1,0,3,11,12,-203.69145338986357,101.0
20251119,russia_ukraine_2022,136190,675,279,34,0,179,507,339,-31182.602058802026,8052.0
20251119,south_china_sea_ph,136190,1,1,0,0,0,37,6,25.94142259414228,4.0
20251119,taiwan_strait,136190,168,55,16,1,11,29,94,-2322.880485417739,835.0
20251119,thailand_cambodia_2025,136190,108,36,5,0,15,105,18,-1991.7639381990518,554.0
20251119,us_china_chips_2022,136190,153,51,22,0,21,280,49,-806.3748826609396,646.0
20251119,us_china_tariffs_2025,136190,270,92,32,1,29,5908,66,-2293.4483984986755,1171.0
20251120,china_japan_2025,135374,168,58,25,2,19,433,15,-14568.965191844762,3472.0
20251120,china_japan_seafood_2023,135374,168,58,25,2,19,433,15,-14568.965191844762,3472.0
20251120,india_pakistan_2025,135374,32,19,3,0,12,1036,294,-989.9709271251869,179.0
20251120,israel_iran_2025,135374,78,29,6,0,7,909,119,-1343.2264050800045,496.0
20251120,north_korea,135374,12,7,6,0,1,10,14,-48.85390395693422,33.0
20251120,russia_ukraine_2022,135374,765,318,63,0,166,364,380,-12804.685678180464,4835.0
20251120,south_china_sea_ph,135374,60,40,22,0,26,218,7,-3929.593327151688,516.0
20251120,taiwan_strait,135374,219,76,34,0,35,37,118,-5422.457982053425,2022.0
20251120,thailand_cambodia_2025,135374,12,5,2,0,2,117,16,-89.01177818366101,53.0
20251120,us_china_chips_2022,135374,155,50,25,0,21,320,79,-13412.777802678058,2465.0
20251120,us_china_tariffs_2025,135374,340,104,46,0,48,6345,103,-18579.17382646146,4275.0
20251121,china_japan_2025,130775,165,58,16,0,8,418,16,-2609.983970652078,1046.0
20251121,china_japan_seafood_2023,130775,165,58,16,0,8,418,9,-2609.983970652078,1046.0
20251121,india_pakistan_2025,130775,27,17,6,0,5,826,218,-573.4165066202825,113.0
20251121,israel_iran_2025,130775,163,73,25,0,37,923,134,-3946.891048217028,1079.0
20251121,north_korea,130775,23,10,3,0,1,8,12,-498.6396337711081,159.0
20251121,russia_ukraine_2022,130775,974,328,100,0,181,382,539,-30295.23328087573,12252.0
20251121,south_china_sea_ph,130775,13,5,3,0,3,101,9,218.81625447404102,62.0
20251121,taiwan_strait,130775,241,60,25,0,26,36,95,-1803.5835554741693,2133.0
20251121,thailand_cambodia_2025,130775,2,0,0,0,0,70,18,-109.89010989011001,10.0
20251121,us_china_chips_2022,130775,212,49,28,0,20,308,62,-1499.0104065422202,1661.0
20251121,us_china_tariffs_2025,130775,404,89,44,0,36,6221,85,-2506.4721341222516,3561.0
20251122,china_japan_2025,85216,90,27,12,0,1,201,10,-2710.51677085632,860.0
20251122,china_japan_seafood_2023,85216,90,27,12,0,1,201,5,-2710.51677085632,860.0
20251122,india_pakistan_2025,85216,21,9,6,0,7,759,215,-462.8267050685907,114.0
20251122,israel_iran_2025,85216,33,14,7,0,7,770,67,-448.68633766214106,116.0
20251122,north_korea,85216,5,0,0,0,0,1,3,-62.13719538180128,16.0
20251122,russia_ukraine_2022,85216,720,241,65,0,108,248,476,-12725.11416575838,6193.0
20251122,south_china_sea_ph,85216,12,4,0,0,0,44,7,-87.67567478989679,50.0
20251122,taiwan_strait,85216,158,36,12,0,13,14,55,-1391.3742995481484,1284.0
20251122,thailand_cambodia_2025,85216,14,2,0,0,2,40,11,-84.10904921463634,22.0
20251122,us_china_chips_2022,85216,105,26,15,0,10,122,32,153.2318933700143,937.0
20251122,us_china_tariffs_2025,85216,205,40,22,0,17,3909,37,721.5086522166043,1834.0
20251123,china_japan_2025,75124,113,52,13,3,13,161,13,-3592.5975910681636,1104.0
20251123,china_japan_seafood_2023,75124,113,52,13,3,13,161,6,-3592.5975910681636,1104.0
20251123,india_pakistan_2025,75124,37,10,2,0,6,719,169,-471.02423094843164,118.0
20251123,israel_iran_2025,75124,52,17,2,0,6,887,64,-1519.1244113144621,332.0
20251123,north_korea,75124,11,3,2,0,0,6,3,-5.0225365907730035,34.0
20251123,russia_ukraine_2022,75124,643,223,36,0,71,209,556,-2954.5962808577383,14459.0
20251123,south_china_sea_ph,75124,14,6,2,0,2,95,2,-77.66462901577938,105.0
20251123,taiwan_strait,75124,124,37,10,0,16,13,52,-1558.9415113118896,761.0
20251123,thailand_cambodia_2025,75124,38,9,6,0,5,62,14,-435.92616058999164,151.0
20251123,us_china_chips_2022,75124,83,15,5,0,8,113,23,-179.4620072022701,484.0
20251123,us_china_tariffs_2025,75124,166,33,10,0,14,2374,27,-655.0196373587685,899.0
20251124,china_japan_2025,118005,212,106,43,0,22,334,16,-4818.102191865321,3483.0
20251124,china_japan_seafood_2023,118005,212,106,43,0,22,334,10,-4818.102191865321,3483.0
20251124,india_pakistan_2025,118005,37,9,0,0,5,997,253,-53.996926639107784,115.0
20251124,israel_iran_2025,118005,101,48,11,0,21,1159,93,-3715.6483727247746,621.0
20251124,north_korea,118005,12,9,0,0,6,19,11,-422.10737210232287,106.0
20251124,russia_ukraine_2022,118005,778,241,52,0,117,359,594,-7288.107905223663,6723.0
20251124,south_china_sea_ph,118005,23,4,0,0,0,85,5,-71.33463396591361,81.0
20251124,taiwan_strait,118005,332,88,25,0,35,65,163,-3457.206459110569,4999.0
20251124,thailand_cambodia_2025,118005,10,5,0,0,0,59,19,-15.012489661725677,44.0
20251124,us_china_chips_2022,118005,178,31,7,0,17,203,48,-658.5900136462664,2259.0
20251124,us_china_tariffs_2025,118005,382,78,24,0,37,4592,92,-804.1369550684169,4130.0
20251125,china_japan_2025,127926,235,90,29,0,14,270,37,-3008.3225543927047,2122.0
20251125,china_japan_seafood_2023,127926,235,90,29,0,14,270,9,-3008.3225543927047,2122.0
20251125,india_pakistan_2025,127926,25,15,5,0,12,994,347,-228.68708057506066,77.0
20251125,israel_iran_2025,127926,82,40,10,0,26,913,94,-1119.0299006788723,456.0
20251125,north_korea,127926,11,0,0,0,0,18,20,-288.4828163761739,64.0
20251125,russia_ukraine_2022,127926,1070,349,59,2,186,433,620,-28393.049818751802,12263.0
20251125,south_china_sea_ph,127926,9,4,0,0,1,74,6,-34.86855611537736,54.0
20251125,taiwan_strait,127926,366,78,24,0,26,44,128,-237.55947890662821,2587.0
20251125,thailand_cambodia_2025,127926,18,2,0,0,0,58,6,-63.78190500100158,61.0
20251125,us_china_chips_2022,127926,233,33,12,0,11,206,57,1768.4831475483577,1897.0
20251125,us_china_tariffs_2025,127926,437,66,25,0,23,5736,69,2569.538405922287,3424.0
20251126,china_japan_2025,124693,148,55,15,0,8,314,14,-3180.068723972374,999.0
20251126,china_japan_seafood_2023,124693,148,55,15,0,8,314,13,-3180.068723972374,999.0
20251126,india_pakistan_2025,124693,54,33,5,0,18,1006,265,-981.7399104924463,175.0
20251126,israel_iran_2025,124693,60,26,7,0,12,785,99,-689.6975929453073,239.0
20251126,north_korea,124693,8,2,2,0,0,9,13,-151.50204452155367,30.0
20251126,russia_ukraine_2022,124693,982,240,54,2,99,273,479,-7204.765707628052,7007.0
20251126,south_china_sea_ph,124693,5,0,0,0,0,138,4,0.9520366353338492,13.0
20251126,taiwan_strait,124693,219,55,26,0,27,45,134,-1612.1187912415978,1817.0
20251126,thailand_cambodia_2025,124693,46,15,4,2,8,99,16,-1000.4314074545055,342.0
20251126,us_china_chips_2022,124693,162,37,13,0,18,224,47,1861.0146216109688,1282.0
20251126,us_china_tariffs_2025,124693,302,66,26,0,36,5669,70,2645.2258379011537,2402.0
20251127,china_japan_2025,102075,106,27,9,1,6,317,24,-2293.0502456830895,750.0
20251127,china_japan_seafood_2023,102075,106,27,9,1,6,317,12,-2293.0502456830895,750.0
20251127,india_pakistan_2025,102075,43,16,7,0,7,808,279,-2204.1991864692263,337.0
20251127,israel_iran_2025,102075,63,33,2,0,20,869,102,-812.8461260421084,340.0
20251127,north_korea,102075,14,6,1,0,2,5,9,-24.36865810061678,45.0
20251127,russia_ukraine_2022,102075,596,187,50,0,83,224,242,-9200.23285770038,4347.0
20251127,south_china_sea_ph,102075,24,4,0,0,0,78,2,-35.258362892449405,69.0
20251127,taiwan_strait,102075,164,44,21,2,19,25,108,-1412.7063731457608,876.0
20251127,thailand_cambodia_2025,102075,8,0,0,0,0,79,23,-43.477248923542525,22.0
20251127,us_china_chips_2022,102075,104,8,5,0,4,246,38,-370.2208352921825,862.0
20251127,us_china_tariffs_2025,102075,205,33,16,2,11,4348,58,-680.8122632146843,1433.0
20251128,china_japan_2025,95567,84,19,4,0,7,280,4,-3917.704560114021,1250.0
20251128,china_japan_seafood_2023,95567,84,19,4,0,7,280,6,-3917.704560114021,1250.0
20251128,india_pakistan_2025,95567,18,5,4,0,4,785,203,-247.56917258486433,85.0
20251128,israel_iran_2025,95567,34,22,3,0,12,1015,54,-411.609537830382,128.0
20251128,north_korea,95567,17,11,4,0,6,11,18,-155.6482112892795,61.0
20251128,russia_ukraine_2022,95567,524,182,51,0,72,278,286,-16382.420608725502,4975.0
20251128,south_china_sea_ph,95567,10,4,2,0,0,84,7,3.7073391724555123,31.0
20251128,taiwan_strait,95567,143,45,16,1,13,22,67,-880.4245952347899,885.0
20251128,thailand_cambodia_2025,95567,14,5,2,2,5,66,20,-113.12106129827035,43.0
20251128,us_china_chips_2022,95567,92,29,15,0,12,200,25,-208.78154419208659,421.0
20251128,us_china_tariffs_2025,95567,177,51,21,0,24,3544,42,-330.5023641606076,966.0
20251129,china_japan_2025,68033,40,7,2,0,1,160,3,-909.7946991804727,326.0
20251129,china_japan_seafood_2023,68033,40,7,2,0,1,160,5,-909.7946991804727,326.0
20251129,india_pakistan_2025,68033,10,6,2,0,4,770,218,-261.1719858692997,79.0
20251129,israel_iran_2025,68033,41,12,3,0,11,738,56,-330.5823589334659,137.0
20251129,north_korea,68033,9,7,3,0,2,8,8,-109.90750198009283,33.0
20251129,russia_ukraine_2022,68033,409,150,25,0,90,248,177,-15282.386596486293,3827.0
20251129,south_china_sea_ph,68033,26,14,2,0,6,77,4,-240.65779094528173,76.0
20251129,taiwan_strait,68033,58,9,2,0,2,7,27,326.2241830141641,550.0
20251129,thailand_cambodia_2025,68033,5,3,0,0,3,75,18,-88.45598845598849,16.0
20251129,us_china_chips_2022,68033,58,18,3,0,7,118,23,-113.23464498092525,266.0
20251129,us_china_tariffs_2025,68033,90,23,3,0,8,2582,26,666.2509804989616,629.0
20251130,china_japan_2025,60753,44,16,7,0,2,137,2,-972.2839357790467,205.0
20251130,china_japan_seafood_2023,60753,44,16,7,0,2,137,2,-972.2839357790467,205.0
20251130,india_pakistan_2025,60753,13,13,13,0,11,681,168,-172.67086219695986,35.0
20251130,israel_iran_2025,60753,42,19,2,0,10,678,57,-516.248833441102,142.0
20251130,north_korea,60753,9,2,1,0,1,12,11,-86.57679903039391,44.0
20251130,russia_ukraine_2022,60753,493,132,27,0,74,226,213,-17239.914472350472,5133.0
20251130,south_china_sea_ph,60753,2,0,0,0,0,124,4,22.0125786163522,10.0
20251130,taiwan_strait,60753,71,21,9,0,14,32,39,-74.77534866960175,390.0
20251130,thailand_cambodia_2025,60753,7,1,1,0,1,33,4,-70.13609037171246,24.0
20251130,us_china_chips_2022,60753,54,7,0,0,4,95,15,-208.10415406464918,225.0
20251130,us_china_tariffs_2025,60753,108,21,6,0,14,2193,21,-119.70781098828269,547.0
20251201,china_japan_2025,109383,65,19,9,0,3,215,3,-5955.251099709137,1211.0
20251201,china_japan_seafood_2023,109383,65,19,9,0,3,215,5,-5955.251099709137,1211.0
20251201,india_pakistan_2025,109383,43,17,11,0,14,795,209,-408.35969005523833,94.0
20251201,israel_iran_2025,109383,57,22,8,0,9,941,88,-766.0020040764714,205.0
20251201,north_korea,109383,17,7,1,0,2,11,7,-201.57368741144484,75.0
20251201,russia_ukraine_2022,109383,704,199,48,0,100,236,305,-11936.698222938416,4821.0
20251201,south_china_sea_ph,109383,15,6,0,0,2,75,8,-167.84440102923816,71.0
20251201,taiwan_strait,109383,101,37,8,0,5,16,64,-71.16349273612398,564.0
20251201,thailand_cambodia_2025,109383,36,5,0,0,3,98,13,-328.262262601453,101.0
20251201,us_china_chips_2022,109383,88,24,9,0,11,164,46,41.819869457285066,355.0
20251201,us_china_tariffs_2025,109383,155,41,10,0,14,4570,74,204.8033712535757,708.0
20251202,china_japan_2025,124206,86,33,7,0,13,311,21,-2030.9703912678583,502.0
20251202,china_japan_seafood_2023,124206,86,33,7,0,13,311,15,-2030.9703912678583,502.0
20251202,india_pakistan_2025,124206,41,25,10,0,10,1041,260,-1103.8640425451315,185.0
20251202,israel_iran_2025,124206,46,13,2,0,11,1095,88,-680.9378324389706,214.0
20251202,north_korea,124206,40,14,5,0,2,9,9,-62.66512944175388,185.0
20251202,russia_ukraine_2022,124206,1034,361,119,0,201,433,365,-17443.504219769216,8007.0
20251202,south_china_sea_ph,124206,4,0,0,0,0,87,6,-69.4101230891558,30.0
20251202,taiwan_strait,124206,146,39,9,0,14,41,71,-1401.9297716425062,713.0
20251202,thailand_cambodia_2025,124206,15,4,3,0,4,77,13,-163.22749534888956,63.0
20251202,us_china_chips_2022,124206,125,18,2,0,6,226,47,-146.28897779004438,575.0
20251202,us_china_tariffs_2025,124206,231,41,10,0,12,5724,124,-405.24791148727104,1031.0
20251203,china_japan_2025,129652,84,27,12,0,0,271,4,-269.6002306396795,953.0
20251203,china_japan_seafood_2023,129652,84,27,12,0,0,271,18,-269.6002306396795,953.0
20251203,india_pakistan_2025,129652,27,16,7,0,3,969,246,-458.7739405504054,90.0
20251203,israel_iran_2025,129652,64,22,4,0,22,873,108,-511.494088384999,240.0
20251203,north_korea,129652,10,4,3,0,3,10,18,-58.94972195051423,40.0
20251203,russia_ukraine_2022,129652,920,276,93,0,125,251,391,-17717.705467486394,6923.0
20251203,south_china_sea_ph,129652,8,8,3,0,3,45,7,-5.669209101269148,10.0
20251203,taiwan_strait,129652,210,61,22,0,27,28,73,-507.7680979929076,1354.0
20251203,thailand_cambodia_2025,129652,20,12,2,0,12,123,21,-687.5715519548777,128.0
20251203,us_china_chips_2022,129652,144,35,16,0,17,220,47,-974.4052029759293,836.0
20251203,us_china_tariffs_2025,129652,289,77,36,0,36,6003,74,-1796.1335818077905,1659.0
20251204,china_japan_2025,128862,64,29,7,0,0,323,9,-306.57801982508954,284.0
20251204,china_japan_seafood_2023,128862,64,29,7,0,0,323,8,-306.57801982508954,284.0
20251204,india_pakistan_2025,128862,25,16,8,0,12,841,278,-189.81367402929243,71.0
20251204,israel_iran_2025,128862,99,44,10,0,26,974,76,-2107.247966723903,468.0
20251204,north_korea,128862,33,13,4,0,5,22,15,-513.413026817155,126.0
20251204,russia_ukraine_2022,128862,971,308,77,0,131,333,337,-9357.666813578002,6110.0
20251204,south_china_sea_ph,128862,4,4,3,0,3,87,5,35.82559184896617,14.0
20251204,taiwan_strait,128862,244,80,29,2,25,36,67,-2748.762269081519,1997.0
20251204,thailand_cambodia_2025,128862,17,4,3,0,2,124,15,-436.67902229109797,90.0
20251204,us_china_chips_2022,128862,160,40,21,0,14,231,53,-4201.542713774325,2904.0
20251204,us_china_tariffs_2025,128862,316,82,39,2,29,6051,77,-6007.013896545416,4413.0
20251205,china_japan_2025,115543,74,28,2,0,7,368,11,-8452.587554628955,2479.0
20251205,china_japan_seafood_2023,115543,74,28,2,0,7,368,8,-8452.587554628955,2479.0
20251205,india_pakistan_2025,115543,14,5,3,0,5,804,219,-1.0404207990649716,34.0
20251205,israel_iran_2025,115543,57,30,4,0,27,763,69,-1627.4973202788021,347.0
20251205,north_korea,115543,25,17,13,0,7,14,11,-213.15776434533345,130.0
20251205,russia_ukraine_2022,115543,617,169,42,0,60,244,234,-5145.732175445884,3450.0
20251205,south_china_sea_ph,115543,11,3,0,0,2,76,6,-72.43124500745608,37.0
20251205,taiwan_strait,115543,219,75,15,0,23,58,95,-1468.2123015986629,1067.0
20251205,thailand_cambodia_2025,115543,10,6,3,0,6,55,22,-245.2636420217513,63.0
20251205,us_china_chips_2022,115543,120,15,2,2,4,247,45,-1272.9259399306927,1672.0
20251205,us_china_tariffs_2025,115543,270,57,12,2,12,5490,46,-1971.0499587800346,2335.0
20251206,china_japan_2025,72592,31,2,2,0,0,190,3,-373.56183891134555,103.0
20251206,china_japan_seafood_2023,72592,31,2,2,0,0,190,7,-373.56183891134555,103.0
20251206,india_pakistan_2025,72592,34,9,1,0,1,717,239,-98.30178262898805,62.0
20251206,israel_iran_2025,72592,29,12,4,0,6,471,48,-332.48902490304204,124.0
20251206,north_korea,72592,4,1,1,0,1,3,3,-33.76573650528178,32.0
20251206,russia_ukraine_2022,72592,486,162,14,0,97,225,162,-8181.656453261581,4905.0
20251206,south_china_sea_ph,72592,25,3,0,0,3,54,5,-757.4877752812865,240.0
20251206,taiwan_strait,72592,116,24,6,0,6,18,33,-894.0814661721186,652.0
20251206,thailand_cambodia_2025,72592,3,0,0,0,0,47,29,-11.994949494949502,5.0
20251206,us_china_chips_2022,72592,87,8,1,0,5,113,21,-184.00286788345784,862.0
20251206,us_china_tariffs_2025,72592,186,26,7,0,11,3362,18,-910.4787928811834,1440.0
20251207,china_japan_2025,61324,168,87,6,0,27,241,15,-5245.078353316182,1487.0
20251207,china_japan_seafood_2023,61324,168,87,6,0,27,241,2,-5245.078353316182,1487.0
20251207,india_pakistan_2025,61324,24,12,1,0,4,576,167,-253.441459998237,73.0
20251207,israel_iran_2025,61324,48,23,8,0,7,548,46,-1075.7694653505737,305.0
20251207,north_korea,61324,14,11,1,0,2,13,1,-143.344422696284,66.0
20251207,russia_ukraine_2022,61324,398,132,16,0,72,237,193,-6348.648288814527,2437.0
20251207,south_china_sea_ph,61324,14,6,0,0,6,50,3,-259.72926159660267,64.0
20251207,taiwan_strait,61324,94,27,8,0,8,19,37,-3218.4586547901235,785.0
20251207,thailand_cambodia_2025,61324,24,18,0,0,13,48,9,-243.6211051543145,80.0
20251207,us_china_chips_2022,61324,59,14,5,0,6,146,17,-2709.5131064930683,712.0
20251207,us_china_tariffs_2025,61324,103,28,9,0,10,2284,21,-5055.2524646339025,1222.0
20251208,china_japan_2025,111373,202,104,18,0,31,363,14,-5289.641767457542,1030.0
20251208,china_japan_seafood_2023,111373,202,104,18,0,31,363,3,-5289.641767457542,1030.0
20251208,india_pakistan_2025,111373,24,13,4,0,6,926,187,-322.649786536999,53.0
20251208,israel_iran_2025,111373,91,31,14,0,17,844,116,-1675.701520314112,341.0
20251208,north_korea,111373,33,14,6,0,2,14,17,-103.09075452228315,166.0
20251208,russia_ukraine_2022,111373,665,228,32,0,111,269,247,-8278.085730456653,8024.0
20251208,south_china_sea_ph,111373,7,2,0,0,2,116,2,-649.0272683757698,192.0
20251208,taiwan_strait,111373,231,62,18,0,21,31,46,-4072.8623775808705,2175.0
20251208,thailand_cambodia_2025,111373,1161,785,33,0,397,727,235,-107742.17268950098,14280.0
20251208,us_china_chips_2022,111373,210,51,14,0,20,223,55,509.5087012459731,1445.0
20251208,us_china_tariffs_2025,111373,391,87,28,0,31,4342,73,-3091.6630140322322,3384.0
20251209,china_japan_2025,123073,94,36,9,0,17,369,2,-1965.2024746443121,547.0
20251209,china_japan_seafood_2023,123073,94,36,9,0,17,369,4,-1965.2024746443121,547.0
20251209,india_pakistan_2025,123073,18,11,7,0,2,798,228,-286.33367871775386,54.0
20251209,israel_iran_2025,123073,65,21,8,0,13,931,79,-1317.6277148763031,257.0
20251209,north_korea,123073,15,4,3,0,1,3,13,-11.328854348158828,43.0
20251209,russia_ukraine_2022,123073,506,174,26,0,89,277,244,-6144.3138479651525,2546.0
20251209,south_china_sea_ph,123073,1,0,0,0,0,66,4,-2.88461538461538,3.0
20251209,taiwan_strait,123073,369,69,29,0,26,36,65,-755.5119347224422,3196.0
20251209,thailand_cambodia_2025,123073,694,437,19,0,211,531,160,-48729.34736844825,6735.0
20251209,us_china_chips_2022,123073,339,74,47,2,40,266,170,5892.857241911508,4044.0
20251209,us_china_tariffs_2025,123073,643,135,76,2,63,6042,138,6662.844119738406,6579.0
20251210,china_japan_2025,123631,108,37,6,0,10,403,3,-1464.0792565681202,731.0
20251210,china_japan_seafood_2023,123631,108,37,6,0,10,403,6,-1464.0792565681202,731.0
20251210,india_pakistan_2025,123631,23,7,3,0,5,846,204,-123.58518592241275,55.0
20251210,israel_iran_2025,123631,52,19,7,0,8,799,89,-658.1666552187971,195.0
20251210,north_korea,123631,31,9,0,0,8,43,24,500.31011913975095,387.0
20251210,russia_ukraine_2022,123631,462,151,38,0,74,278,312,-8600.215042027747,4458.0
20251210,south_china_sea_ph,123631,10,2,0,0,2,57,9,-140.94188669714828,38.0
20251210,taiwan_strait,123631,230,56,16,1,22,24,46,-194.83721130075543,1425.0
20251210,thailand_cambodia_2025,123631,542,293,20,3,183,462,135,-25154.4437756403,4232.0
20251210,us_china_chips_2022,123631,274,77,35,0,39,270,94,-1119.2366229587683,1947.0
20251210,us_china_tariffs_2025,123631,467,124,49,1,59,6015,83,-1071.9444529690782,3213.0
20251211,china_japan_2025,125835,112,34,2,0,18,435,6,-1886.4777549905593,855.0
20251211,china_japan_seafood_2023,125835,112,34,2,0,18,435,14,-1886.4777549905593,855.0
20251211,india_pakistan_2025,125835,15,7,4,0,4,885,242,-305.76840347376105,128.0
20251211,israel_iran_2025,125835,63,32,13,0,18,827,93,-891.7248814404211,213.0
20251211,north_korea,125835,15,4,2,0,4,11,12,100.04409371760262,68.0
20251211,russia_ukraine_2022,125835,576,166,33,0,88,298,295,-14150.586656495641,6331.0
20251211,south_china_sea_ph,125835,10,1,0,0,0,70,8,-145.69257797459676,37.0
20251211,taiwan_strait,125835,248,79,21,1,22,35,82,-2742.23553431272,1808.0
20251211,thailand_cambodia_2025,125835,485,362,16,0,184,453,124,-33049.80207552134,5482.0
20251211,us_china_chips_2022,125835,242,72,33,0,30,292,65,-2518.4853280058333,1367.0
20251211,us_china_tariffs_2025,125835,427,126,43,1,43,6211,116,-4264.660831458216,2714.0
20251212,china_japan_2025,116705,126,36,5,0,5,325,7,-1811.8808108043295,689.0
20251212,china_japan_seafood_2023,116705,126,36,5,0,5,325,12,-1811.8808108043295,689.0
20251212,india_pakistan_2025,116705,13,8,4,0,7,814,214,-173.62825668504598,39.0
20251212,israel_iran_2025,116705,84,49,8,0,34,776,131,-1942.934428737958,400.0
20251212,north_korea,116705,13,4,0,0,0,10,15,89.02436043069011,59.0
20251212,russia_ukraine_2022,116705,644,246,57,0,99,258,274,-22041.61801868131,6538.0
20251212,south_china_sea_ph,116705,34,14,4,0,0,35,9,-274.4969762127169,210.0
20251212,taiwan_strait,116705,235,58,24,0,13,16,59,-2452.872339569961,2451.0
20251212,thailand_cambodia_2025,116705,388,223,0,0,143,272,107,-15830.92673833175,4331.0
20251212,us_china_chips_2022,116705,221,52,20,0,24,216,65,-5195.418312856,2687.0
20251212,us_china_tariffs_2025,116705,413,100,39,0,35,5674,83,-7418.947451897015,4903.0
20251213,china_japan_2025,74469,74,32,5,0,6,258,1,-3092.4332425686384,592.0
20251213,china_japan_seafood_2023,74469,74,32,5,0,6,258,7,-3092.4332425686384,592.0
20251213,india_pakistan_2025,74469,31,14,6,0,14,660,208,-477.16421919422373,107.0
20251213,israel_iran_2025,74469,46,20,9,0,8,596,113,-920.1284249094738,213.0
20251213,north_korea,74469,5,0,0,0,0,15,21,-13.274421949330673,9.0
20251213,russia_ukraine_2022,74469,462,211,52,0,113,193,203,-20665.72626615158,5357.0
20251213,south_china_sea_ph,74469,87,61,13,0,30,41,13,-7061.256797165635,1190.0
20251213,taiwan_strait,74469,127,35,10,0,11,19,32,-1037.1477649871556,569.0
20251213,thailand_cambodia_2025,74469,588,369,58,0,228,384,148,-24544.13057505103,5322.0
20251213,us_china_chips_2022,74469,141,48,22,1,24,173,30,-3285.0591984651246,1244.0
20251213,us_china_tariffs_2025,74469,241,68,31,1,34,3757,59,-3899.597290818555,1703.0
20251214,china_japan_2025,65094,28,5,0,0,2,163,1,-396.8823118138144,187.0
20251214,china_japan_seafood_2023,65094,28,5,0,0,2,163,1,-396.8823118138144,187.0
20251214,india_pakistan_2025,65094,10,1,0,0,1,587,117,69.19239228756216,34.0
20251214,israel_iran_2025,65094,71,41,22,0,8,788,71,-1199.7846897888253,235.0
20251214,north_korea,65094,0,0,0,0,0,7,8,0.0,0.0
20251214,russia_ukraine_2022,65094,364,159,18,1,70,169,149,-20027.172263596884,7404.0
20251214,south_china_sea_ph,65094,46,32,11,0,9,40,5,-2649.041071796788,456.0
20251214,taiwan_strait,65094,92,24,11,0,7,29,29,-688.8894016975996,459.0
20251214,thailand_cambodia_2025,65094,424,272,47,16,171,335,91,-35882.813764440856,6167.0
20251214,us_china_chips_2022,65094,90,24,7,0,14,112,20,-642.5963922068231,419.0
20251214,us_china_tariffs_2025,65094,167,41,15,0,19,3082,22,-1209.8296012999122,843.0
20251215,china_japan_2025,111302,93,45,17,0,2,386,1,-2078.1678570220324,605.0
20251215,china_japan_seafood_2023,111302,93,45,17,0,2,386,8,-2078.1678570220324,605.0
20251215,india_pakistan_2025,111302,28,22,0,0,16,901,202,-1275.9042909646555,128.0
20251215,israel_iran_2025,111302,68,27,0,0,11,1027,94,-1157.1476752763003,232.0
20251215,north_korea,111302,10,6,3,0,0,8,10,-131.73302244992925,23.0
20251215,russia_ukraine_2022,111302,519,213,28,0,81,214,320,-12224.658607132114,7364.0
20251215,south_china_sea_ph,111302,43,32,10,0,12,72,5,-1192.3367378449846,191.0
20251215,taiwan_strait,111302,206,42,17,0,11,26,51,-1710.789846777162,1231.0
20251215,thailand_cambodia_2025,111302,295,208,19,14,138,284,81,-13927.870616495977,2716.0
20251215,us_china_chips_2022,111302,198,52,22,0,17,317,56,-3204.193592604921,1302.0
20251215,us_china_tariffs_2025,111302,351,74,34,0,26,5690,49,-4097.632207225683,2323.0
20251216,china_japan_2025,117293,75,24,4,0,4,337,3,-1839.382868858623,559.0
20251216,china_japan_seafood_2023,117293,75,24,4,0,4,337,11,-1839.382868858623,559.0
20251216,india_pakistan_2025,117293,62,24,1,0,17,861,257,-2000.5486978619729,492.0
20251216,israel_iran_2025,117293,34,15,4,0,6,858,87,-415.73920392204053,112.0
20251216,north_korea,117293,40,12,2,0,10,18,12,-404.91337218208514,176.0
20251216,russia_ukraine_2022,117293,588,244,41,0,116,245,304,-4712.74881282109,4902.0
20251216,south_china_sea_ph,117293,38,26,4,0,12,210,1,-971.3195133254328,147.0
20251216,taiwan_strait,117293,175,49,22,0,29,39,61,-2251.352595394056,923.0
20251216,thailand_cambodia_2025,117293,152,83,3,1,49,216,39,-7194.5235594885235,1281.0
20251216,us_china_chips_2022,117293,160,61,28,0,26,265,47,-3484.581042961153,1131.0
20251216,us_china_tariffs_2025,117293,294,95,49,0,51,6336,49,-4936.958547786289,1773.0
20251217,china_japan_2025,120993,141,56,14,0,12,344,11,-2430.8282871957663,1032.0
20251217,china_japan_seafood_2023,120993,141,56,14,0,12,344,12,-2430.8282871957663,1032.0
20251217,india_pakistan_2025,120993,44,21,5,0,11,928,228,-2988.9057998686676,632.0
20251217,israel_iran_2025,120993,133,59,13,0,28,1002,119,-1615.9446639954658,467.0
20251217,north_korea,120993,30,11,1,0,8,14,12,-60.79121919422605,112.0
20251217,russia_ukraine_2022,120993,431,159,26,0,81,195,235,-6906.79839306496,2213.0
20251217,south_china_sea_ph,120993,19,14,4,0,0,188,5,-1293.5996457549932,136.0
20251217,taiwan_strait,120993,199,56,23,0,25,40,78,-1114.7055332035861,1071.0
20251217,thailand_cambodia_2025,120993,130,83,5,0,37,164,33,-3169.5859648438122,566.0
20251217,us_china_chips_2022,120993,188,64,28,0,29,255,58,-1253.939314452844,1848.0
20251217,us_china_tariffs_2025,120993,335,105,47,0,46,6572,29,-2177.32100385556,2510.0
20251218,china_japan_2025,121271,68,13,0,0,4,243,5,-342.58680142285266,389.0
20251218,china_japan_seafood_2023,121271,68,13,0,0,4,243,7,-342.58680142285266,389.0
20251218,india_pakistan_2025,121271,26,11,2,0,4,774,236,-570.9371089655258,217.0
20251218,israel_iran_2025,121271,105,53,13,0,22,806,76,-1952.7016791758817,441.0
20251218,north_korea,121271,6,1,0,0,0,3,14,-8.522836710926866,36.0
20251218,russia_ukraine_2022,121271,620,234,51,0,110,243,271,-12868.285547154846,3785.0
20251218,south_china_sea_ph,121271,33,26,2,0,9,113,4,-5081.96416902482,487.0
20251218,taiwan_strait,121271,283,93,26,0,20,43,184,-1831.7542252486462,2170.0
20251218,thailand_cambodia_2025,121271,224,118,13,0,78,176,77,-8296.174057368822,1942.0
20251218,us_china_chips_2022,121271,195,50,18,0,20,176,64,-2316.896065814362,1542.0
20251218,us_china_tariffs_2025,121271,367,107,33,0,34,6339,64,-3106.898256609634,2710.0
20251219,china_japan_2025,116380,50,12,2,0,5,318,6,-1136.2437551827124,562.0
20251219,china_japan_seafood_2023,116380,50,12,2,0,5,318,6,-1136.2437551827124,562.0
20251219,india_pakistan_2025,116380,29,14,2,0,0,794,210,-424.7368486153582,90.0
20251219,israel_iran_2025,116380,101,53,15,0,21,644,84,-2629.7284921582705,533.0
20251219,north_korea,116380,4,0,0,0,0,5,16,-14.556407026243699,9.0
20251219,russia_ukraine_2022,116380,459,157,34,0,62,203,351,-10593.184487882409,4886.0
20251219,south_china_sea_ph,116380,5,4,2,0,3,137,4,-50.713532354516,14.0
20251219,taiwan_strait,116380,268,82,25,0,27,63,105,-3078.2518968522118,1633.0
20251219,thailand_cambodia_2025,116380,173,96,4,0,60,193,47,-6658.178854177948,1697.0
20251219,us_china_chips_2022,116380,211,67,44,0,21,264,61,-359.43468420549334,2662.0
20251219,us_china_tariffs_2025,116380,377,103,57,0,40,7387,48,-1802.9366563481517,3736.0
20251220,china_japan_2025,72879,35,7,0,0,1,133,3,-289.0574468634486,182.0
20251220,china_japan_seafood_2023,72879,35,7,0,0,1,133,5,-289.0574468634486,182.0
20251220,india_pakistan_2025,72879,15,10,4,0,1,646,194,-326.2611547479953,66.0
20251220,israel_iran_2025,72879,183,71,17,0,40,667,108,-2663.481588195251,669.0
20251220,north_korea,72879,7,0,0,0,0,1,2,-29.634706301289437,20.0
20251220,russia_ukraine_2022,72879,466,124,24,0,60,154,172,-13815.966679401468,4814.0
20251220,south_china_sea_ph,72879,5,3,2,0,0,62,1,-48.636523028503426,24.0
20251220,taiwan_strait,72879,103,28,13,0,11,37,63,-2305.1048552301154,641.0
20251220,thailand_cambodia_2025,72879,102,63,3,0,40,124,18,-1841.5647151033309,715.0
20251220,us_china_chips_2022,72879,106,24,9,0,10,107,19,-736.3705067326937,630.0
20251220,us_china_tariffs_2025,72879,184,41,20,0,19,4174,17,-2572.3182645851484,1152.0
20251221,china_japan_2025,55956,22,8,0,0,3,125,2,-221.02184882946062,86.0
20251221,china_japan_seafood_2023,55956,22,8,0,0,3,125,7,-221.02184882946062,86.0
20251221,india_pakistan_2025,55956,11,5,4,0,4,525,154,-93.21426337795776,36.0
20251221,israel_iran_2025,55956,101,34,17,0,13,690,59,-1830.1346369888718,361.0
20251221,north_korea,55956,34,8,0,0,0,5,14,-431.6579821206363,450.0
20251221,russia_ukraine_2022,55956,548,119,17,0,65,142,199,-3253.409025482334,8084.0
20251221,south_china_sea_ph,55956,16,7,4,0,7,56,2,76.15937745337042,46.0
20251221,taiwan_strait,55956,99,14,4,0,3,25,42,-110.71462361473287,423.0
20251221,thailand_cambodia_2025,55956,186,98,3,0,82,189,34,-9871.056994737974,1472.0
20251221,us_china_chips_2022,55956,98,13,10,0,11,89,13,-194.9412263588536,441.0
20251221,us_china_tariffs_2025,55956,182,21,14,0,12,2263,23,-95.83933799357231,788.0
20251222,china_japan_2025,95920,44,25,6,0,10,188,4,-637.3138986480787,259.0
20251222,china_japan_seafood_2023,95920,44,25,6,0,10,188,27,-637.3138986480787,259.0
20251222,india_pakistan_2025,95920,22,4,0,0,2,730,216,-362.2766472979404,120.0
20251222,israel_iran_2025,95920,175,75,20,0,26,849,116,-3705.291365760693,715.0
20251222,north_korea,95920,27,9,2,0,1,4,12,-544.8245988441744,162.0
20251222,russia_ukraine_2022,95920,741,257,35,0,154,403,241,-25803.020842068727,8603.0
20251222,south_china_sea_ph,95920,0,0,0,0,0,124,2,0.0,0.0
20251222,taiwan_strait,95920,201,60,15,0,18,35,72,-957.1805945670244,906.0
20251222,thailand_cambodia_2025,95920,429,204,14,0,113,244,108,-28192.649039211617,6617.0
20251222,us_china_chips_2022,95920,138,30,9,2,12,134,49,-1153.893654920706,754.0
20251222,us_china_tariffs_2025,95920,300,74,19,2,29,4450,61,-2257.680727052492,1497.0
20251223,china_japan_2025,106041,32,14,7,0,6,245,3,-1842.1091351290493,462.0
20251223,china_japan_seafood_2023,106041,32,14,7,0,6,245,10,-1842.1091351290493,462.0
20251223,india_pakistan_2025,106041,21,8,4,0,5,987,246,-278.9746368939704,59.0
20251223,israel_iran_2025,106041,102,35,11,0,15,966,83,-1384.6666480147023,332.0
20251223,north_korea,106041,32,22,15,0,14,18,33,-1147.909631007145,377.0
20251223,russia_ukraine_2022,106041,676,272,32,0,176,411,196,-21928.39143031268,5591.0
20251223,south_china_sea_ph,106041,5,5,3,0,5,112,5,-135.46583850931734,17.0
20251223,taiwan_strait,106041,186,63,22,0,9,21,48,-2230.814446252939,984.0
20251223,thailand_cambodia_2025,106041,303,102,9,0,61,168,66,-7384.455091554571,2369.0
20251223,us_china_chips_2022,106041,170,40,23,0,21,204,41,-1969.3915902042488,997.0
20251223,us_china_tariffs_2025,106041,340,91,39,0,24,5409,69,-3938.3263655331684,1916.0
20251224,china_japan_2025,90215,50,13,6,0,4,233,0,-1667.4960760358708,492.0
20251224,china_japan_seafood_2023,90215,50,13,6,0,4,233,10,-1667.4960760358708,492.0
20251224,india_pakistan_2025,90215,28,8,3,0,8,854,217,-285.272837488307,68.0
20251224,israel_iran_2025,90215,126,49,17,0,25,871,93,-1082.5017609452468,1083.0
20251224,north_korea,90215,29,9,9,0,6,15,12,-73.51240600746965,173.0
20251224,russia_ukraine_2022,90215,611,248,19,0,120,298,204,-17957.213725828085,5522.0
20251224,south_china_sea_ph,90215,12,6,0,0,2,69,10,-212.1455075272764,52.0
20251224,taiwan_strait,90215,219,93,15,0,21,52,69,-5114.912963928524,1491.0
20251224,thailand_cambodia_2025,90215,324,187,10,0,110,241,72,-11296.73165056758,2185.0
20251224,us_china_chips_2022,90215,141,44,16,1,14,186,39,-5542.056276750505,1600.0
20251224,us_china_tariffs_2025,90215,286,102,26,1,29,4892,34,-9203.840370761256,2537.0
20251225,china_japan_2025,57903,60,6,1,0,3,150,7,-1080.784468594381,474.0
20251225,china_japan_seafood_2023,57903,60,6,1,0,3,150,4,-1080.784468594381,474.0
20251225,india_pakistan_2025,57903,21,6,0,0,3,695,200,-883.6857491513224,647.0
20251225,israel_iran_2025,57903,147,74,30,0,49,737,82,-3381.4073131697237,784.0
20251225,north_korea,57903,73,45,5,0,5,15,64,-864.2676604250023,1379.0
20251225,russia_ukraine_2022,57903,430,165,20,0,90,247,139,-8119.806882927708,4757.0
20251225,south_china_sea_ph,57903,1,0,0,0,0,35,7,-5.31468531468532,2.0
20251225,taiwan_strait,57903,123,63,11,0,10,11,34,-1051.6604159572491,829.0
20251225,thailand_cambodia_2025,57903,192,97,4,0,53,131,36,-11101.808529686234,1939.0
20251225,us_china_chips_2022,57903,50,19,5,0,4,115,32,-233.44734024562044,313.0
20251225,us_china_tariffs_2025,57903,131,54,11,0,13,2430,15,-1097.1817938354707,771.0
20251226,china_japan_2025,69177,55,12,5,0,4,231,4,-2566.299089783857,1122.0
20251226,china_japan_seafood_2023,69177,55,12,5,0,4,231,4,-2566.299089783857,1122.0
20251226,india_pakistan_2025,69177,19,5,0,0,1,854,201,435.2852373717689,136.0
20251226,israel_iran_2025,69177,91,48,13,0,35,823,52,-2445.6004060137043,437.0
20251226,north_korea,69177,42,18,2,0,2,26,40,-103.45772756002856,179.0
20251226,russia_ukraine_2022,69177,609,190,19,0,83,203,183,-45192.37267052837,16055.0
20251226,south_china_sea_ph,69177,36,4,0,0,0,72,3,-188.474151016477,145.0
20251226,taiwan_strait,69177,184,64,22,2,4,26,72,-2546.8740245090607,997.0
20251226,thailand_cambodia_2025,69177,259,82,10,3,52,204,51,-9202.682487421796,1968.0
20251226,us_china_chips_2022,69177,105,26,7,0,10,148,26,-2010.8738683330996,728.0
20251226,us_china_tariffs_2025,69177,226,63,17,2,14,3151,23,-3383.836616846056,1355.0
20251227,china_japan_2025,61440,36,4,2,0,2,192,1,-620.2390495026274,230.0
20251227,china_japan_seafood_2023,61440,36,4,2,0,2,192,5,-620.2390495026274,230.0
20251227,india_pakistan_2025,61440,19,6,5,0,5,816,187,-80.52238184849121,27.0
20251227,israel_iran_2025,61440,90,38,12,0,28,642,51,-1956.9224584428325,385.0
20251227,north_korea,61440,27,9,0,0,0,20,17,20.845469311150424,94.0
20251227,russia_ukraine_2022,61440,696,311,38,0,149,288,220,-58203.09387652574,12648.0
20251227,south_china_sea_ph,61440,7,3,0,0,3,55,1,-100.68056126879661,20.0
20251227,taiwan_strait,61440,106,32,12,0,4,11,71,-4380.534033793207,1571.0
20251227,thailand_cambodia_2025,61440,721,213,19,0,160,323,175,-137690.04679488015,26336.0
20251227,us_china_chips_2022,61440,65,7,0,0,3,110,7,-901.533460722439,576.0
20251227,us_china_tariffs_2025,61440,134,24,6,0,5,2911,21,-4610.866882197352,1910.0
20251228,china_japan_2025,57970,24,10,2,0,2,144,1,-452.3674202824518,225.0
20251228,china_japan_seafood_2023,57970,24,10,2,0,2,144,4,-452.3674202824518,225.0
20251228,india_pakistan_2025,57970,7,5,0,0,2,757,178,-65.80935563008599,19.0
20251228,israel_iran_2025,57970,117,37,2,0,28,659,87,-3231.392200142744,614.0
20251228,north_korea,57970,11,1,1,0,0,16,12,-78.1283556904332,61.0
20251228,russia_ukraine_2022,57970,788,280,33,0,142,232,298,-13299.112715611489,14872.0
20251228,south_china_sea_ph,57970,11,5,0,0,1,37,1,-334.3799981597425,62.0
20251228,taiwan_strait,57970,115,19,9,0,6,12,53,-1303.3688061244045,994.0
20251228,thailand_cambodia_2025,57970,428,96,4,0,74,143,90,-17961.32596000691,7294.0
20251228,us_china_chips_2022,57970,104,24,6,0,7,114,9,-993.2088105756934,881.0
20251228,us_china_tariffs_2025,57970,182,38,14,0,10,2092,18,-2154.400883506653,1688.0
20251229,china_japan_2025,88466,68,20,2,0,5,378,3,-1784.21813853901,691.0
20251229,china_japan_seafood_2023,88466,68,20,2,0,5,378,11,-1784.21813853901,691.0
20251229,india_pakistan_2025,88466,30,11,1,0,1,1089,208,-569.7272686986455,121.0
20251229,israel_iran_2025,88466,342,144,40,0,46,667,163,-10427.636306292523,3267.0
20251229,north_korea,88466,26,10,1,0,3,38,46,-1095.0057867969972,374.0
20251229,russia_ukraine_2022,88466,1145,391,37,0,172,316,468,-12905.310347083852,18209.0
20251229,south_china_sea_ph,88466,4,2,0,0,0,68,3,-480.9143248261874,249.0
20251229,taiwan_strait,88466,316,151,52,0,69,169,244,-13585.576059932106,4386.0
20251229,thailand_cambodia_2025,88466,583,198,19,0,91,157,91,-14608.06373469007,7856.0
20251229,us_china_chips_2022,88466,100,26,9,0,5,288,27,-794.3600112309555,487.0
20251229,us_china_tariffs_2025,88466,208,59,24,0,14,4034,34,-3691.46184793647,1598.0
20251230,china_japan_2025,92387,47,20,0,0,3,368,4,-713.3352260059138,318.0
20251230,china_japan_seafood_2023,92387,47,20,0,0,3,368,9,-713.3352260059138,318.0
20251230,india_pakistan_2025,92387,8,1,0,0,0,987,208,-74.66370685624341,19.0
20251230,israel_iran_2025,92387,311,127,59,0,42,761,232,-17007.730287387876,4386.0
20251230,north_korea,92387,25,10,0,0,8,11,17,-79.65901566415005,84.0
20251230,russia_ukraine_2022,92387,724,333,39,0,107,347,298,-23058.248773469288,5208.0
20251230,south_china_sea_ph,92387,0,0,0,0,0,110,3,0.0,0.0
20251230,taiwan_strait,92387,383,164,33,0,85,161,204,-34736.74622639074,8867.0
20251230,thailand_cambodia_2025,92387,318,92,6,2,48,119,49,-7259.443121108592,2490.0
20251230,us_china_chips_2022,92387,143,28,10,0,4,288,33,-996.3537757843656,972.0
20251230,us_china_tariffs_2025,92387,259,60,19,0,8,4562,30,-2044.1204533608031,1522.0
20251231,china_japan_2025,86986,74,34,14,0,11,376,3,242.40300684208427,632.0
20251231,china_japan_seafood_2023,86986,74,34,14,0,11,376,10,242.40300684208427,632.0
20251231,india_pakistan_2025,86986,20,11,3,0,4,780,268,-302.16763506623266,67.0
20251231,israel_iran_2025,86986,164,61,24,0,29,688,116,-3361.4081951048,750.0
20251231,north_korea,86986,28,11,0,0,4,10,5,21.770587363081322,53.0
20251231,russia_ukraine_2022,86986,627,286,30,0,119,344,203,-14226.635431969484,6997.0
20251231,south_china_sea_ph,86986,18,11,4,0,4,78,0,-881.7969284476821,401.0
20251231,taiwan_strait,86986,268,106,29,0,55,84,172,-10718.081111759659,2950.0
20251231,thailand_cambodia_2025,86986,240,34,2,0,26,69,72,-4831.202091864709,2251.0
20251231,us_china_chips_2022,86986,96,15,3,0,4,274,40,-929.9879825618584,620.0
20251231,us_china_tariffs_2025,86986,206,59,19,0,19,4798,63,-1755.6862398422816,1095.0
