date,case,day_total,events,conflict,threat_coerce,sanction,military_pair,military_geo,keyword_articles,tone_num,tone_den
20260101,china_japan_2025,63029,33,17,7,0,3,233,3,-412.34904948439083,171.0
20260101,china_japan_seafood_2023,63029,33,17,7,0,3,233,4,-412.34904948439083,171.0
20260101,india_pakistan_2025,63029,42,15,10,0,14,717,214,-654.8451808851528,202.0
20260101,israel_iran_2025,63029,85,49,7,0,29,660,85,-1176.7735055285204,317.0
20260101,north_korea,63029,34,8,2,0,3,4,25,279.8582999288026,114.0
20260101,russia_ukraine_2022,63029,553,280,37,0,122,361,179,-19274.200515355784,3774.0
20260101,south_china_sea_ph,63029,22,17,0,0,5,64,2,-278.64415750841124,96.0
20260101,taiwan_strait,63029,234,75,25,0,38,57,126,-4619.509687649056,2343.0
20260101,thailand_cambodia_2025,63029,89,19,0,0,7,29,20,-3724.8438638897396,1102.0
20260101,us_china_chips_2022,63029,117,25,10,3,15,202,30,-354.9860935649624,952.0
20260101,us_china_tariffs_2025,63029,213,41,14,3,22,3237,68,-1391.115420661831,1508.0
20260102,china_japan_2025,73887,53,18,10,0,2,219,4,-81.21915007069686,234.0
20260102,china_japan_seafood_2023,73887,53,18,10,0,2,219,5,-81.21915007069686,234.0
20260102,india_pakistan_2025,73887,20,9,6,0,5,700,190,-285.51197758079184,81.0
20260102,israel_iran_2025,73887,194,92,26,0,39,996,255,-33260.85547946133,5817.0
20260102,north_korea,73887,59,5,5,0,2,16,40,-206.57948494183935,404.0
20260102,russia_ukraine_2022,73887,412,217,23,0,100,323,155,-26439.190906844193,5180.0
20260102,south_china_sea_ph,73887,10,4,0,0,0,50,1,-193.42109028851488,39.0
20260102,taiwan_strait,73887,191,57,10,0,36,40,101,-3901.3123378146424,4165.0
20260102,thailand_cambodia_2025,73887,83,26,0,0,14,22,14,-1069.7440669417315,370.0
20260102,us_china_chips_2022,73887,123,26,8,0,8,162,38,-2741.6446529300983,1041.0
20260102,us_china_tariffs_2025,73887,205,37,10,0,13,3886,68,-3058.752883161818,1440.0
20260103,china_japan_2025,70613,32,8,2,0,0,192,14,-387.8479710045646,382.0
20260103,china_japan_seafood_2023,70613,32,8,2,0,0,192,1,-387.8479710045646,382.0
20260103,india_pakistan_2025,70613,16,13,7,0,10,506,165,-341.1780466986862,83.0
20260103,israel_iran_2025,70613,143,82,13,0,45,629,206,-14235.879495347495,2452.0
20260103,north_korea,70613,2,2,2,0,2,5,14,-5.6637168141593,2.0
20260103,russia_ukraine_2022,70613,507,266,35,0,127,239,119,-15757.462620373204,4122.0
20260103,south_china_sea_ph,70613,0,0,0,0,0,25,1,0.0,0.0
20260103,taiwan_strait,70613,204,84,15,0,28,26,33,-6354.802695579728,2673.0
20260103,thailand_cambodia_2025,70613,42,19,0,0,3,29,10,-4657.775739404829,603.0
20260103,us_china_chips_2022,70613,104,27,8,0,6,143,25,-4413.012587904789,1735.0
20260103,us_china_tariffs_2025,70613,251,77,21,0,8,4062,27,-10388.428317071946,3850.0
20260104,china_japan_2025,73331,37,10,0,0,3,225,3,-593.6411487227394,281.0
20260104,china_japan_seafood_2023,73331,37,10,0,0,3,225,1,-593.6411487227394,281.0
20260104,india_pakistan_2025,73331,8,4,0,0,0,641,131,-36.86776002466143,15.0
20260104,israel_iran_2025,73331,135,54,18,0,26,771,123,-3264.6483024961967,941.0
20260104,north_korea,73331,132,81,1,0,63,98,111,-4378.930700561492,2328.0
20260104,russia_ukraine_2022,73331,399,233,27,0,91,128,59,-14361.485306154158,4114.0
20260104,south_china_sea_ph,73331,5,0,0,0,0,49,1,-47.450795150370084,18.0
20260104,taiwan_strait,73331,393,182,19,0,29,46,59,-11105.911853432526,3423.0
20260104,thailand_cambodia_2025,73331,39,20,0,0,3,25,16,-1436.400137151177,227.0
20260104,us_china_chips_2022,73331,172,46,16,0,17,160,12,-2961.3753699748167,927.0
20260104,us_china_tariffs_2025,73331,487,184,27,0,26,3267,23,-12193.106194506157,3720.0
20260105,china_japan_2025,112019,38,14,2,0,4,309,3,-873.8573668586782,337.0
20260105,china_japan_seafood_2023,112019,38,14,2,0,4,309,5,-873.8573668586782,337.0
20260105,india_pakistan_2025,112019,14,6,1,0,2,713,189,-29.174432316992124,34.0
20260105,israel_iran_2025,112019,234,100,30,0,36,922,197,-3728.6123943592306,872.0
20260105,north_korea,112019,92,54,3,0,25,66,65,-1747.0219957947772,899.0
20260105,russia_ukraine_2022,112019,568,301,26,0,138,294,194,-11244.345243507312,3831.0
20260105,south_china_sea_ph,112019,21,11,2,0,5,87,9,-112.47327823039552,60.0
20260105,taiwan_strait,112019,439,175,36,0,29,44,77,-10139.242694785302,3113.0
20260105,thailand_cambodia_2025,112019,108,47,4,0,14,108,16,-2395.152901152246,903.0
20260105,us_china_chips_2022,112019,155,39,9,0,14,245,34,-1552.5239626372704,599.0
20260105,us_china_tariffs_2025,112019,492,168,18,0,27,5528,109,-10442.004724372968,3263.0
20260106,china_japan_2025,124325,72,27,19,0,6,290,8,-2461.5482243991346,1203.0
20260106,china_japan_seafood_2023,124325,72,27,19,0,6,290,8,-2461.5482243991346,1203.0
20260106,india_pakistan_2025,124325,19,10,8,0,8,908,225,-618.071688932772,153.0
20260106,israel_iran_2025,124325,183,86,39,0,29,977,171,-4367.874250065659,928.0
20260106,north_korea,124325,39,22,1,0,16,30,18,-455.81402369164095,111.0
20260106,russia_ukraine_2022,124325,567,228,43,0,105,320,298,-11317.330327595511,4465.0
20260106,south_china_sea_ph,124325,15,5,0,0,1,88,7,-157.96183790956135,62.0
20260106,taiwan_strait,124325,404,156,27,0,26,63,96,-9594.35782613287,2624.0
20260106,thailand_cambodia_2025,124325,200,110,16,0,49,82,46,-16687.118992662745,2391.0
20260106,us_china_chips_2022,124325,151,51,12,0,8,215,62,-2317.55970499298,868.0
20260106,us_china_tariffs_2025,124325,444,167,26,0,18,6345,65,-9470.450862122178,2760.0
20260107,china_japan_2025,130139,169,66,45,0,20,399,5,-6319.768941276542,2057.0
20260107,china_japan_seafood_2023,130139,169,66,45,0,20,399,12,-6319.768941276542,2057.0
20260107,india_pakistan_2025,130139,14,4,2,0,3,840,229,-220.1469992373862,44.0
20260107,israel_iran_2025,130139,196,99,40,0,26,955,202,-7020.03225010915,1294.0
20260107,north_korea,130139,25,10,0,0,2,7,27,-228.77786545527323,109.0
20260107,russia_ukraine_2022,130139,588,224,42,0,84,258,278,-32861.9781966165,6556.0
20260107,south_china_sea_ph,130139,5,4,0,0,0,57,9,-8.847570521047967,11.0
20260107,taiwan_strait,130139,306,130,16,0,44,59,84,-4749.858772925366,2110.0
20260107,thailand_cambodia_2025,130139,76,49,11,0,29,111,36,-1842.4696233448992,341.0
20260107,us_china_chips_2022,130139,190,46,23,0,11,344,54,195.46457818510635,1363.0
20260107,us_china_tariffs_2025,130139,414,127,29,0,26,6679,69,-1895.456898995893,2775.0
20260108,china_japan_2025,127488,119,40,32,1,18,424,2,-1936.9885834074064,1266.0
20260108,china_japan_seafood_2023,127488,119,40,32,1,18,424,4,-1936.9885834074064,1266.0
20260108,india_pakistan_2025,127488,15,5,0,0,4,883,234,-90.19572716104872,38.0
20260108,israel_iran_2025,127488,162,100,20,0,34,1108,218,-6126.765789847601,1055.0
20260108,north_korea,127488,18,12,0,0,0,7,16,-149.1764249254997,66.0
20260108,russia_ukraine_2022,127488,521,218,39,0,75,198,133,-15399.550277688817,3681.0
20260108,south_china_sea_ph,127488,9,0,0,0,0,59,4,-45.95219780464934,53.0
20260108,taiwan_strait,127488,277,91,17,0,14,33,50,-3278.983008492257,1416.0
20260108,thailand_cambodia_2025,127488,26,16,2,0,10,117,48,-443.6375889433309,137.0
20260108,us_china_chips_2022,127488,229,59,31,0,24,368,55,-2171.5414948743814,1283.0
20260108,us_china_tariffs_2025,127488,452,131,42,0,34,7379,112,-4422.4450090974215,2372.0
20260109,china_japan_2025,124656,117,32,18,2,9,365,11,-1772.6553628795543,834.0
20260109,china_japan_seafood_2023,124656,117,32,18,2,9,365,9,-1772.6553628795543,834.0
20260109,india_pakistan_2025,124656,10,5,3,0,3,797,180,-296.2931037723316,46.0
20260109,israel_iran_2025,124656,303,160,59,0,35,1137,448,-39838.86400745091,7176.0
20260109,north_korea,124656,25,16,4,0,0,14,13,-386.42011530616765,86.0
20260109,russia_ukraine_2022,124656,746,413,93,0,214,479,266,-40668.50662498623,8009.0
20260109,south_china_sea_ph,124656,3,0,0,0,0,95,1,-47.16809531388556,9.0
20260109,taiwan_strait,124656,280,115,17,0,38,44,62,-2777.3470556810935,1416.0
20260109,thailand_cambodia_2025,124656,118,34,6,0,20,89,40,-7915.18375185734,3131.0
20260109,us_china_chips_2022,124656,164,34,12,0,7,306,46,-424.2591381533283,873.0
20260109,us_china_tariffs_2025,124656,368,108,28,0,22,7654,102,-2315.923521863895,1966.0
20260110,china_japan_2025,80503,27,6,1,0,3,242,7,-148.23320073812988,120.0
20260110,china_japan_seafood_2023,80503,27,6,1,0,3,242,6,-148.23320073812988,120.0
20260110,india_pakistan_2025,80503,43,4,3,0,3,727,220,-290.538018872709,159.0
20260110,israel_iran_2025,80503,249,89,33,0,15,786,461,-56531.92850870292,9824.0
20260110,north_korea,80503,99,78,18,0,5,17,45,-7129.088789976744,1154.0
20260110,russia_ukraine_2022,80503,405,210,42,0,123,293,111,-10723.811730938203,2347.0
20260110,south_china_sea_ph,80503,6,0,0,0,0,75,3,-55.78056249557542,24.0
20260110,taiwan_strait,80503,148,66,8,0,25,22,37,-845.46022039318,585.0
20260110,thailand_cambodia_2025,80503,39,22,2,0,12,48,3,-442.1408533997657,160.0
20260110,us_china_chips_2022,80503,102,40,18,0,12,202,19,-1157.1751537156272,533.0
20260110,us_china_tariffs_2025,80503,214,92,26,0,28,4909,30,-1704.9688371934988,1029.0
20260111,china_japan_2025,65638,18,0,0,0,0,147,1,175.76419736782324,151.0
20260111,china_japan_seafood_2023,65638,18,0,0,0,0,147,1,175.76419736782324,151.0
20260111,india_pakistan_2025,65638,33,3,0,0,3,623,163,-158.69265419679772,156.0
20260111,israel_iran_2025,65638,468,176,70,0,55,1081,620,-39574.28302256365,7074.0
20260111,north_korea,65638,74,46,10,0,9,14,20,-2827.2293846585108,686.0
20260111,russia_ukraine_2022,65638,238,154,35,0,81,164,61,-16074.391449317265,3255.0
20260111,south_china_sea_ph,65638,0,0,0,0,0,49,2,0.0,0.0
20260111,taiwan_strait,65638,96,41,7,0,9,17,24,-269.4934434693611,1055.0
20260111,thailand_cambodia_2025,65638,29,7,0,0,7,62,8,-286.11005925093593,150.0
20260111,us_china_chips_2022,65638,87,22,7,0,10,125,16,-215.13969537877597,758.0
20260111,us_china_tariffs_2025,65638,164,54,14,0,14,3198,26,-270.60786520942924,1732.0
20260112,china_japan_2025,111025,72,19,8,0,10,259,4,-950.932861341078,456.0
20260112,china_japan_seafood_2023,111025,72,19,8,0,10,259,8,-950.932861341078,456.0
20260112,india_pakistan_2025,111025,30,4,3,0,3,910,206,-68.51616066588923,74.0
20260112,israel_iran_2025,111025,550,193,62,0,70,1512,869,-22283.598276968783,3990.0
20260112,north_korea,111025,44,26,8,0,7,21,18,-733.7063802626874,161.0
20260112,russia_ukraine_2022,111025,310,195,47,0,86,207,107,-6827.579790558808,1521.0
20260112,south_china_sea_ph,111025,7,0,0,0,0,55,9,52.00967690932736,25.0
20260112,taiwan_strait,111025,218,65,15,0,16,29,54,-1805.0330282913296,915.0
20260112,thailand_cambodia_2025,111025,34,24,0,0,14,63,10,-334.38786836751,150.0
20260112,us_china_chips_2022,111025,162,29,3,0,17,200,26,-878.2998004562517,763.0
20260112,us_china_tariffs_2025,111025,356,81,16,0,28,5154,94,-2506.737907608269,1554.0
20260113,china_japan_2025,128134,75,19,12,0,11,340,17,-618.3345309104307,344.0
20260113,china_japan_seafood_2023,128134,75,19,12,0,11,340,3,-618.3345309104307,344.0
20260113,india_pakistan_2025,128134,50,20,5,0,7,944,292,-339.747612266035,139.0
20260113,israel_iran_2025,128134,652,275,107,1,82,1558,1156,-39279.096532859214,7084.0
20260113,north_korea,128134,54,28,4,0,5,36,13,-145.75029602072055,186.0
20260113,russia_ukraine_2022,128134,461,294,46,0,192,355,150,-55337.825292252994,9817.0
20260113,south_china_sea_ph,128134,20,5,0,0,2,77,9,-435.983474751807,106.0
20260113,taiwan_strait,128134,280,69,29,0,33,25,76,-3082.961510059054,1930.0
20260113,thailand_cambodia_2025,128134,54,22,2,0,16,57,29,-1252.578259311074,365.0
20260113,us_china_chips_2022,128134,233,74,33,0,27,300,62,-2716.1979644820026,1639.0
20260113,us_china_tariffs_2025,128134,458,117,56,0,51,6818,266,-4858.020333838998,3199.0
20260114,china_japan_2025,133695,61,15,10,0,4,394,16,-446.1622809077535,200.0
20260114,china_japan_seafood_2023,133695,61,15,10,0,4,394,8,-446.1622809077535,200.0
20260114,india_pakistan_2025,133695,18,9,2,0,5,750,236,-495.6145521391943,167.0
20260114,israel_iran_2025,133695,721,350,98,1,125,1642,1058,-41286.55137643838,7008.0
20260114,north_korea,133695,43,15,1,0,0,7,21,-471.36781935866424,195.0
20260114,russia_ukraine_2022,133695,339,154,28,0,87,287,146,-8512.326089836766,2277.0
20260114,south_china_sea_ph,133695,20,0,0,0,0,78,7,-237.84202720773553,52.0
20260114,taiwan_strait,133695,303,77,19,0,30,45,76,-3203.802354612193,2423.0
20260114,thailand_cambodia_2025,133695,37,6,3,0,4,111,31,-1325.9137006014735,499.0
20260114,us_china_chips_2022,133695,224,49,23,0,26,331,89,-4056.671382097713,1961.0
20260114,us_china_tariffs_2025,133695,472,107,36,0,51,6872,133,-5651.17507159681,3957.0
20260115,china_japan_2025,135604,33,7,2,0,2,291,9,-524.5933621619486,463.0
20260115,china_japan_seafood_2023,135604,33,7,2,0,2,291,20,-524.5933621619486,463.0
20260115,india_pakistan_2025,135604,21,12,6,0,10,901,263,-221.817491318139,122.0
20260115,israel_iran_2025,135604,653,276,107,1,89,1801,1059,-23769.73860571196,4149.0
20260115,north_korea,135604,18,4,0,0,0,6,7,-170.03873167401136,86.0
20260115,russia_ukraine_2022,135604,478,196,32,0,100,230,151,-8472.18162315958,2559.0
20260115,south_china_sea_ph,135604,27,5,5,0,0,101,8,-375.82464652448107,377.0
20260115,taiwan_strait,135604,175,61,22,0,32,25,69,-937.5758821999984,1018.0
20260115,thailand_cambodia_2025,135604,26,7,2,0,2,77,16,-475.7570740398122,133.0
20260115,us_china_chips_2022,135604,170,41,15,0,16,233,76,-2259.3875034864127,988.0
20260115,us_china_tariffs_2025,135604,303,84,29,0,38,6824,111,-3044.0977693417317,1687.0
20260116,china_japan_2025,124941,45,12,2,0,4,293,8,-673.5109889667748,434.0
20260116,china_japan_seafood_2023,124941,45,12,2,0,4,293,19,-673.5109889667748,434.0
20260116,india_pakistan_2025,124941,18,5,3,0,4,781,211,-187.56516947624894,95.0
20260116,israel_iran_2025,124941,504,234,91,0,76,1389,656,-29513.013743550582,4954.0
20260116,north_korea,124941,20,8,0,0,1,25,9,-1501.4180752938926,226.0
20260116,russia_ukraine_2022,124941,377,164,32,4,82,200,179,-6414.571382532555,2216.0
20260116,south_china_sea_ph,124941,55,32,5,0,8,158,2,-1267.543620683441,377.0
20260116,taiwan_strait,124941,286,70,18,0,16,17,113,3160.698141364127,3815.0
20260116,thailand_cambodia_2025,124941,33,11,2,0,6,54,10,-213.35573801863052,123.0
20260116,us_china_chips_2022,124941,192,57,24,0,7,247,66,-1366.8674921814472,1375.0
20260116,us_china_tariffs_2025,124941,403,97,35,0,19,6591,275,-812.4804870062425,3456.0
20260117,china_japan_2025,83893,12,6,0,0,3,167,5,-59.472839868831954,46.0
20260117,china_japan_seafood_2023,83893,12,6,0,0,3,167,5,-59.472839868831954,46.0
20260117,india_pakistan_2025,83893,28,1,0,0,0,630,177,-412.71710724389226,113.0
20260117,israel_iran_2025,83893,243,98,34,0,29,901,451,-8700.606003543162,1509.0
20260117,north_korea,83893,4,0,0,0,0,4,6,14.42307692307688,8.0
20260117,russia_ukraine_2022,83893,199,95,13,0,33,107,70,-10811.446404099403,2848.0
20260117,south_china_sea_ph,83893,20,7,0,0,2,48,8,-301.73869029412106,70.0
20260117,taiwan_strait,83893,113,34,19,0,11,21,50,-1146.4437346950028,839.0
20260117,thailand_cambodia_2025,83893,17,12,0,0,7,57,12,-834.2860954530838,200.0
20260117,us_china_chips_2022,83893,123,25,11,0,6,143,32,-1492.3313325803765,720.0
20260117,us_china_tariffs_2025,83893,215,51,26,0,14,4562,325,-2632.7734896343613,1460.0
20260118,china_japan_2025,71522,5,0,0,0,0,143,1,-32.44898866458329,21.0
20260118,china_japan_seafood_2023,71522,5,0,0,0,0,143,6,-32.44898866458329,21.0
20260118,india_pakistan_2025,71522,17,9,0,0,5,558,164,87.1289314097963,101.0
20260118,israel_iran_2025,71522,231,123,38,0,27,863,361,-6211.7368381250635,1078.0
20260118,north_korea,71522,2,2,0,0,1,2,3,-318.3028956731994,60.0
20260118,russia_ukraine_2022,71522,221,120,9,0,81,181,67,-7297.596295780401,1751.0
20260118,south_china_sea_ph,71522,8,1,0,0,0,42,3,-213.83767926666474,68.0
20260118,taiwan_strait,71522,94,36,8,0,12,18,40,-630.1031237373003,403.0
20260118,thailand_cambodia_2025,71522,19,9,0,0,3,19,11,-242.16239288665665,70.0
20260118,us_china_chips_2022,71522,84,32,5,0,4,121,22,-735.935497440105,364.0
20260118,us_china_tariffs_2025,71522,158,59,11,0,12,2886,466,-1191.4405074975007,686.0
20260119,china_japan_2025,107527,16,12,5,0,8,259,17,0.46905922822078594,151.0
20260119,china_japan_seafood_2023,107527,16,12,5,0,8,259,7,0.46905922822078594,151.0
20260119,india_pakistan_2025,107527,25,15,3,0,13,734,193,-80.50224260402217,55.0
20260119,israel_iran_2025,107527,249,119,35,0,33,816,332,-17124.26195778599,3081.0
20260119,north_korea,107527,20,3,3,0,1,6,11,-31.656738799849105,56.0
20260119,russia_ukraine_2022,107527,398,159,25,0,101,202,101,-6779.638665987541,2249.0
20260119,south_china_sea_ph,107527,4,4,2,0,1,68,2,-39.0576854912392,18.0
20260119,taiwan_strait,107527,144,36,8,0,9,22,43,-1034.3433276871644,779.0
20260119,thailand_cambodia_2025,107527,8,6,0,0,6,61,19,-30.39644503720608,26.0
20260119,us_china_chips_2022,107527,107,34,9,0,8,199,54,-1534.8593036950363,635.0
20260119,us_china_tariffs_2025,107527,225,62,16,0,14,3869,429,-2495.8612667840944,1279.0
20260120,china_japan_2025,129995,61,9,6,0,6,394,5,-1334.5431752230684,468.0
20260120,china_japan_seafood_2023,129995,61,9,6,0,6,394,11,-1334.5431752230684,468.0
20260120,india_pakistan_2025,129995,26,10,4,0,3,657,210,-678.2460089295657,153.0
20260120,israel_iran_2025,129995,211,92,41,0,25,974,272,-13147.20026203947,2078.0
20260120,north_korea,129995,33,16,4,0,2,19,32,-515.4882990972427,103.0
20260120,russia_ukraine_2022,129995,441,134,29,0,95,246,111,-7390.43278990719,3653.0
20260120,south_china_sea_ph,129995,13,10,0,0,1,98,6,-80.65979394703942,52.0
20260120,taiwan_strait,129995,203,50,20,0,21,36,64,-1296.0233189533897,1257.0
20260120,thailand_cambodia_2025,129995,56,30,1,0,15,55,18,-1229.0179119328307,225.0
20260120,us_china_chips_2022,129995,165,51,15,0,15,327,48,-362.9085955326538,1072.0
20260120,us_china_tariffs_2025,129995,329,86,26,0,29,5382,395,-1128.3617482087352,2087.0
20260121,china_japan_2025,137028,44,7,4,0,1,397,4,-323.9440827050842,207.0
20260121,china_japan_seafood_2023,137028,44,7,4,0,1,397,22,-323.9440827050842,207.0
20260121,india_pakistan_2025,137028,26,20,7,0,11,651,243,-539.315729393339,100.0
20260121,israel_iran_2025,137028,165,79,29,0,34,1093,291,-5180.269470521736,959.0
20260121,north_korea,137028,51,22,8,0,8,27,26,-634.2399942392431,228.0
20260121,russia_ukraine_2022,137028,431,132,15,0,72,193,151,-2463.2687411760353,3421.0
20260121,south_china_sea_ph,137028,29,4,0,0,2,172,6,-311.27338420882813,114.0
20260121,taiwan_strait,137028,214,56,20,0,22,22,48,-1190.207378496678,980.0
20260121,thailand_cambodia_2025,137028,68,43,1,0,28,79,23,109.62512282965255,440.0
20260121,us_china_chips_2022,137028,180,40,13,0,10,184,62,104.0106357935006,1034.0
20260121,us_china_tariffs_2025,137028,359,87,28,0,29,6373,286,-892.7865338325869,1871.0
20260122,china_japan_2025,136886,53,13,9,0,1,312,3,104.55945804018694,230.0
20260122,china_japan_seafood_2023,136886,53,13,9,0,1,312,18,104.55945804018694,230.0
20260122,india_pakistan_2025,136886,31,20,11,0,15,729,224,-460.76488888794245,69.0
20260122,israel_iran_2025,136886,175,67,10,0,32,1130,219,-3734.036203045283,683.0
20260122,north_korea,136886,21,7,0,0,2,8,9,-225.0937895807994,93.0
20260122,russia_ukraine_2022,136886,638,187,41,0,88,196,211,-8412.627855791998,5277.0
20260122,south_china_sea_ph,136886,53,20,1,0,4,175,9,-439.40240022894494,215.0
20260122,taiwan_strait,136886,175,47,19,0,19,19,49,-2841.9304953369347,1478.0
20260122,thailand_cambodia_2025,136886,4,1,0,0,0,59,32,-59.639310108028454,25.0
20260122,us_china_chips_2022,136886,141,32,15,0,7,221,53,-1241.343535886197,1153.0
20260122,us_china_tariffs_2025,136886,295,74,30,0,21,6033,252,-3906.7936948838606,2546.0
20260123,china_japan_2025,128390,28,7,0,0,5,304,5,-88.9334586483817,132.0
20260123,china_japan_seafood_2023,128390,28,7,0,0,5,304,8,-88.9334586483817,132.0
20260123,india_pakistan_2025,128390,16,5,0,0,2,729,224,-393.7026745132683,89.0
20260123,israel_iran_2025,128390,208,87,41,0,38,1000,352,-9743.019275429593,1607.0
20260123,north_korea,128390,32,8,5,0,2,23,11,-2087.126558500418,326.0
20260123,russia_ukraine_2022,128390,758,167,30,0,82,176,272,-14087.417686924295,6927.0
20260123,south_china_sea_ph,128390,96,20,0,0,0,103,21,-69.04928298862913,967.0
20260123,taiwan_strait,128390,272,56,15,0,29,46,63,-11434.073223621486,4474.0
20260123,thailand_cambodia_2025,128390,21,9,0,0,8,79,33,-326.80153779260604,76.0
20260123,us_china_chips_2022,128390,278,67,44,0,26,256,52,-14409.986105983702,5152.0
20260123,us_china_tariffs_2025,128390,499,98,57,0,41,6254,73,-25559.048958721956,9460.0
20260124,china_japan_2025,81326,19,1,1,0,1,207,0,-45.24276349941877,79.0
20260124,china_japan_seafood_2023,81326,19,1,1,0,1,207,4,-45.24276349941877,79.0
20260124,india_pakistan_2025,81326,10,3,0,0,3,742,221,-173.3711702397748,48.0
20260124,israel_iran_2025,81326,154,61,26,0,24,797,301,-14428.046727717643,2515.0
20260124,north_korea,81326,19,5,1,0,0,2,16,-252.4423775691227,95.0
20260124,russia_ukraine_2022,81326,563,161,15,0,79,234,212,-12075.677147680408,4668.0
20260124,south_china_sea_ph,81326,40,6,4,0,4,60,4,-346.85027814544475,454.0
20260124,taiwan_strait,81326,134,37,9,0,14,22,23,-2605.658716950743,1949.0
20260124,thailand_cambodia_2025,81326,9,8,0,0,0,44,30,-225.31581272084807,35.0
20260124,us_china_chips_2022,81326,173,43,21,0,19,157,27,-2681.526965382155,2442.0
20260124,us_china_tariffs_2025,81326,274,70,30,0,23,4678,198,-5038.779339284383,4287.0
20260125,china_japan_2025,65639,36,0,0,0,0,157,1,534.0901422298585,912.0
20260125,china_japan_seafood_2023,65639,36,0,0,0,0,157,4,534.0901422298585,912.0
20260125,india_pakistan_2025,65639,15,7,5,0,3,657,174,-149.71300950254724,55.0
20260125,israel_iran_2025,65639,105,59,21,0,23,925,183,-2908.393158555025,530.0
20260125,north_korea,65639,12,7,0,0,2,6,7,-147.20922849548634,67.0
20260125,russia_ukraine_2022,65639,365,135,26,0,65,198,117,-6085.082900176269,1954.0
20260125,south_china_sea_ph,65639,40,11,0,0,0,82,3,-500.41132314919116,411.0
20260125,taiwan_strait,65639,148,39,9,0,18,21,38,-524.8449119025977,786.0
20260125,thailand_cambodia_2025,65639,8,8,1,0,1,27,10,-172.22685209914,21.0
20260125,us_china_chips_2022,65639,106,37,21,0,9,123,15,-606.8033665238542,504.0
20260125,us_china_tariffs_2025,65639,215,59,28,0,14,3313,127,-969.8481996267558,958.0
20260126,china_japan_2025,105498,64,12,8,0,5,295,12,-900.2976853391901,752.0
20260126,china_japan_seafood_2023,105498,64,12,8,0,5,295,7,-900.2976853391901,752.0
20260126,india_pakistan_2025,105498,24,10,2,0,7,799,240,9.764072799800914,178.0
20260126,israel_iran_2025,105498,221,97,27,0,40,1330,324,-6701.688492953419,1482.0
20260126,north_korea,105498,39,9,4,0,3,14,20,-416.95481930077665,253.0
20260126,russia_ukraine_2022,105498,393,137,28,0,77,216,142,-7488.4332497112955,2592.0
20260126,south_china_sea_ph,105498,107,31,5,0,0,165,9,-1029.5745033714895,534.0
20260126,taiwan_strait,105498,199,66,18,0,34,38,57,-1983.316976148176,920.0
20260126,thailand_cambodia_2025,105498,33,23,6,0,14,63,27,-567.5851338700236,137.0
20260126,us_china_chips_2022,105498,159,69,35,0,31,249,46,-1626.2411061474318,736.0
20260126,us_china_tariffs_2025,105498,319,113,52,0,48,5414,136,-2982.3397860945843,1363.0
20260127,china_japan_2025,124580,87,6,2,0,1,304,7,-1793.3092931793437,820.0
20260127,china_japan_seafood_2023,124580,87,6,2,0,1,304,9,-1793.3092931793437,820.0
20260127,india_pakistan_2025,124580,12,5,0,0,0,766,204,-139.2059919233908,46.0
20260127,israel_iran_2025,124580,296,159,62,0,74,1328,324,-6579.850743296995,1530.0
20260127,north_korea,124580,124,82,10,0,52,72,57,-3776.977130916944,1901.0
20260127,russia_ukraine_2022,124580,399,158,24,0,90,213,154,-24964.418542467673,5771.0
20260127,south_china_sea_ph,124580,34,11,2,0,1,138,13,-278.64171118047466,138.0
20260127,taiwan_strait,124580,243,89,24,1,29,44,61,-2431.318760443093,1294.0
20260127,thailand_cambodia_2025,124580,12,2,0,0,1,56,27,-71.2270384498267,48.0
20260127,us_china_chips_2022,124580,185,44,12,0,16,227,43,-1987.1764523880029,1128.0
20260127,us_china_tariffs_2025,124580,364,103,26,1,29,6760,203,-3621.051978002449,2014.0
20260128,china_japan_2025,125899,92,18,14,0,4,321,6,161.16539324435612,638.0
20260128,china_japan_seafood_2023,125899,92,18,14,0,4,321,9,161.16539324435612,638.0
20260128,india_pakistan_2025,125899,9,3,2,0,2,681,191,-150.2944991409882,51.0
20260128,israel_iran_2025,125899,407,201,65,0,93,1076,511,-27373.008776672512,5403.0
20260128,north_korea,125899,41,29,2,0,19,54,34,-718.1403503215628,330.0
20260128,russia_ukraine_2022,125899,431,145,28,2,93,250,163,-9232.321662676619,2485.0
20260128,south_china_sea_ph,125899,32,11,0,0,0,101,5,-390.24948943977665,144.0
20260128,taiwan_strait,125899,213,48,8,0,16,35,55,-1571.0910888449298,1660.0
20260128,thailand_cambodia_2025,125899,20,12,0,0,8,77,22,-710.7493554575005,169.0
20260128,us_china_chips_2022,125899,191,47,21,3,29,243,55,-1380.0221233551063,1298.0
20260128,us_china_tariffs_2025,125899,365,82,27,3,42,7025,80,-2711.501725573449,2618.0
20260129,china_japan_2025,130029,79,17,14,0,2,383,5,-380.5434719698006,350.0
20260129,china_japan_seafood_2023,130029,79,17,14,0,2,383,8,-380.5434719698006,350.0
20260129,india_pakistan_2025,130029,6,4,0,0,0,736,211,-42.62491954007642,15.0
20260129,israel_iran_2025,130029,444,208,85,0,92,1329,612,-11004.833379537811,2326.0
20260129,north_korea,130029,7,2,0,0,0,12,7,-94.33081010583064,27.0
20260129,russia_ukraine_2022,130029,515,140,23,0,72,212,171,-7599.450689472385,2807.0
20260129,south_china_sea_ph,130029,40,10,0,0,0,95,9,-333.0125331220963,154.0
20260129,taiwan_strait,130029,235,67,20,0,23,54,48,-380.3462615083142,1338.0
20260129,thailand_cambodia_2025,130029,28,12,3,0,7,52,24,-194.48103330501078,292.0
20260129,us_china_chips_2022,130029,185,45,21,0,16,336,51,-746.8448750112004,1271.0
20260129,us_china_tariffs_2025,130029,380,92,33,0,29,7240,96,-1111.4901718542224,2418.0
20260130,china_japan_2025,123059,52,10,2,0,4,358,5,-95.86388451259792,237.0
20260130,china_japan_seafood_2023,123059,52,10,2,0,4,358,3,-95.86388451259792,237.0
20260130,india_pakistan_2025,123059,21,8,2,0,7,817,194,-277.86930646605146,98.0
20260130,israel_iran_2025,123059,397,197,94,0,70,1101,496,-19697.482653715124,5010.0
20260130,north_korea,123059,4,2,2,0,0,22,10,-25.154549002193477,17.0
20260130,russia_ukraine_2022,123059,629,211,46,0,117,261,176,-11449.093088947033,6172.0
20260130,south_china_sea_ph,123059,43,9,0,0,0,93,7,-79.76084436966167,194.0
20260130,taiwan_strait,123059,244,69,29,0,20,29,62,-1851.5672530953702,2852.0
20260130,thailand_cambodia_2025,123059,39,21,0,0,6,36,22,-489.07683941996913,157.0
20260130,us_china_chips_2022,123059,260,65,32,1,31,306,55,-4507.8557212432115,3243.0
20260130,us_china_tariffs_2025,123059,468,121,59,1,46,7489,222,-6020.227537097879,5927.0
20260131,china_japan_2025,79636,32,7,1,0,0,194,6,4396.546679618236,1681.0
20260131,china_japan_seafood_2023,79636,32,7,1,0,0,194,8,4396.546679618236,1681.0
20260131,india_pakistan_2025,79636,55,26,6,0,10,911,232,-3601.9898628983824,426.0
20260131,israel_iran_2025,79636,290,132,59,0,44,853,384,-36377.248915354154,6446.0
20260131,north_korea,79636,8,1,0,0,0,6,6,-25.64166875679298,23.0
20260131,russia_ukraine_2022,79636,389,97,10,0,63,160,99,-8440.289851241383,3216.0
20260131,south_china_sea_ph,79636,8,8,5,0,1,79,9,-118.47913064129307,32.0
20260131,taiwan_strait,79636,100,24,11,0,10,10,25,-1670.8518475431097,1598.0
20260131,thailand_cambodia_2025,79636,10,7,2,0,5,33,8,-317.8229164196623,55.0
20260131,us_china_chips_2022,79636,106,16,7,0,7,147,16,-2332.331072455147,1755.0
20260131,us_china_tariffs_2025,79636,193,35,17,0,13,4591,54,-3915.503212573763,3328.0
20260201,china_japan_2025,66769,23,2,0,0,0,132,2,58.524864937569085,91.0
20260201,china_japan_seafood_2023,66769,23,2,0,0,0,132,5,58.524864937569085,91.0
20260201,india_pakistan_2025,66769,31,15,1,0,5,899,225,-771.4742817743947,104.0
20260201,israel_iran_2025,66769,395,161,74,0,34,887,424,-33950.224687595546,6931.0
20260201,north_korea,66769,6,0,0,0,0,9,3,-31.73252778431565,25.0
20260201,russia_ukraine_2022,66769,509,146,30,0,86,212,153,-67953.0407502552,17649.0
20260201,south_china_sea_ph,66769,14,4,0,0,0,65,6,-896.4901819103892,222.0
20260201,taiwan_strait,66769,115,28,11,0,9,15,41,-347.3252204382141,565.0
20260201,thailand_cambodia_2025,66769,1,1,0,0,0,49,11,-53.968592964824126,17.0
20260201,us_china_chips_2022,66769,98,17,9,0,9,99,37,-1329.0771311717274,540.0
20260201,us_china_tariffs_2025,66769,185,33,16,0,13,2709,53,-1455.4436846582778,984.0
20260202,china_japan_2025,106742,16,9,3,0,6,357,10,156.26291801651655,295.0
20260202,china_japan_seafood_2023,106742,16,9,3,0,6,357,8,156.26291801651655,295.0
20260202,india_pakistan_2025,106742,27,21,4,0,9,967,223,-414.4585569449219,72.0
20260202,israel_iran_2025,106742,460,159,70,0,47,1024,450,-14436.948808264056,4208.0
20260202,north_korea,106742,11,0,0,0,0,7,13,-8.383465851085855,53.0
20260202,russia_ukraine_2022,106742,548,165,43,0,107,260,123,-16330.301584691853,4220.0
20260202,south_china_sea_ph,106742,24,6,1,0,3,84,3,-145.60895807917694,80.0
20260202,taiwan_strait,106742,193,64,26,0,17,18,50,-1228.3324802562747,1615.0
20260202,thailand_cambodia_2025,106742,36,6,3,0,0,79,22,-802.8455697531843,170.0
20260202,us_china_chips_2022,106742,149,33,11,0,17,310,43,-498.2387087434113,1174.0
20260202,us_china_tariffs_2025,106742,320,94,34,0,34,5093,164,-1827.1776787679528,2642.0
20260203,china_japan_2025,126298,31,9,0,0,1,365,0,-230.56591857590985,174.0
20260203,china_japan_seafood_2023,126298,31,9,0,0,1,365,13,-230.56591857590985,174.0
20260203,india_pakistan_2025,126298,14,5,0,0,2,831,226,-209.81058928671234,37.0
20260203,israel_iran_2025,126298,595,217,55,0,110,1066,551,-17745.520820133555,6617.0
20260203,north_korea,126298,14,3,0,0,3,7,9,-20.838938359987928,25.0
20260203,russia_ukraine_2022,126298,676,235,35,0,132,330,178,-19810.349882640174,5939.0
20260203,south_china_sea_ph,126298,16,2,1,0,1,101,9,24.17472451039542,80.0
20260203,taiwan_strait,126298,208,65,16,0,24,26,58,-8476.363651690923,2643.0
20260203,thailand_cambodia_2025,126298,30,13,0,0,9,71,34,-459.5317244739374,101.0
20260203,us_china_chips_2022,126298,182,57,21,0,25,286,43,-1101.6401873661066,907.0
20260203,us_china_tariffs_2025,126298,327,98,31,0,40,6464,220,-9306.471918533432,3256.0
20260204,china_japan_2025,129888,42,11,6,0,6,390,4,-386.30756863753146,418.0
20260204,china_japan_seafood_2023,129888,42,11,6,0,6,390,9,-386.30756863753146,418.0
20260204,india_pakistan_2025,129888,19,5,0,0,2,965,234,-496.1716554088155,119.0
20260204,israel_iran_2025,129888,515,205,44,0,103,1136,501,-22256.565579821785,9027.0
20260204,north_korea,129888,13,0,0,0,0,8,9,66.64184963282099,36.0
20260204,russia_ukraine_2022,129888,769,227,50,3,114,264,223,-27181.392777192254,8818.0
20260204,south_china_sea_ph,129888,27,16,2,0,8,101,4,-279.71009633492304,91.0
20260204,taiwan_strait,129888,333,72,34,1,29,34,93,-3142.3915819765816,4089.0
20260204,thailand_cambodia_2025,129888,50,17,0,0,14,99,30,-871.5382558099242,249.0
20260204,us_china_chips_2022,129888,277,57,23,0,18,301,38,-4957.674743589371,3726.0
20260204,us_china_tariffs_2025,129888,513,97,36,1,36,6458,87,-7947.439460533166,6841.0
20260205,china_japan_2025,129241,30,8,4,0,0,324,6,-150.61479218930975,115.0
20260205,china_japan_seafood_2023,129241,30,8,4,0,0,324,6,-150.61479218930975,115.0
20260205,india_pakistan_2025,129241,48,27,2,0,16,779,249,-257.55141700121203,128.0
20260205,israel_iran_2025,129241,464,121,32,0,40,989,396,-12223.055950236609,4410.0
20260205,north_korea,129241,31,4,1,0,4,12,11,-43.82158220927798,111.0
20260205,russia_ukraine_2022,129241,1050,219,48,2,119,236,239,-37446.57291027536,14129.0
20260205,south_china_sea_ph,129241,17,2,0,0,2,78,1,-206.80798955184127,52.0
20260205,taiwan_strait,129241,377,71,32,0,12,7,96,-2909.326704017175,2610.0
20260205,thailand_cambodia_2025,129241,51,20,0,0,13,75,36,-1114.6958770102017,200.0
20260205,us_china_chips_2022,129241,295,43,15,0,7,261,50,-2049.6081550471454,1887.0
20260205,us_china_tariffs_2025,129241,572,90,29,0,18,6249,66,-4875.777360046576,3934.0
20260206,china_japan_2025,119940,39,8,3,0,0,249,16,-82.7254389946518,134.0
20260206,china_japan_seafood_2023,119940,39,8,3,0,0,249,11,-82.7254389946518,134.0
20260206,india_pakistan_2025,119940,26,12,2,0,5,1041,299,-714.7035761744019,149.0
20260206,israel_iran_2025,119940,465,142,62,0,58,894,502,-17279.495336442338,6792.0
20260206,north_korea,119940,16,7,0,0,0,19,12,-108.15154079502145,54.0
20260206,russia_ukraine_2022,119940,727,251,48,0,137,362,148,-24748.77911016294,7586.0
20260206,south_china_sea_ph,119940,12,7,0,0,3,98,12,-43.90627987892123,26.0
20260206,taiwan_strait,119940,209,59,33,0,12,13,68,-1389.4418073638726,1428.0
20260206,thailand_cambodia_2025,119940,65,35,0,0,28,122,46,-628.549195473529,325.0
20260206,us_china_chips_2022,119940,217,44,17,0,10,207,37,-1989.187257073901,1530.0
20260206,us_china_tariffs_2025,119940,364,75,30,0,18,6117,69,-2932.635553275341,2526.0
20260207,china_japan_2025,76180,28,10,5,0,0,156,11,-168.74146943030567,97.0
20260207,china_japan_seafood_2023,76180,28,10,5,0,0,156,4,-168.74146943030567,97.0
20260207,india_pakistan_2025,76180,23,12,2,0,0,727,227,-266.3343594114424,46.0
20260207,israel_iran_2025,76180,406,118,49,0,43,678,346,-10848.864851897612,3750.0
20260207,north_korea,76180,12,2,2,0,0,3,9,-128.78662199591486,40.0
20260207,russia_ukraine_2022,76180,571,206,44,0,93,210,192,-29583.78076382903,7462.0
20260207,south_china_sea_ph,76180,4,0,0,0,0,65,9,-41.222463329544496,14.0
20260207,taiwan_strait,76180,171,53,28,2,16,18,40,-1165.0473585598222,812.0
20260207,thailand_cambodia_2025,76180,49,25,1,0,20,74,22,-4874.477494868356,878.0
20260207,us_china_chips_2022,76180,114,30,13,0,7,135,31,-1221.3294332986227,661.0
20260207,us_china_tariffs_2025,76180,228,62,29,2,18,3585,123,-2034.222651170046,1233.0
20260208,china_japan_2025,62291,25,9,5,0,1,149,78,-43.92991566513916,201.0
20260208,china_japan_seafood_2023,62291,25,9,5,0,1,149,5,-43.92991566513916,201.0
20260208,india_pakistan_2025,62291,94,15,4,0,2,648,207,-4305.37957554457,1116.0
20260208,israel_iran_2025,62291,477,91,40,0,20,625,279,-11508.420974746106,4595.0
20260208,north_korea,62291,12,4,2,0,2,9,14,-95.60330164915862,58.0
20260208,russia_ukraine_2022,62291,452,172,27,0,85,180,111,-26583.271321040906,5587.0
20260208,south_china_sea_ph,62291,13,7,0,0,0,43,6,-196.6923330587135,33.0
20260208,taiwan_strait,62291,114,43,21,0,15,32,38,-933.486639588918,587.0
20260208,thailand_cambodia_2025,62291,53,22,8,0,9,83,15,-920.778511087353,487.0
20260208,us_china_chips_2022,62291,75,20,7,0,4,105,24,-864.0461068385109,296.0
20260208,us_china_tariffs_2025,62291,151,39,15,0,14,2106,49,-1493.3103513073502,572.0
20260209,china_japan_2025,108807,94,33,27,0,3,391,100,-1897.77086658123,932.0
20260209,china_japan_seafood_2023,108807,94,33,27,0,3,391,10,-1897.77086658123,932.0
20260209,india_pakistan_2025,108807,46,15,2,0,3,684,191,-760.3775019398583,269.0
20260209,israel_iran_2025,108807,423,121,60,0,43,1102,303,-19452.032368990025,4142.0
20260209,north_korea,108807,1,0,0,0,0,5,8,19.97226074895976,8.0
20260209,russia_ukraine_2022,108807,472,192,46,0,104,224,106,-11630.146054604738,4032.0
20260209,south_china_sea_ph,108807,6,4,1,0,1,54,2,-106.3324538258574,26.0
20260209,taiwan_strait,108807,222,59,17,1,21,12,58,-2045.8580585251075,1148.0
20260209,thailand_cambodia_2025,108807,40,22,5,0,12,85,17,37.595692974554154,279.0
20260209,us_china_chips_2022,108807,183,33,13,0,12,350,44,-2144.4332089813443,1108.0
20260209,us_china_tariffs_2025,108807,366,66,20,1,26,4350,75,-3912.2828834949696,2092.0
20260210,china_japan_2025,123689,74,24,13,0,7,344,29,-414.0583268010802,347.0
20260210,china_japan_seafood_2023,123689,74,24,13,0,7,344,13,-414.0583268010802,347.0
20260210,india_pakistan_2025,123689,12,7,1,0,1,832,189,-302.02297951864347,75.0
20260210,israel_iran_2025,123689,666,170,76,0,49,1030,353,-22969.500694201124,7988.0
20260210,north_korea,123689,17,12,0,0,7,26,14,-1386.6864063399244,180.0
20260210,russia_ukraine_2022,123689,333,124,18,0,65,212,125,-6024.241688191608,1921.0
20260210,south_china_sea_ph,123689,38,17,6,0,3,72,8,-672.8982601895589,166.0
20260210,taiwan_strait,123689,267,74,27,0,34,35,65,-2206.3648069449646,2580.0
20260210,thailand_cambodia_2025,123689,36,18,3,0,9,82,21,-97.19403124820633,202.0
20260210,us_china_chips_2022,123689,197,40,14,0,8,302,43,-1160.1662702629515,1583.0
20260210,us_china_tariffs_2025,123689,353,83,35,0,26,5763,100,-2226.2481756890347,2815.0
20260211,china_japan_2025,133684,35,12,3,0,2,377,7,-596.4555109984842,130.0
20260211,china_japan_seafood_2023,133684,35,12,3,0,2,377,15,-596.4555109984842,130.0
20260211,india_pakistan_2025,133684,8,7,4,0,3,816,225,-85.29573659234116,21.0
20260211,israel_iran_2025,133684,711,158,72,0,43,985,510,-13774.30087533647,6441.0
20260211,north_korea,133684,18,15,9,0,5,10,16,-206.40866722538522,73.0
20260211,russia_ukraine_2022,133684,482,189,30,0,101,234,173,-8936.730051262335,3730.0
20260211,south_china_sea_ph,133684,62,36,12,0,14,103,7,-1108.9496629460189,302.0
20260211,taiwan_strait,133684,178,64,22,0,24,41,61,-3870.685343197329,1618.0
20260211,thailand_cambodia_2025,133684,11,4,0,0,4,189,32,-803.1286208458125,107.0
20260211,us_china_chips_2022,133684,149,31,19,0,15,327,54,-1517.444993266933,631.0
20260211,us_china_tariffs_2025,133684,298,86,37,0,35,6342,97,-5122.480613272147,2102.0
20260212,china_japan_2025,129642,33,12,5,0,5,385,7,-226.48751687959873,190.0
20260212,china_japan_seafood_2023,129642,33,12,5,0,5,385,9,-226.48751687959873,190.0
20260212,india_pakistan_2025,129642,29,13,1,0,4,906,199,-167.69308510824817,71.0
20260212,israel_iran_2025,129642,595,136,52,0,29,931,363,-13627.594410962356,4597.0
20260212,north_korea,129642,44,3,0,0,0,6,32,203.38909257794205,192.0
20260212,russia_ukraine_2022,129642,502,216,29,0,129,323,169,-19998.989090988085,4575.0
20260212,south_china_sea_ph,129642,48,28,12,0,12,98,2,-202.3086627376993,170.0
20260212,taiwan_strait,129642,263,76,21,0,23,53,82,-6035.419915071361,2170.0
20260212,thailand_cambodia_2025,129642,22,12,0,0,12,156,35,-1148.381302794518,168.0
20260212,us_china_chips_2022,129642,159,27,11,0,9,303,40,-3409.995131222099,1209.0
20260212,us_china_tariffs_2025,129642,353,65,20,0,24,6242,183,-7965.143901911111,2731.0
20260213,china_japan_2025,122708,101,41,8,0,9,317,8,-3855.135413320492,1349.0
20260213,china_japan_seafood_2023,122708,101,41,8,0,9,317,12,-3855.135413320492,1349.0
20260213,india_pakistan_2025,122708,7,4,2,0,2,871,193,-324.0583931288841,41.0
20260213,israel_iran_2025,122708,492,130,24,0,60,1024,316,-17345.383138115038,6330.0
20260213,north_korea,122708,61,25,7,0,10,33,43,-1819.3214394958304,492.0
20260213,russia_ukraine_2022,122708,437,177,23,0,115,256,166,-18227.38729093159,3870.0
20260213,south_china_sea_ph,122708,23,6,3,0,0,69,6,-100.05993630063264,74.0
20260213,taiwan_strait,122708,255,61,28,0,7,13,96,-4067.4780457585434,2136.0
20260213,thailand_cambodia_2025,122708,47,8,4,0,7,49,16,139.15575952596848,428.0
20260213,us_china_chips_2022,122708,200,40,15,0,9,226,34,301.0062843409933,1265.0
20260213,us_china_tariffs_2025,122708,390,76,30,0,15,6159,115,-825.8045775383745,2071.0
20260214,china_japan_2025,81731,43,15,7,0,4,185,6,-650.4178802071466,274.0
20260214,china_japan_seafood_2023,81731,43,15,7,0,4,185,1,-650.4178802071466,274.0
20260214,india_pakistan_2025,81731,14,2,1,0,2,687,172,-2174.9091774752956,1149.0
20260214,israel_iran_2025,81731,461,117,39,0,42,579,362,-14330.915220616705,4664.0
20260214,north_korea,81731,13,6,3,0,0,9,6,-25.850533273169667,21.0
20260214,russia_ukraine_2022,81731,388,138,25,0,73,203,146,-8590.90837748281,2699.0
20260214,south_china_sea_ph,81731,40,10,3,0,0,86,3,-206.88904696822988,138.0
20260214,taiwan_strait,81731,112,33,17,0,8,16,41,-932.1717282985671,586.0
20260214,thailand_cambodia_2025,81731,26,10,0,0,10,37,9,-269.0615614278831,97.0
20260214,us_china_chips_2022,81731,94,32,18,0,14,137,20,524.0802418561066,542.0
20260214,us_china_tariffs_2025,81731,175,55,27,0,20,3853,40,195.96337510978566,883.0
20260215,china_japan_2025,66753,28,9,3,0,0,155,3,-701.8348036783955,193.0
20260215,china_japan_seafood_2023,66753,28,9,3,0,0,155,2,-701.8348036783955,193.0
20260215,india_pakistan_2025,66753,11,7,2,0,3,593,136,-163.75478507033637,41.0
20260215,israel_iran_2025,66753,400,130,37,0,39,760,313,-9005.244880895076,3266.0
20260215,north_korea,66753,6,1,1,0,0,9,9,54.82328529354463,42.0
20260215,russia_ukraine_2022,66753,315,66,15,0,32,161,115,-8641.347168190641,2907.0
20260215,south_china_sea_ph,66753,35,14,2,0,1,84,2,-411.78170197329445,136.0
20260215,taiwan_strait,66753,145,67,23,0,26,11,32,-1807.491483679044,968.0
20260215,thailand_cambodia_2025,66753,18,3,0,0,3,24,9,-270.16381192222116,57.0
20260215,us_china_chips_2022,66753,110,23,13,0,9,117,18,-585.182124862443,823.0
20260215,us_china_tariffs_2025,66753,195,49,18,0,21,2335,29,-472.3855851880787,1243.0
20260216,china_japan_2025,103855,35,13,7,0,2,200,4,-438.7070801502045,148.0
20260216,china_japan_seafood_2023,103855,35,13,7,0,2,200,15,-438.7070801502045,148.0
20260216,india_pakistan_2025,103855,5,5,2,0,2,832,201,-100.20193239907047,21.0
20260216,israel_iran_2025,103855,480,164,41,0,55,1043,377,-8652.557378957004,4005.0
20260216,north_korea,103855,15,1,1,0,0,28,52,56.18471562146794,69.0
20260216,russia_ukraine_2022,103855,431,113,20,2,63,243,195,-13263.617106584685,4426.0
20260216,south_china_sea_ph,103855,20,2,1,0,1,135,1,70.01500779981518,60.0
20260216,taiwan_strait,103855,170,41,15,0,3,11,45,410.4764256093234,888.0
20260216,thailand_cambodia_2025,103855,23,13,2,0,10,56,10,-390.86249327871354,81.0
20260216,us_china_chips_2022,103855,132,22,8,0,6,148,33,-44.0778807764529,587.0
20260216,us_china_tariffs_2025,103855,262,43,13,0,6,3849,40,418.37598033356676,1265.0
20260217,china_japan_2025,119704,31,4,0,0,0,227,4,-18.70950231273767,111.0
20260217,china_japan_seafood_2023,119704,31,4,0,0,0,227,13,-18.70950231273767,111.0
20260217,india_pakistan_2025,119704,33,23,19,0,22,982,233,-949.9779174876871,188.0
20260217,israel_iran_2025,119704,586,177,69,0,55,969,565,-17912.617810826952,7151.0
20260217,north_korea,119704,13,4,4,0,3,6,11,5.810098060547911,50.0
20260217,russia_ukraine_2022,119704,627,208,23,0,120,324,202,-22673.932622608376,7108.0
20260217,south_china_sea_ph,119704,83,21,8,0,4,117,11,-2892.8633711435123,1635.0
20260217,taiwan_strait,119704,155,45,10,0,5,9,42,-857.1418372336043,1254.0
20260217,thailand_cambodia_2025,119704,13,7,0,0,3,50,10,-53.5919694209267,34.0
20260217,us_china_chips_2022,119704,143,32,9,0,9,165,37,-1411.4028912906754,746.0
20260217,us_china_tariffs_2025,119704,261,71,19,0,12,5266,49,-2413.696985040049,1796.0
20260218,china_japan_2025,128728,71,10,5,0,0,275,20,419.26938968684135,2127.0
20260218,china_japan_seafood_2023,128728,71,10,5,0,0,275,15,419.26938968684135,2127.0
20260218,india_pakistan_2025,128728,37,19,4,0,7,850,188,-319.66194777638805,82.0
20260218,israel_iran_2025,128728,497,162,54,1,66,1067,455,-9776.262579118365,4903.0
20260218,north_korea,128728,35,12,2,0,2,16,19,-2448.044422038984,421.0
20260218,russia_ukraine_2022,128728,620,206,28,0,116,211,270,-24724.522609212538,8566.0
20260218,south_china_sea_ph,128728,35,12,3,0,3,120,2,-377.2554833335821,243.0
20260218,taiwan_strait,128728,309,93,21,1,12,13,45,-2683.556634475525,2004.0
20260218,thailand_cambodia_2025,128728,129,65,4,0,40,134,52,-1549.5989520535195,509.0
20260218,us_china_chips_2022,128728,231,54,12,0,9,223,54,-1456.8988148326634,1624.0
20260218,us_china_tariffs_2025,128728,473,115,20,1,16,5932,55,-3993.1085424268904,3085.0
20260219,china_japan_2025,133910,35,0,0,0,0,252,6,-269.51211186456766,128.0
20260219,china_japan_seafood_2023,133910,35,0,0,0,0,252,14,-269.51211186456766,128.0
20260219,india_pakistan_2025,133910,14,6,4,0,6,800,206,-120.11234131847738,28.0
20260219,israel_iran_2025,133910,757,301,96,0,113,1425,676,-23603.92700971999,9818.0
20260219,north_korea,133910,34,14,6,0,1,38,29,-1355.2535467926787,829.0
20260219,russia_ukraine_2022,133910,474,139,26,0,64,182,199,-7027.171628135077,2859.0
20260219,south_china_sea_ph,133910,21,13,6,0,2,101,3,-261.06296640149037,56.0
20260219,taiwan_strait,133910,129,31,19,2,12,19,33,-293.5923679935744,548.0
20260219,thailand_cambodia_2025,133910,24,9,0,0,9,72,24,-410.91345769718254,92.0
20260219,us_china_chips_2022,133910,125,31,18,0,13,195,23,-349.5404033509637,452.0
20260219,us_china_tariffs_2025,133910,211,47,29,2,23,6374,68,-494.5370583601616,805.0
20260220,china_japan_2025,120940,14,8,3,0,0,277,13,-230.21584416963978,56.0
20260220,china_japan_seafood_2023,120940,14,8,3,0,0,277,11,-230.21584416963978,56.0
20260220,india_pakistan_2025,120940,26,5,0,0,2,746,150,-434.2604104413377,110.0
20260220,israel_iran_2025,120940,623,280,98,0,126,1270,565,-19741.467865645594,6255.0
20260220,north_korea,120940,33,13,9,0,6,28,46,-119.59692357139889,181.0
20260220,russia_ukraine_2022,120940,401,112,17,0,71,254,137,-5457.313344277926,2420.0
20260220,south_china_sea_ph,120940,17,7,0,0,2,114,8,-90.57599550183969,72.0
20260220,taiwan_strait,120940,217,41,15,0,20,14,39,680.1439785185639,2189.0
20260220,thailand_cambodia_2025,120940,13,3,3,0,3,96,14,-295.6291758994053,52.0
20260220,us_china_chips_2022,120940,209,21,10,0,11,178,43,1333.1821711694622,1668.0
20260220,us_china_tariffs_2025,120940,390,49,24,0,27,6160,692,2187.9851045508835,3684.0
20260221,china_japan_2025,75420,23,6,3,0,3,170,3,-412.1969920714278,102.0
20260221,china_japan_seafood_2023,75420,23,6,3,0,3,170,2,-412.1969920714278,102.0
20260221,india_pakistan_2025,75420,23,9,7,0,4,798,158,-333.4425037880774,72.0
20260221,israel_iran_2025,75420,345,168,61,0,66,856,309,-5989.8265114353635,2427.0
20260221,north_korea,75420,14,3,2,0,0,11,13,470.0815981531019,87.0
20260221,russia_ukraine_2022,75420,262,115,20,0,75,229,152,-6750.695367000991,1628.0
20260221,south_china_sea_ph,75420,10,0,0,0,0,87,4,-31.576637445891347,26.0
20260221,taiwan_strait,75420,122,24,2,0,2,5,24,-234.6881888350898,936.0
20260221,thailand_cambodia_2025,75420,3,2,0,0,2,34,9,-65.68421052631581,13.0
20260221,us_china_chips_2022,75420,114,21,7,0,7,112,28,-290.3053569653051,696.0
20260221,us_china_tariffs_2025,75420,231,42,9,0,9,3804,771,-525.9317851738142,1620.0
20260222,china_japan_2025,65302,6,0,0,0,0,143,1,-71.53869462814752,28.0
20260222,china_japan_seafood_2023,65302,6,0,0,0,0,143,6,-71.53869462814752,28.0
20260222,india_pakistan_2025,65302,38,17,5,0,10,1126,301,-1485.0748403925024,404.0
20260222,israel_iran_2025,65302,356,137,36,0,60,780,379,-19808.47686939547,4335.0
20260222,north_korea,65302,7,0,0,0,0,5,8,-146.53734225776049,32.0
20260222,russia_ukraine_2022,65302,276,135,28,0,87,300,205,-9815.062442469083,1789.0
20260222,south_china_sea_ph,65302,22,13,3,0,7,67,1,-73.28373989497304,68.0
20260222,taiwan_strait,65302,116,19,5,0,8,10,42,-1928.8009802257147,1349.0
20260222,thailand_cambodia_2025,65302,0,0,0,0,0,20,8,0.0,0.0
20260222,us_china_chips_2022,65302,107,9,3,0,3,91,13,-2502.018143984123,1897.0
20260222,us_china_tariffs_2025,65302,204,23,8,0,6,2407,322,-4311.042710381741,3031.0
20260223,china_japan_2025,111996,22,5,0,0,0,263,2,0.20340191812583086,64.0
20260223,china_japan_seafood_2023,111996,22,5,0,0,0,263,14,0.20340191812583086,64.0
20260223,india_pakistan_2025,111996,24,12,1,0,6,1176,235,-520.4698470331737,87.0
20260223,israel_iran_2025,111996,511,194,61,0,78,1060,492,-21829.519948745976,6001.0
20260223,north_korea,111996,12,5,1,0,1,17,47,-23.46294241002485,56.0
20260223,russia_ukraine_2022,111996,513,234,43,0,163,426,293,-20893.983716478986,5151.0
20260223,south_china_sea_ph,111996,41,20,2,0,11,181,10,66.99533315352681,122.0
20260223,taiwan_strait,111996,225,53,17,0,17,28,40,-3379.1774724709862,2132.0
20260223,thailand_cambodia_2025,111996,20,9,2,0,2,34,23,-398.7967681735542,62.0
20260223,us_china_chips_2022,111996,185,27,6,0,8,189,32,-980.8816017490767,1101.0
20260223,us_china_tariffs_2025,111996,390,74,19,0,23,4802,583,-4160.594634127823,3028.0
20260224,china_japan_2025,131378,85,29,23,0,6,321,6,-4190.427258231276,1515.0
20260224,china_japan_seafood_2023,131378,85,29,23,0,6,321,9,-4190.427258231276,1515.0
20260224,india_pakistan_2025,131378,13,6,0,0,3,1152,219,-288.79137478979123,79.0
20260224,israel_iran_2025,131378,484,214,78,0,72,999,487,-16148.399547775727,4575.0
20260224,north_korea,131378,34,18,0,0,0,17,32,644.6129250959405,311.0
20260224,russia_ukraine_2022,131378,992,407,95,0,225,522,673,-91733.8977929968,17143.0
20260224,south_china_sea_ph,131378,27,10,2,0,4,202,6,-148.33277028435998,88.0
20260224,taiwan_strait,131378,223,65,22,1,25,40,70,-2233.035496634333,2450.0
20260224,thailand_cambodia_2025,131378,93,41,0,0,19,113,28,-2497.7050916655203,397.0
20260224,us_china_chips_2022,131378,223,54,20,0,16,230,78,-1952.2464278751347,2285.0
20260224,us_china_tariffs_2025,131378,409,106,36,1,35,6247,415,-3298.2684269739248,4268.0
20260225,china_japan_2025,128403,75,18,2,0,5,318,11,-6759.665895016296,3219.0
20260225,china_japan_seafood_2023,128403,75,18,2,0,5,318,7,-6759.665895016296,3219.0
20260225,india_pakistan_2025,128403,23,17,1,0,14,1041,200,-98.77220535523777,69.0
20260225,israel_iran_2025,128403,506,187,69,0,76,1132,577,-16845.38239348824,5136.0
20260225,north_korea,128403,40,15,1,0,6,14,25,170.24460802259452,171.0
20260225,russia_ukraine_2022,128403,528,209,54,0,114,370,344,-15034.383067989485,4758.0
20260225,south_china_sea_ph,128403,27,5,0,0,0,183,3,-588.9193294706957,189.0
20260225,taiwan_strait,128403,181,60,8,0,16,27,78,-2122.9970439074277,1155.0
20260225,thailand_cambodia_2025,128403,53,27,2,0,11,107,26,-936.2967685344215,182.0
20260225,us_china_chips_2022,128403,127,32,16,0,17,185,60,-1741.2900048672407,811.0
20260225,us_china_tariffs_2025,128403,272,79,24,0,31,6113,243,-3495.9460720636216,1715.0
20260226,china_japan_2025,133978,44,9,1,0,1,339,3,-146.19640640639514,199.0
20260226,china_japan_seafood_2023,133978,44,9,1,0,1,339,17,-146.19640640639514,199.0
20260226,india_pakistan_2025,133978,44,17,3,0,13,1181,291,-564.4529307903776,221.0
20260226,israel_iran_2025,133978,613,202,85,0,42,1150,725,-40078.618819097435,15674.0
20260226,north_korea,133978,59,20,7,0,3,18,84,-649.394566616893,337.0
20260226,russia_ukraine_2022,133978,519,189,22,0,110,314,325,-20677.100647032807,6015.0
20260226,south_china_sea_ph,133978,21,0,0,0,0,126,2,-197.0484569752618,82.0
20260226,taiwan_strait,133978,216,48,15,1,25,18,51,-23916.93480185814,4287.0
20260226,thailand_cambodia_2025,133978,59,27,0,0,15,91,32,-1456.0839391640354,265.0
20260226,us_china_chips_2022,133978,241,60,34,2,27,252,61,-26844.184380384144,4933.0
20260226,us_china_tariffs_2025,133978,432,94,49,3,43,6692,164,-50723.87309933369,9115.0
20260227,china_japan_2025,131143,18,7,0,0,0,217,4,-234.4718427709904,76.0
20260227,china_japan_seafood_2023,131143,18,7,0,0,0,217,15,-234.4718427709904,76.0
20260227,india_pakistan_2025,131143,71,49,2,0,2,1754,699,-8106.351578816652,1370.0
20260227,israel_iran_2025,131143,720,220,76,0,72,1095,649,-13290.047952625599,9216.0
20260227,north_korea,131143,54,16,1,0,1,15,20,-225.75498785042853,193.0
20260227,russia_ukraine_2022,131143,361,147,24,0,89,238,181,-5659.923590943936,1742.0
20260227,south_china_sea_ph,131143,22,16,0,0,5,128,10,-242.83720556504784,131.0
20260227,taiwan_strait,131143,165,33,10,0,14,23,34,-877.6344524489408,845.0
20260227,thailand_cambodia_2025,131143,33,18,1,0,7,47,53,-440.1208862635396,262.0
20260227,us_china_chips_2022,131143,185,37,8,0,15,171,41,-586.3793649735936,807.0
20260227,us_china_tariffs_2025,131143,330,61,15,0,22,6300,149,-1137.8054082762706,1521.0
20260228,china_japan_2025,110266,14,6,3,0,0,191,2,-264.29125454605514,90.0
20260228,china_japan_seafood_2023,110266,14,6,3,0,0,191,3,-264.29125454605514,90.0
20260228,india_pakistan_2025,110266,37,23,1,0,2,1215,420,-1421.7221088819563,420.0
20260228,israel_iran_2025,110266,3902,2317,363,25,1417,5587,3906,-470363.0386581911,114076.0
20260228,north_korea,110266,27,8,2,0,5,23,22,-263.48695064624644,104.0
20260228,russia_ukraine_2022,110266,234,98,13,1,50,122,77,-10123.755459953933,1943.0
20260228,south_china_sea_ph,110266,8,3,0,0,0,87,5,-16.9491525423728,36.0
20260228,taiwan_strait,110266,102,25,13,0,9,22,30,-981.6208605633589,381.0
20260228,thailand_cambodia_2025,110266,12,2,0,0,2,38,17,-61.57773816597359,31.0
20260228,us_china_chips_2022,110266,109,23,1,0,4,139,32,-727.4778861206948,485.0
20260228,us_china_tariffs_2025,110266,200,42,8,0,9,4857,63,-1714.8805017859415,841.0
20260301,china_japan_2025,98894,14,4,2,0,1,224,1,-271.15709611918237,64.0
20260301,china_japan_seafood_2023,98894,14,4,2,0,1,224,2,-271.15709611918237,64.0
20260301,india_pakistan_2025,98894,22,20,2,0,8,1358,388,-2488.13478787898,346.0
20260301,israel_iran_2025,98894,4543,2799,422,8,1797,7728,4340,-498079.9303077717,111447.0
20260301,north_korea,98894,35,19,6,0,4,17,10,-809.2149451454501,220.0
20260301,russia_ukraine_2022,98894,206,101,19,2,53,127,56,-5524.8623528945445,1267.0
20260301,south_china_sea_ph,98894,1,0,0,0,0,77,1,-18.60465116279064,8.0
20260301,taiwan_strait,98894,91,30,10,0,8,9,21,-1238.3280905023084,663.0
20260301,thailand_cambodia_2025,98894,1,0,0,0,0,25,9,-48.458149779735706,10.0
20260301,us_china_chips_2022,98894,72,23,8,1,10,152,30,-285.665892979767,261.0
20260301,us_china_tariffs_2025,98894,154,51,18,1,16,3354,25,-1537.7881024272647,650.0
20260302,china_japan_2025,138330,21,4,4,0,0,237,0,-44.737539721762175,73.0
20260302,china_japan_seafood_2023,138330,21,4,4,0,0,237,9,-44.737539721762175,73.0
20260302,india_pakistan_2025,138330,9,4,0,0,3,1301,334,-139.5252057434543,31.0
20260302,israel_iran_2025,138330,4226,2406,333,3,1520,7157,4289,-279289.25742102007,60432.0
20260302,north_korea,138330,32,14,8,0,0,9,22,-61.74041952874374,118.0
20260302,russia_ukraine_2022,138330,283,140,28,0,83,226,97,-6383.2364734041,1569.0
20260302,south_china_sea_ph,138330,7,4,0,0,0,83,2,-378.59531489601886,90.0
20260302,taiwan_strait,138330,154,43,14,0,10,13,37,-1901.8887584614604,931.0
20260302,thailand_cambodia_2025,138330,9,0,0,0,0,30,15,140.84567574889593,26.0
20260302,us_china_chips_2022,138330,107,40,16,0,18,183,36,-732.3116973047397,431.0
20260302,us_china_tariffs_2025,138330,223,72,23,0,24,5503,83,-1900.3157084934592,1009.0
20260303,china_japan_2025,148505,24,4,2,0,2,287,7,-204.7328767167386,92.0
20260303,china_japan_seafood_2023,148505,24,4,2,0,2,287,6,-204.7328767167386,92.0
20260303,india_pakistan_2025,148505,14,12,2,0,12,1056,347,-212.48483929177067,35.0
20260303,israel_iran_2025,148505,4057,2372,335,3,1409,6440,3936,-313289.15149531874,67207.0
20260303,north_korea,148505,35,13,6,0,6,17,12,-145.25509794207352,150.0
20260303,russia_ukraine_2022,148505,336,144,34,0,80,210,89,-6703.119838073003,1605.0
20260303,south_china_sea_ph,148505,7,2,0,0,0,94,4,-6.182970942698084,29.0
20260303,taiwan_strait,148505,186,40,6,0,13,21,36,-10035.833200080267,3651.0
20260303,thailand_cambodia_2025,148505,12,4,0,0,0,58,20,-37.70670177182521,40.0
20260303,us_china_chips_2022,148505,131,26,12,0,10,200,38,-11457.790407168159,3732.0
20260303,us_china_tariffs_2025,148505,277,55,18,0,18,7133,82,-20466.729314942986,6999.0
20260304,china_japan_2025,145481,30,11,8,2,4,294,2,-627.5469271767429,253.0
20260304,china_japan_seafood_2023,145481,30,11,8,2,4,294,8,-627.5469271767429,253.0
20260304,india_pakistan_2025,145481,16,7,1,0,0,627,259,-296.4452773983587,79.0
20260304,israel_iran_2025,145481,3523,2067,317,0,1240,5423,3689,-180091.3119049593,45762.0
20260304,north_korea,145481,30,7,5,0,0,11,22,-151.25281638898184,133.0
20260304,russia_ukraine_2022,145481,346,180,21,0,64,204,101,-9897.42424178743,2045.0
20260304,south_china_sea_ph,145481,18,11,0,0,3,76,3,-131.41845448315905,55.0
20260304,taiwan_strait,145481,147,40,10,0,16,44,36,-2194.7228670721493,1043.0
20260304,thailand_cambodia_2025,145481,10,4,0,0,4,75,17,-39.03598925962211,40.0
20260304,us_china_chips_2022,145481,112,35,6,0,15,218,36,-689.6706228876513,452.0
20260304,us_china_tariffs_2025,145481,225,64,13,0,25,7164,76,-1703.4670882810797,1159.0
20260305,china_japan_2025,150744,16,1,0,0,0,390,1,-18.79799071841063,53.0
20260305,china_japan_seafood_2023,150744,16,1,0,0,0,390,17,-18.79799071841063,53.0
20260305,india_pakistan_2025,150744,13,8,6,0,4,715,219,-37.37259049893993,106.0
20260305,israel_iran_2025,150744,2987,1789,207,1,1034,5182,3383,-148911.37353181856,36651.0
20260305,north_korea,150744,42,14,4,0,3,20,30,-383.89637099638577,194.0
20260305,russia_ukraine_2022,150744,450,178,38,0,66,224,191,-8288.91920784898,2453.0
20260305,south_china_sea_ph,150744,19,12,3,0,6,79,3,-648.970418939665,130.0
20260305,taiwan_strait,150744,204,56,16,0,18,24,55,-7045.424054615243,2093.0
20260305,thailand_cambodia_2025,150744,21,7,0,0,7,66,15,-195.13000374694803,56.0
20260305,us_china_chips_2022,150744,133,32,11,0,8,289,49,-1266.0729217089938,688.0
20260305,us_china_tariffs_2025,150744,288,80,27,0,22,7170,129,-7045.799098531886,2394.0
20260306,china_japan_2025,137365,21,6,0,0,2,319,4,-105.54052909058356,81.0
20260306,china_japan_seafood_2023,137365,21,6,0,0,2,319,12,-105.54052909058356,81.0
20260306,india_pakistan_2025,137365,8,2,1,0,1,837,218,-162.87676092365436,32.0
20260306,israel_iran_2025,137365,2678,1461,208,2,851,4211,2769,-134200.99974840332,35193.0
20260306,north_korea,137365,5,2,0,0,0,15,16,-83.35910696090632,26.0
20260306,russia_ukraine_2022,137365,451,157,33,0,62,276,189,-10612.56275792711,3045.0
20260306,south_china_sea_ph,137365,18,7,3,0,5,86,5,-465.51105403341376,98.0
20260306,taiwan_strait,137365,139,19,9,1,12,26,45,-2406.126909973293,868.0
20260306,thailand_cambodia_2025,137365,13,8,0,0,6,40,16,-149.1282719089032,48.0
20260306,us_china_chips_2022,137365,124,22,10,0,9,228,31,-2841.6437490300427,986.0
20260306,us_china_tariffs_2025,137365,251,36,19,1,16,6650,120,-5044.8473726640805,1798.0
20260307,china_japan_2025,91984,3,1,0,0,0,171,2,6.575642047111,14.0
20260307,china_japan_seafood_2023,91984,3,1,0,0,0,171,4,6.575642047111,14.0
20260307,india_pakistan_2025,91984,0,0,0,0,0,713,210,0.0,0.0
20260307,israel_iran_2025,91984,2202,1240,164,0,781,3700,2028,-169285.77975521324,43995.0
20260307,north_korea,91984,8,1,0,0,0,8,6,-56.27671739692122,42.0
20260307,russia_ukraine_2022,91984,395,169,41,0,98,247,141,-45998.85390845814,7135.0
20260307,south_china_sea_ph,91984,4,3,0,0,0,49,0,2.068004459308751,17.0
20260307,taiwan_strait,91984,103,19,2,2,2,8,37,-2089.445228647334,955.0
20260307,thailand_cambodia_2025,91984,3,0,0,0,0,19,10,3.87096774193552,8.0
20260307,us_china_chips_2022,91984,113,21,6,0,6,131,23,-2667.8540997067144,1119.0
20260307,us_china_tariffs_2025,91984,194,35,8,2,8,4093,46,-4322.802308189248,1913.0
20260308,china_japan_2025,78314,56,27,7,0,0,145,5,-1206.2677551706804,519.0
20260308,china_japan_seafood_2023,78314,56,27,7,0,0,145,3,-1206.2677551706804,519.0
20260308,india_pakistan_2025,78314,7,2,2,0,2,758,181,-43.68171600057386,25.0
20260308,israel_iran_2025,78314,1904,1218,212,0,797,3593,1829,-120357.27688107389,27388.0
20260308,north_korea,78314,9,8,0,0,2,2,6,-89.5139966181543,52.0
20260308,russia_ukraine_2022,78314,241,109,35,0,55,155,79,-8810.470911995351,1821.0
20260308,south_china_sea_ph,78314,13,0,0,0,0,53,6,43.68134277177165,39.0
20260308,taiwan_strait,78314,157,36,9,0,10,2,33,-1169.6357904075207,985.0
20260308,thailand_cambodia_2025,78314,1,1,0,0,0,21,10,-52.9715762273902,10.0
20260308,us_china_chips_2022,78314,128,16,3,0,8,116,16,-631.5802555869622,487.0
20260308,us_china_tariffs_2025,78314,257,43,10,0,16,2848,17,-1140.5679248590327,1084.0
20260309,china_japan_2025,116756,18,7,2,0,1,222,2,-3.6026761820852435,199.0
20260309,china_japan_seafood_2023,116756,18,7,2,0,1,222,15,-3.6026761820852435,199.0
20260309,india_pakistan_2025,116756,6,0,0,0,0,741,192,-33.35290730533536,25.0
20260309,israel_iran_2025,116756,2094,1230,187,0,734,3917,2374,-102128.96358818968,24925.0
20260309,north_korea,116756,21,16,1,0,0,13,11,-47.157944334104435,68.0
20260309,russia_ukraine_2022,116756,267,125,29,0,56,203,106,-5027.850092715466,1504.0
20260309,south_china_sea_ph,116756,5,2,2,0,2,55,4,0.05571872595227845,12.0
20260309,taiwan_strait,116756,178,47,10,0,9,19,51,-1545.15026063119,996.0
20260309,thailand_cambodia_2025,116756,2,0,0,0,0,45,13,-14.65968586387432,4.0
20260309,us_china_chips_2022,116756,140,28,8,0,12,160,32,-569.8437515731607,646.0
20260309,us_china_tariffs_2025,116756,275,52,11,0,16,4942,55,-1243.478889055637,1332.0
20260310,china_japan_2025,126772,7,1,0,0,0,272,1,-163.80393716444604,36.0
20260310,china_japan_seafood_2023,126772,7,1,0,0,0,272,23,-163.80393716444604,36.0
20260310,india_pakistan_2025,126772,7,2,2,0,2,726,242,-213.80935830294328,45.0
20260310,israel_iran_2025,126772,1912,1052,183,0,619,3441,2280,-78228.81526274123,19894.0
20260310,north_korea,126772,88,49,9,0,9,20,38,-2292.2406837703447,488.0
20260310,russia_ukraine_2022,126772,455,159,36,0,93,236,145,-11631.026738311455,3334.0
20260310,south_china_sea_ph,126772,20,11,5,0,3,42,1,224.4811508438039,124.0
20260310,taiwan_strait,126772,163,29,7,0,7,11,53,-3860.8895925405363,1823.0
20260310,thailand_cambodia_2025,126772,28,2,0,0,2,56,17,-320.8645890568092,102.0
20260310,us_china_chips_2022,126772,112,20,9,0,10,201,40,-348.03864155692315,499.0
20260310,us_china_tariffs_2025,126772,250,44,15,0,17,6100,52,-3633.863833522381,2055.0
20260311,china_japan_2025,131556,21,2,0,0,0,249,1,-912.2507398375415,246.0
20260311,china_japan_seafood_2023,131556,21,2,0,0,0,249,23,-912.2507398375415,246.0
20260311,india_pakistan_2025,131556,21,8,3,0,7,715,189,-404.73409408039936,84.0
20260311,israel_iran_2025,131556,2052,1186,188,4,713,3589,2316,-100795.25756741894,21987.0
20260311,north_korea,131556,70,55,7,0,13,46,43,-1172.4035656152819,358.0
20260311,russia_ukraine_2022,131556,374,159,18,0,81,259,134,-8309.502100353977,2356.0
20260311,south_china_sea_ph,131556,2,1,0,0,0,64,6,925.5471639080183,170.0
20260311,taiwan_strait,131556,175,50,14,0,21,25,39,-1101.576076209605,865.0
20260311,thailand_cambodia_2025,131556,13,3,0,0,0,121,24,-29.77509402236246,62.0
20260311,us_china_chips_2022,131556,113,26,6,0,13,180,44,-287.27683041416026,485.0
20260311,us_china_tariffs_2025,131556,247,69,20,0,29,6408,74,-974.0720259032427,974.0
20260312,china_japan_2025,135264,16,1,0,0,1,233,3,-162.00066452964774,74.0
20260312,china_japan_seafood_2023,135264,16,1,0,0,1,233,17,-162.00066452964774,74.0
20260312,india_pakistan_2025,135264,12,7,1,0,1,801,226,-77.1363187239463,118.0
20260312,israel_iran_2025,135264,2089,1168,216,4,636,3734,2374,-105129.75861658544,21883.0
20260312,north_korea,135264,28,13,2,0,2,26,53,-280.6332841992259,93.0
20260312,russia_ukraine_2022,135264,386,157,42,0,77,244,125,-13556.952658257454,2493.0
20260312,south_china_sea_ph,135264,18,6,2,0,0,64,10,-32.13387061801525,53.0
20260312,taiwan_strait,135264,176,36,10,0,17,14,56,-1617.9999711849875,1175.0
20260312,thailand_cambodia_2025,135264,21,18,0,0,6,122,23,-309.7081238156507,90.0
20260312,us_china_chips_2022,135264,156,23,5,0,9,165,39,-248.31940035997673,1076.0
20260312,us_china_tariffs_2025,135264,291,48,12,0,18,6570,115,-1277.0737216481252,1852.0
20260313,china_japan_2025,131018,15,3,3,0,0,274,0,-190.18187654285921,62.0
20260313,china_japan_seafood_2023,131018,15,3,3,0,0,274,16,-190.18187654285921,62.0
20260313,india_pakistan_2025,131018,13,11,0,0,0,797,293,-220.49909055807737,75.0
20260313,israel_iran_2025,131018,2157,1266,226,2,692,3724,2144,-131738.85491392732,29039.0
20260313,north_korea,131018,31,22,14,0,3,13,29,-1062.9489369516268,838.0
20260313,russia_ukraine_2022,131018,418,171,26,4,64,207,103,-10575.5955578561,2679.0
20260313,south_china_sea_ph,131018,2,0,0,0,0,72,6,31.08578344848455,12.0
20260313,taiwan_strait,131018,174,50,15,0,8,14,54,-1259.8120744588623,1203.0
20260313,thailand_cambodia_2025,131018,39,25,0,0,13,105,37,-449.7872723965822,118.0
20260313,us_china_chips_2022,131018,165,35,11,0,16,194,30,-1594.641137710509,1289.0
20260313,us_china_tariffs_2025,131018,321,78,23,0,24,7053,77,-2594.687627041344,2361.0
20260314,china_japan_2025,83832,7,2,0,0,0,288,3,-52.339128845978095,27.0
20260314,china_japan_seafood_2023,83832,7,2,0,0,0,288,4,-52.339128845978095,27.0
20260314,india_pakistan_2025,83832,15,7,0,0,1,693,208,-776.414719162244,127.0
20260314,israel_iran_2025,83832,1424,851,141,5,520,3070,1559,-52177.21512766853,13562.0
20260314,north_korea,83832,284,194,15,0,153,156,101,-16033.854958566808,5638.0
20260314,russia_ukraine_2022,83832,282,144,22,0,69,210,97,-26414.435185584964,5380.0
20260314,south_china_sea_ph,83832,5,3,1,0,0,78,5,-52.63307517018862,17.0
20260314,taiwan_strait,83832,120,35,16,0,18,23,31,-1264.3304140790824,749.0
20260314,thailand_cambodia_2025,83832,3,0,0,0,0,31,13,-31.437125748503018,7.0
20260314,us_china_chips_2022,83832,100,23,6,0,6,198,24,-2112.9836156565316,673.0
20260314,us_china_tariffs_2025,83832,197,51,18,0,23,4355,40,-3179.352360646036,1153.0
20260315,china_japan_2025,68671,15,5,0,0,0,224,4,-67.12106438272284,38.0
20260315,china_japan_seafood_2023,68671,15,5,0,0,0,224,2,-67.12106438272284,38.0
20260315,india_pakistan_2025,68671,9,5,0,0,3,732,161,-135.01712292115374,26.0
20260315,israel_iran_2025,68671,1345,740,145,0,404,2851,1292,-62014.92136410643,13852.0
20260315,north_korea,68671,79,42,6,0,26,83,50,-1786.6919352026964,715.0
20260315,russia_ukraine_2022,68671,270,110,20,1,59,170,91,-12347.75142984795,3173.0
20260315,south_china_sea_ph,68671,7,3,0,0,1,58,3,-123.41745240681415,33.0
20260315,taiwan_strait,68671,143,23,10,0,11,19,39,-586.1638661101639,1006.0
20260315,thailand_cambodia_2025,68671,0,0,0,0,0,12,8,0.0,0.0
20260315,us_china_chips_2022,68671,180,35,23,0,20,161,17,-1574.2068560782118,1617.0
20260315,us_china_tariffs_2025,68671,300,53,33,0,29,2649,23,-1897.106473708899,2397.0
20260316,china_japan_2025,118908,28,6,0,0,2,309,8,-629.6919043700857,1423.0
20260316,china_japan_seafood_2023,118908,28,6,0,0,2,309,7,-629.6919043700857,1423.0
20260316,india_pakistan_2025,118908,6,0,0,0,0,827,272,-85.4579214229206,16.0
20260316,israel_iran_2025,118908,1724,951,178,1,534,3193,1799,-65257.361264150604,17031.0
20260316,north_korea,118908,58,8,1,0,5,46,18,-303.6769840048175,165.0
20260316,russia_ukraine_2022,118908,360,165,41,1,74,269,138,-9298.449335289388,2212.0
20260316,south_china_sea_ph,118908,10,1,0,0,0,52,6,-139.7361423796957,47.0
20260316,taiwan_strait,118908,251,52,20,0,13,18,55,-8824.847656972464,3810.0
20260316,thailand_cambodia_2025,118908,8,4,0,0,4,48,18,-194.12403948152252,250.0
20260316,us_china_chips_2022,118908,310,40,10,0,20,232,43,-7678.893739628571,3206.0
20260316,us_china_tariffs_2025,118908,539,89,27,0,33,4874,78,-16311.27760390162,6864.0
20260317,china_japan_2025,133392,23,5,0,0,0,292,4,-74.98988060901401,90.0
20260317,china_japan_seafood_2023,133392,23,5,0,0,0,292,8,-74.98988060901401,90.0
20260317,india_pakistan_2025,133392,17,12,1,0,1,1183,451,-678.1643548906193,122.0
20260317,israel_iran_2025,133392,2194,1229,184,2,760,3783,2156,-137773.74446982978,31090.0
20260317,north_korea,133392,20,8,3,0,0,13,9,-69.65547329120874,77.0
20260317,russia_ukraine_2022,133392,354,145,33,0,77,280,204,-5743.177248436594,1665.0
20260317,south_china_sea_ph,133392,17,7,4,0,4,60,3,-100.503662724044,48.0
20260317,taiwan_strait,133392,289,47,10,0,16,17,66,-5921.030061810168,3930.0
20260317,thailand_cambodia_2025,133392,13,2,2,0,1,53,10,-99.20900711560257,56.0
20260317,us_china_chips_2022,133392,303,75,21,0,19,209,51,-6864.500818502847,3420.0
20260317,us_china_tariffs_2025,133392,551,115,31,0,34,5889,52,-12284.042652129454,6898.0
20260318,china_japan_2025,135362,49,10,1,0,1,288,11,-525.2909968861829,286.0
20260318,china_japan_seafood_2023,135362,49,10,1,0,1,288,17,-525.2909968861829,286.0
20260318,india_pakistan_2025,135362,14,4,0,0,0,907,330,-108.23986623889337,33.0
20260318,israel_iran_2025,135362,2368,1382,196,1,852,4338,2098,-111363.8031557762,25197.0
20260318,north_korea,135362,15,12,2,0,6,15,25,-55.33213287026545,49.0
20260318,russia_ukraine_2022,135362,384,167,50,0,53,244,150,-6317.559543536163,1581.0
20260318,south_china_sea_ph,135362,7,2,2,0,2,84,1,-227.07078433655832,55.0
20260318,taiwan_strait,135362,232,56,13,0,14,27,67,-2283.0324344782866,4113.0
20260318,thailand_cambodia_2025,135362,6,2,0,0,0,42,14,-180.6923403671556,370.0
20260318,us_china_chips_2022,135362,169,34,15,1,10,196,65,-547.6896964224088,1347.0
20260318,us_china_tariffs_2025,135362,342,69,26,1,18,6049,54,-1899.3644394723804,4896.0
20260319,china_japan_2025,131899,62,11,4,0,2,340,53,-1276.3096882011203,948.0
20260319,china_japan_seafood_2023,131899,62,11,4,0,2,340,21,-1276.3096882011203,948.0
20260319,india_pakistan_2025,131899,10,2,0,0,0,719,273,-14.997150962774318,26.0
20260319,israel_iran_2025,131899,2300,1361,247,1,724,3839,2315,-134968.8801985044,28011.0
20260319,north_korea,131899,13,9,1,0,6,19,11,-59.21141025326997,75.0
20260319,russia_ukraine_2022,131899,335,130,40,0,51,170,154,-8810.83240097409,2120.0
20260319,south_china_sea_ph,131899,18,0,0,0,0,50,5,-491.92239125314956,237.0
20260319,taiwan_strait,131899,197,60,16,1,17,11,80,-2891.5122879773844,2106.0
20260319,thailand_cambodia_2025,131899,43,27,0,0,25,118,22,-879.2481383878297,300.0
20260319,us_china_chips_2022,131899,120,32,14,1,12,220,45,-2581.7768669982697,1554.0
20260319,us_china_tariffs_2025,131899,265,71,27,2,27,6073,50,-4678.6306482163045,3218.0
20260320,china_japan_2025,116574,47,7,0,0,2,353,42,-268.33852498862643,251.0
20260320,china_japan_seafood_2023,116574,47,7,0,0,2,353,11,-268.33852498862643,251.0
20260320,india_pakistan_2025,116574,22,11,0,0,1,631,205,-155.44946896372994,63.0
20260320,israel_iran_2025,116574,1831,995,155,0,551,3417,1714,-85156.00079037441,19045.0
20260320,north_korea,116574,19,10,2,0,4,26,27,-150.32542854262059,101.0
20260320,russia_ukraine_2022,116574,326,114,25,0,47,196,141,-11075.601649279657,2931.0
20260320,south_china_sea_ph,116574,19,2,0,0,2,71,7,-50.39024905401179,56.0
20260320,taiwan_strait,116574,167,41,14,0,18,28,52,-2355.130225509988,1328.0
20260320,thailand_cambodia_2025,116574,1,0,0,0,0,61,15,-17.5115207373272,5.0
20260320,us_china_chips_2022,116574,126,33,8,0,9,193,62,-1827.9172320680225,1123.0
20260320,us_china_tariffs_2025,116574,270,65,22,0,23,5831,48,-3429.022490730665,2197.0
20260321,china_japan_2025,71336,10,6,6,0,0,164,6,-179.54383932892753,63.0
20260321,china_japan_seafood_2023,71336,10,6,6,0,0,164,2,-179.54383932892753,63.0
20260321,india_pakistan_2025,71336,11,6,1,0,2,499,76,-27.949376990382277,31.0
20260321,israel_iran_2025,71336,1346,707,116,0,402,2401,1439,-74081.30862744375,17687.0
20260321,north_korea,71336,1,0,0,0,0,7,5,-4.75524475524474,2.0
20260321,russia_ukraine_2022,71336,257,103,15,0,50,153,75,-7301.513190454454,1839.0
20260321,south_china_sea_ph,71336,11,0,0,0,0,52,4,-25.778559764841255,33.0
20260321,taiwan_strait,71336,82,27,11,0,7,14,29,-887.9636494174766,392.0
20260321,thailand_cambodia_2025,71336,12,4,0,0,4,28,9,-720.2236644934944,312.0
20260321,us_china_chips_2022,71336,58,8,1,0,3,92,21,-205.9856753552699,329.0
20260321,us_china_tariffs_2025,71336,119,24,7,0,10,3148,20,-557.4968591198216,524.0
20260322,china_japan_2025,58599,8,8,8,0,0,151,3,-99.47982822234319,22.0
20260322,china_japan_seafood_2023,58599,8,8,8,0,0,151,1,-99.47982822234319,22.0
20260322,india_pakistan_2025,58599,36,29,7,0,7,474,110,-666.456907596591,213.0
20260322,israel_iran_2025,58599,1289,779,196,0,411,2617,1254,-119250.98996147045,21742.0
20260322,north_korea,58599,1,0,0,0,0,1,2,9.259259259259201,10.0
20260322,russia_ukraine_2022,58599,242,95,5,0,53,141,64,-7205.166150709332,2109.0
20260322,south_china_sea_ph,58599,9,6,6,0,3,43,4,-55.19672320315645,24.0
20260322,taiwan_strait,58599,89,26,11,0,10,15,35,-2477.3724353227553,1464.0
20260322,thailand_cambodia_2025,58599,3,2,0,0,2,7,11,-48.86493312843297,11.0
20260322,us_china_chips_2022,58599,82,12,2,0,4,86,20,-1432.2485890613834,1281.0
20260322,us_china_tariffs_2025,58599,156,29,8,0,10,2200,12,-3259.6697124210123,2544.0
20260323,china_japan_2025,100882,37,9,4,0,0,211,9,-16.125604510684212,146.0
20260323,china_japan_seafood_2023,100882,37,9,4,0,0,211,9,-16.125604510684212,146.0
20260323,india_pakistan_2025,100882,27,11,7,0,9,662,203,-599.4728630969197,179.0
20260323,israel_iran_2025,100882,1848,926,169,1,435,2861,1706,-91928.57718609154,20001.0
20260323,north_korea,100882,53,16,3,0,8,21,27,-699.1718271614566,617.0
20260323,russia_ukraine_2022,100882,291,139,27,0,93,168,95,-6184.459846481429,1488.0
20260323,south_china_sea_ph,100882,4,0,0,0,0,72,8,-14.649778026782183,16.0
20260323,taiwan_strait,100882,135,34,15,0,18,15,61,-1319.4847295752497,818.0
20260323,thailand_cambodia_2025,100882,7,0,0,0,0,27,14,-108.54815854815853,26.0
20260323,us_china_chips_2022,100882,126,19,10,0,9,132,37,-961.262372271438,711.0
20260323,us_china_tariffs_2025,100882,238,49,22,0,26,4357,33,-1850.3761799419472,1341.0
20260324,china_japan_2025,119066,70,36,4,0,8,290,3,-3085.4696541068674,894.0
20260324,china_japan_seafood_2023,119066,70,36,4,0,8,290,22,-3085.4696541068674,894.0
20260324,india_pakistan_2025,119066,14,12,9,0,10,748,324,-174.33019384173616,51.0
20260324,israel_iran_2025,119066,1814,752,190,0,351,3143,1809,-113037.15349192759,29730.0
20260324,north_korea,119066,65,22,6,0,0,12,48,-4123.082741615522,1538.0
20260324,russia_ukraine_2022,119066,324,170,25,0,100,304,131,-20543.275876693522,3492.0
20260324,south_china_sea_ph,119066,13,5,0,0,0,78,6,49.83667747669782,47.0
20260324,taiwan_strait,119066,148,27,6,0,8,29,60,-1119.0028686972998,743.0
20260324,thailand_cambodia_2025,119066,44,20,3,0,17,70,27,-1183.9933047272618,218.0
20260324,us_china_chips_2022,119066,130,34,16,0,13,208,43,-1315.342886690109,608.0
20260324,us_china_tariffs_2025,119066,248,58,19,0,20,5623,27,-2058.346990027927,1140.0
20260325,china_japan_2025,123713,115,76,11,0,10,315,5,-5514.7075144059645,1191.0
20260325,china_japan_seafood_2023,123713,115,76,11,0,10,315,10,-5514.7075144059645,1191.0
20260325,india_pakistan_2025,123713,39,18,9,0,9,727,306,-962.2884895909452,181.0
20260325,israel_iran_2025,123713,2068,861,165,2,453,2908,1907,-110931.04784218039,33273.0
20260325,north_korea,123713,46,13,1,0,2,19,53,-276.7379219552453,519.0
20260325,russia_ukraine_2022,123713,444,245,42,0,184,360,148,-36891.82727615209,5326.0
20260325,south_china_sea_ph,123713,16,0,0,0,0,66,8,-181.13274170729707,67.0
20260325,taiwan_strait,123713,208,49,11,0,15,35,74,-5696.910386155477,2240.0
20260325,thailand_cambodia_2025,123713,33,18,1,0,16,58,35,-359.50655715600135,135.0
20260325,us_china_chips_2022,123713,183,38,25,0,13,205,37,-4972.005168238672,2189.0
20260325,us_china_tariffs_2025,123713,328,75,29,0,26,5952,30,-8502.088885174766,3565.0
20260326,china_japan_2025,122103,64,35,5,0,12,306,2,-1101.268495721601,329.0
20260326,china_japan_seafood_2023,122103,64,35,5,0,12,306,8,-1101.268495721601,329.0
20260326,india_pakistan_2025,122103,48,22,1,0,16,748,288,-1888.1389644191922,384.0
20260326,israel_iran_2025,122103,1939,935,155,0,516,2881,1912,-111698.80711242005,27336.0
20260326,north_korea,122103,28,5,0,0,1,13,50,70.7542652756295,150.0
20260326,russia_ukraine_2022,122103,458,185,42,0,110,299,196,-23593.377014898204,5355.0
20260326,south_china_sea_ph,122103,26,16,6,0,2,117,5,-693.1181708535223,241.0
20260326,taiwan_strait,122103,242,74,41,0,22,56,57,-3209.500688492408,1366.0
20260326,thailand_cambodia_2025,122103,20,4,0,0,0,57,27,-268.45265312186956,80.0
20260326,us_china_chips_2022,122103,232,56,35,0,15,192,41,-4765.300144103703,1530.0
20260326,us_china_tariffs_2025,122103,422,100,52,0,25,5920,50,-7265.526106063409,2663.0
20260327,china_japan_2025,113765,55,29,9,0,5,314,2,-566.9000199613273,271.0
20260327,china_japan_seafood_2023,113765,55,29,9,0,5,314,9,-566.9000199613273,271.0
20260327,india_pakistan_2025,113765,18,5,2,0,2,631,196,-441.30505884027934,102.0
20260327,israel_iran_2025,113765,1491,764,153,0,462,2523,1582,-69727.05595642321,16101.0
20260327,north_korea,113765,24,6,2,0,3,16,27,38.132964920939,70.0
20260327,russia_ukraine_2022,113765,394,160,35,1,81,192,173,-9843.43924239797,2458.0
20260327,south_china_sea_ph,113765,35,15,3,0,4,100,6,-465.2846932741019,153.0
20260327,taiwan_strait,113765,162,51,12,0,14,49,52,-6609.86925353446,1573.0
20260327,thailand_cambodia_2025,113765,20,3,0,0,0,51,11,191.3404164534761,89.0
20260327,us_china_chips_2022,113765,163,36,22,0,14,225,51,-4997.170283210251,1672.0
20260327,us_china_tariffs_2025,113765,285,61,31,0,21,6162,23,-10226.766673799077,2952.0
20260328,china_japan_2025,77524,17,3,2,0,2,160,3,-118.66292227455779,198.0
20260328,china_japan_seafood_2023,77524,17,3,2,0,2,160,3,-118.66292227455779,198.0
20260328,india_pakistan_2025,77524,13,3,0,0,0,611,215,-209.81620424433916,39.0
20260328,israel_iran_2025,77524,1124,622,119,6,331,2396,1139,-56185.147179753374,13261.0
20260328,north_korea,77524,7,0,0,0,0,5,8,24.797860199222754,55.0
20260328,russia_ukraine_2022,77524,194,95,8,0,61,216,121,-5798.47697881802,1517.0
20260328,south_china_sea_ph,77524,25,3,0,0,0,57,4,-56.699879622761294,154.0
20260328,taiwan_strait,77524,128,16,3,0,4,15,37,-1304.6868594231732,1343.0
20260328,thailand_cambodia_2025,77524,22,7,2,0,1,24,12,-372.2164689463112,80.0
20260328,us_china_chips_2022,77524,86,8,4,0,3,107,25,-1238.2256011298114,1120.0
20260328,us_china_tariffs_2025,77524,179,22,7,0,6,3497,20,-1649.8161942368415,1886.0
20260329,china_japan_2025,68512,19,10,4,0,0,171,1,-265.87380161817015,104.0
20260329,china_japan_seafood_2023,68512,19,10,4,0,0,171,3,-265.87380161817015,104.0
20260329,india_pakistan_2025,68512,3,2,0,0,0,540,337,-64.93000608642738,10.0
20260329,israel_iran_2025,68512,1318,822,109,0,470,2681,1150,-81423.63378102695,16914.0
20260329,north_korea,68512,15,3,1,0,0,14,35,-49.68151945160862,53.0
20260329,russia_ukraine_2022,68512,137,72,14,0,44,120,57,-3243.0429077397025,1021.0
20260329,south_china_sea_ph,68512,29,3,3,0,0,78,5,-325.0727232265317,201.0
20260329,taiwan_strait,68512,113,32,9,0,21,15,22,-1465.9699859574048,610.0
20260329,thailand_cambodia_2025,68512,9,0,0,0,0,16,5,188.7955182072831,40.0
20260329,us_china_chips_2022,68512,79,9,3,0,7,93,13,-1159.8192565987529,476.0
20260329,us_china_tariffs_2025,68512,171,37,12,0,26,2576,16,-1842.4281067200698,870.0
20260330,china_japan_2025,112958,58,38,21,0,6,219,4,-765.5596923242736,277.0
20260330,china_japan_seafood_2023,112958,58,38,21,0,6,219,10,-765.5596923242736,277.0
20260330,india_pakistan_2025,112958,18,9,5,0,7,960,312,-496.0675877640099,147.0
20260330,israel_iran_2025,112958,1601,795,144,0,464,3502,1705,-92018.88288127346,25364.0
20260330,north_korea,112958,32,7,0,0,2,14,40,-650.620293220191,373.0
20260330,russia_ukraine_2022,112958,287,108,21,1,58,212,92,-8186.239769518734,2042.0
20260330,south_china_sea_ph,112958,38,9,1,0,6,81,8,-16.00551856477863,289.0
20260330,taiwan_strait,112958,233,27,4,0,13,21,89,-150.08262459733442,1611.0
20260330,thailand_cambodia_2025,112958,19,3,1,0,3,49,16,-21.072652488203317,50.0
20260330,us_china_chips_2022,112958,125,31,15,0,17,154,29,-1308.3311199522918,791.0
20260330,us_china_tariffs_2025,112958,244,50,18,0,29,5023,21,-1799.632564695158,1622.0
20260331,china_japan_2025,120412,27,17,4,0,1,286,5,-764.5337052583471,161.0
20260331,china_japan_seafood_2023,120412,27,17,4,0,1,286,15,-764.5337052583471,161.0
20260331,india_pakistan_2025,120412,19,7,2,0,2,749,238,-250.16041962388172,107.0
20260331,israel_iran_2025,120412,1369,684,141,0,386,2960,1510,-64118.302131204335,16704.0
20260331,north_korea,120412,53,19,2,0,5,8,12,-325.1232021768644,214.0
20260331,russia_ukraine_2022,120412,341,137,23,0,83,216,108,-12424.976135488225,2729.0
20260331,south_china_sea_ph,120412,28,14,4,0,5,63,4,-132.24537186900886,132.0
20260331,taiwan_strait,120412,178,43,22,0,12,33,57,-1413.2059377567698,1001.0
20260331,thailand_cambodia_2025,120412,30,14,0,0,12,41,9,-1278.936150012695,589.0
20260331,us_china_chips_2022,120412,134,40,9,0,7,194,33,-1332.0073565317714,721.0
20260331,us_china_tariffs_2025,120412,276,77,27,0,19,5810,35,-2210.979641532389,1470.0
20260401,china_japan_2025,123481,32,15,4,0,8,365,3,-2045.7259855718235,715.0
20260401,china_japan_seafood_2023,123481,32,15,4,0,8,365,11,-2045.7259855718235,715.0
20260401,india_pakistan_2025,123481,9,8,0,0,4,714,230,-102.52023105849689,23.0
20260401,israel_iran_2025,123481,1495,733,143,0,394,2613,1669,-93219.35367164359,21611.0
20260401,north_korea,123481,23,6,2,0,0,14,20,-89.90715511248534,61.0
20260401,russia_ukraine_2022,123481,379,159,27,0,82,252,134,-7502.227574498176,2268.0
20260401,south_china_sea_ph,123481,15,4,0,0,0,51,3,44.033883298845424,98.0
20260401,taiwan_strait,123481,213,50,17,0,22,34,59,-1200.287441923347,1948.0
20260401,thailand_cambodia_2025,123481,21,21,1,0,20,83,27,-210.22688709025937,155.0
20260401,us_china_chips_2022,123481,132,28,17,2,15,260,39,-129.31206508175848,1181.0
20260401,us_china_tariffs_2025,123481,304,60,32,2,25,5943,31,-934.1191959969301,2707.0
20260402,china_japan_2025,113383,28,2,0,0,1,263,3,-1222.355910834875,302.0
20260402,china_japan_seafood_2023,113383,28,2,0,0,1,263,13,-1222.355910834875,302.0
20260402,india_pakistan_2025,113383,11,8,3,0,4,770,237,-164.49142237570152,24.0
20260402,israel_iran_2025,113383,1310,606,133,2,276,2175,1526,-60954.47078718759,16433.0
20260402,north_korea,113383,10,3,0,0,0,10,10,-202.22711906871282,44.0
20260402,russia_ukraine_2022,113383,265,117,22,0,51,189,90,-5895.252288171203,1348.0
20260402,south_china_sea_ph,113383,22,10,0,0,0,46,11,-162.82512960802828,76.0
20260402,taiwan_strait,113383,183,60,25,0,15,28,60,-385.36518915745825,2034.0
20260402,thailand_cambodia_2025,113383,5,1,1,0,0,45,14,28.047161172161175,7.0
20260402,us_china_chips_2022,113383,168,49,19,0,10,199,42,-2514.867667434648,2315.0
20260402,us_china_tariffs_2025,113383,310,96,44,0,18,5645,86,-2495.819940995626,4082.0
20260403,china_japan_2025,94378,10,3,2,0,1,213,3,-66.00006911029375,49.0
20260403,china_japan_seafood_2023,94378,10,3,2,0,1,213,10,-66.00006911029375,49.0
20260403,india_pakistan_2025,94378,27,20,7,0,6,690,229,-1256.242043986478,158.0
20260403,israel_iran_2025,94378,1203,564,102,2,320,2552,1451,-48912.779581214294,13818.0
20260403,north_korea,94378,9,2,0,0,2,15,12,-17.496361601999244,40.0
20260403,russia_ukraine_2022,94378,250,123,19,0,79,277,117,-18422.74469164571,3125.0
20260403,south_china_sea_ph,94378,11,1,0,0,0,35,4,-101.46150681486886,33.0
20260403,taiwan_strait,94378,154,36,13,0,13,16,37,-3556.2284443389244,2678.0
20260403,thailand_cambodia_2025,94378,5,2,0,0,2,58,17,-138.21132214641352,16.0
20260403,us_china_chips_2022,94378,162,55,26,0,17,144,28,-2538.8386790769027,2522.0
20260403,us_china_tariffs_2025,94378,282,87,37,0,28,5244,85,-4713.43832841939,4847.0
20260404,china_japan_2025,62289,8,4,2,0,2,151,1,-104.7068211104773,31.0
20260404,china_japan_seafood_2023,62289,8,4,2,0,2,151,5,-104.7068211104773,31.0
20260404,india_pakistan_2025,62289,31,18,11,0,7,550,187,-677.4764593001245,294.0
20260404,israel_iran_2025,62289,1058,594,124,0,396,2399,1218,-67559.2235546401,13857.0
20260404,north_korea,62289,7,5,1,0,5,8,1,-28.52367072345239,11.0
20260404,russia_ukraine_2022,62289,266,131,13,0,99,216,99,-10551.035791093242,2217.0
20260404,south_china_sea_ph,62289,3,0,0,0,0,52,1,28.7356321839082,20.0
20260404,taiwan_strait,62289,93,14,6,0,6,12,29,-1350.9303525862713,758.0
20260404,thailand_cambodia_2025,62289,0,0,0,0,0,19,4,0.0,0.0
20260404,us_china_chips_2022,62289,129,36,18,0,15,103,20,-1048.4063785648325,819.0
20260404,us_china_tariffs_2025,62289,194,48,22,0,21,3013,26,-1684.8615271862357,1259.0
20260405,china_japan_2025,56140,7,3,3,0,1,98,3,-20.02084236281587,21.0
20260405,china_japan_seafood_2023,56140,7,3,3,0,1,98,1,-20.02084236281587,21.0
20260405,india_pakistan_2025,56140,27,16,15,0,4,508,146,-801.4469941821972,254.0
20260405,israel_iran_2025,56140,1176,639,155,0,380,2480,1397,-38083.70641153058,10029.0
20260405,north_korea,56140,5,5,2,0,2,8,3,-69.99232360533124,29.0
20260405,russia_ukraine_2022,56140,193,61,4,0,50,121,80,-8907.565312304483,2165.0
20260405,south_china_sea_ph,56140,12,6,0,0,1,89,1,-184.30742801322512,59.0
20260405,taiwan_strait,56140,77,19,9,0,1,11,24,-475.3561891699519,516.0
20260405,thailand_cambodia_2025,56140,4,4,0,0,0,20,9,-51.2042897327708,20.0
20260405,us_china_chips_2022,56140,77,21,15,0,11,78,11,-613.1763087577704,316.0
20260405,us_china_tariffs_2025,56140,127,36,20,0,12,2180,15,-766.7258174540613,511.0
20260406,china_japan_2025,87991,7,1,0,0,0,186,2,-32.8278370643772,26.0
20260406,china_japan_seafood_2023,87991,7,1,0,0,0,186,6,-32.8278370643772,26.0
20260406,india_pakistan_2025,87991,87,47,26,0,1,749,230,-2484.6187627286986,513.0
20260406,israel_iran_2025,87991,1730,926,214,0,524,3016,1869,-114062.24137571448,24750.0
20260406,north_korea,87991,40,10,4,0,1,12,42,-1360.9627000698028,372.0
20260406,russia_ukraine_2022,87991,285,163,20,1,84,190,120,-34385.79550552035,5597.0
20260406,south_china_sea_ph,87991,10,1,1,0,0,52,8,-181.92415693305557,35.0
20260406,taiwan_strait,87991,118,26,8,0,8,9,47,-1715.5652087345345,899.0
20260406,thailand_cambodia_2025,87991,6,3,0,0,0,26,13,19.459459459459502,11.0
20260406,us_china_chips_2022,87991,89,34,20,0,18,139,22,-1146.7038838884876,417.0
20260406,us_china_tariffs_2025,87991,161,54,24,0,25,4111,29,-1812.8815782386023,730.0
20260407,china_japan_2025,112475,15,6,0,0,0,231,1,-385.2211762385067,150.0
20260407,china_japan_seafood_2023,112475,15,6,0,0,0,231,12,-385.2211762385067,150.0
20260407,india_pakistan_2025,112475,86,52,41,0,27,834,331,-2294.2271199572965,425.0
20260407,israel_iran_2025,112475,2076,1075,386,0,515,3098,2390,-104181.18799647514,21070.0
20260407,north_korea,112475,28,7,2,0,2,10,20,-618.3133404982764,149.0
20260407,russia_ukraine_2022,112475,333,178,32,0,76,205,126,-12246.416931925865,2493.0
20260407,south_china_sea_ph,112475,14,0,0,0,0,76,3,-38.412736693511114,36.0
20260407,taiwan_strait,112475,307,55,13,0,8,32,111,1984.7885801793404,6565.0
20260407,thailand_cambodia_2025,112475,18,4,0,0,4,64,18,-161.2723571223995,55.0
20260407,us_china_chips_2022,112475,78,25,7,0,8,134,43,-881.9374525642049,366.0
20260407,us_china_tariffs_2025,112475,177,61,14,0,13,5069,25,-2210.0648917465105,767.0
20260408,china_japan_2025,127559,25,4,3,0,0,268,0,-167.51670729409454,128.0
20260408,china_japan_seafood_2023,127559,25,4,3,0,0,268,14,-167.51670729409454,128.0
20260408,india_pakistan_2025,127559,44,18,6,0,3,759,464,-716.6961697723721,172.0
20260408,israel_iran_2025,127559,3465,1092,293,0,480,2843,3327,-281651.0291535189,83853.0
20260408,north_korea,127559,129,76,8,0,53,95,80,-5814.863288047196,1546.0
20260408,russia_ukraine_2022,127559,200,93,19,0,24,127,79,-4429.416703147809,1084.0
20260408,south_china_sea_ph,127559,6,2,2,0,2,66,0,-54.30452901412087,21.0
20260408,taiwan_strait,127559,309,59,12,0,16,22,92,-3720.084235500488,2959.0
20260408,thailand_cambodia_2025,127559,2,0,0,0,0,75,14,14.19354838709678,4.0
20260408,us_china_chips_2022,127559,148,31,15,0,8,172,44,-1041.01674349064,911.0
20260408,us_china_tariffs_2025,127559,290,67,20,0,14,5530,64,-3680.12047517698,1876.0
20260409,china_japan_2025,126931,20,6,3,0,0,204,1,0.780727340043387,59.0
20260409,china_japan_seafood_2023,126931,20,6,3,0,0,204,17,0.780727340043387,59.0
20260409,india_pakistan_2025,126931,33,16,8,0,7,726,329,4.876903990569607,229.0
20260409,israel_iran_2025,126931,2392,849,170,1,380,2459,1872,-133735.7794878309,33360.0
20260409,north_korea,126931,52,24,3,0,15,46,41,-2253.7249946658044,695.0
20260409,russia_ukraine_2022,126931,331,115,43,4,51,165,94,-10857.460339381214,2362.0
20260409,south_china_sea_ph,126931,19,4,0,0,1,87,12,-69.11426127470926,90.0
20260409,taiwan_strait,126931,208,39,12,0,10,21,64,-1910.662700962043,1186.0
20260409,thailand_cambodia_2025,126931,21,5,0,0,4,50,24,9.261759292938294,63.0
20260409,us_china_chips_2022,126931,146,34,12,0,17,152,24,-495.9419481538998,1127.0
20260409,us_china_tariffs_2025,126931,278,64,22,0,27,5954,34,-1467.5978990872422,1599.0
20260410,china_japan_2025,119162,20,8,3,0,2,206,3,-91.91987310351263,89.0
20260410,china_japan_seafood_2023,119162,20,8,3,0,2,206,14,-91.91987310351263,89.0
20260410,india_pakistan_2025,119162,24,11,2,0,2,610,435,-108.0740868657876,78.0
20260410,israel_iran_2025,119162,1592,618,157,0,259,1952,1502,-74935.03904172193,21109.0
20260410,north_korea,119162,24,10,2,0,2,14,27,-711.1604798284345,221.0
20260410,russia_ukraine_2022,119162,419,127,19,0,48,196,139,-15203.933439853467,3886.0
20260410,south_china_sea_ph,119162,11,3,0,0,0,78,10,24.122291161401783,43.0
20260410,taiwan_strait,119162,413,100,32,0,23,32,126,-337.22781631771045,5920.0
20260410,thailand_cambodia_2025,119162,44,17,4,0,11,56,36,-953.1447844684678,205.0
20260410,us_china_chips_2022,119162,142,27,12,0,13,150,42,-1646.9731186331185,890.0
20260410,us_china_tariffs_2025,119162,270,56,24,0,26,5648,42,-2170.0191498779636,1809.0
20260411,china_japan_2025,75564,14,3,0,0,0,166,1,-140.96279204876865,71.0
20260411,china_japan_seafood_2023,75564,14,3,0,0,0,166,6,-140.96279204876865,71.0
20260411,india_pakistan_2025,75564,34,6,1,0,1,603,494,-95.64416570283282,102.0
20260411,israel_iran_2025,75564,1261,387,85,0,167,1635,1238,-53632.14597587696,21640.0
20260411,north_korea,75564,15,7,4,0,2,6,16,31.384041147409295,52.0
20260411,russia_ukraine_2022,75564,315,114,15,0,68,196,101,-11363.55008945554,2425.0
20260411,south_china_sea_ph,75564,1,0,0,0,0,86,2,-34.334075432163395,10.0
20260411,taiwan_strait,75564,219,33,10,0,14,9,58,-2669.7548178538027,2664.0
20260411,thailand_cambodia_2025,75564,9,2,1,0,1,50,16,-167.28603621712242,47.0
20260411,us_china_chips_2022,75564,133,28,8,1,7,130,18,-1476.4580606154277,1863.0
20260411,us_china_tariffs_2025,75564,272,48,16,1,18,3395,17,-3485.6624681261283,3759.0
20260412,china_japan_2025,61824,4,2,2,0,0,164,0,39.7581535477348,12.0
20260412,china_japan_seafood_2023,61824,4,2,2,0,0,164,1,39.7581535477348,12.0
20260412,india_pakistan_2025,61824,30,7,4,0,6,435,294,-246.05301493197345,85.0
20260412,israel_iran_2025,61824,1129,436,133,0,138,1313,1235,-37217.69278102607,14188.0
20260412,north_korea,61824,9,2,0,0,0,3,2,-85.46358709752974,49.0
20260412,russia_ukraine_2022,61824,389,242,7,0,103,264,93,-58526.507404594646,7681.0
20260412,south_china_sea_ph,61824,1,0,0,0,0,36,2,-14.0625,3.0
20260412,taiwan_strait,61824,191,48,17,0,12,21,73,-2779.708167577268,2031.0
20260412,thailand_cambodia_2025,61824,26,0,0,0,0,45,12,-302.9437496550128,190.0
20260412,us_china_chips_2022,61824,75,25,9,0,8,138,11,-659.0155281261189,391.0
20260412,us_china_tariffs_2025,61824,153,50,15,0,17,2175,21,-1506.2645652791045,782.0
20260413,china_japan_2025,103885,14,6,0,0,3,252,1,134.0719167396464,81.0
20260413,china_japan_seafood_2023,103885,14,6,0,0,3,252,9,134.0719167396464,81.0
20260413,india_pakistan_2025,103885,18,11,11,0,3,703,237,-92.60408903473397,102.0
20260413,israel_iran_2025,103885,1340,507,158,0,155,1557,1269,-59247.93956271694,13961.0
20260413,north_korea,103885,9,4,0,0,1,9,11,-68.49476570837027,44.0
20260413,russia_ukraine_2022,103885,328,204,17,0,87,211,102,-15820.445533591006,2760.0
20260413,south_china_sea_ph,103885,38,18,1,0,7,72,21,-3125.826651559359,374.0
20260413,taiwan_strait,103885,176,28,10,0,8,15,81,-2117.2818430847437,1335.0
20260413,thailand_cambodia_2025,103885,17,4,0,0,2,35,12,-253.54321886507685,59.0
20260413,us_china_chips_2022,103885,106,20,3,0,11,192,29,-575.3648371555664,492.0
20260413,us_china_tariffs_2025,103885,213,39,6,0,16,4351,34,-1335.9792393711125,1127.0
20260414,china_japan_2025,120887,31,17,6,0,7,274,1,115.7661374867831,223.0
20260414,china_japan_seafood_2023,120887,31,17,6,0,7,274,9,115.7661374867831,223.0
20260414,india_pakistan_2025,120887,9,3,0,0,0,679,299,-53.24549923419201,15.0
20260414,israel_iran_2025,120887,1317,477,116,0,146,1520,1236,-58077.6642349882,17625.0
20260414,north_korea,120887,39,3,3,0,0,19,18,-242.56406823501564,169.0
20260414,russia_ukraine_2022,120887,337,178,22,0,112,241,140,-12343.59003657414,2704.0
20260414,south_china_sea_ph,120887,24,4,0,0,0,77,12,-1071.5678688750024,176.0
20260414,taiwan_strait,120887,214,89,21,0,11,22,62,-5145.865238994563,2070.0
20260414,thailand_cambodia_2025,120887,16,11,2,0,3,38,16,-319.7293995861133,65.0
20260414,us_china_chips_2022,120887,121,37,8,1,4,214,33,-4133.150288222204,1673.0
20260414,us_china_tariffs_2025,120887,311,118,27,1,11,5865,47,-8374.569028417474,3154.0
20260415,china_japan_2025,122563,24,9,2,0,0,279,1,-86.47918763973081,109.0
20260415,china_japan_seafood_2023,122563,24,9,2,0,0,279,8,-86.47918763973081,109.0
20260415,india_pakistan_2025,122563,13,5,2,0,2,676,325,-129.53304497081433,39.0
20260415,israel_iran_2025,122563,1423,524,114,0,212,1571,1434,-51088.62259637403,17945.0
20260415,north_korea,122563,46,12,1,0,3,24,33,-510.9056844388546,177.0
20260415,russia_ukraine_2022,122563,257,122,28,0,78,231,121,-5294.644468202365,1468.0
20260415,south_china_sea_ph,122563,22,7,4,0,6,87,12,-271.8174294622413,104.0
20260415,taiwan_strait,122563,261,98,10,0,22,26,54,-4312.810834245031,1783.0
20260415,thailand_cambodia_2025,122563,35,15,0,0,8,37,14,-431.0923684707811,123.0
20260415,us_china_chips_2022,122563,186,55,32,0,27,184,40,-2508.6474156784416,849.0
20260415,us_china_tariffs_2025,122563,407,143,41,0,46,5892,39,-6033.164297400035,2304.0
20260416,china_japan_2025,125737,40,16,5,0,4,303,0,-1282.1504749115522,348.0
20260416,china_japan_seafood_2023,125737,40,16,5,0,4,303,17,-1282.1504749115522,348.0
20260416,india_pakistan_2025,125737,14,1,1,0,1,710,379,-189.3983521294448,45.0
20260416,israel_iran_2025,125737,1368,540,111,0,209,1764,1178,-50351.27320735296,18977.0
20260416,north_korea,125737,26,12,10,0,4,24,20,-422.2554337782132,118.0
20260416,russia_ukraine_2022,125737,332,186,24,0,123,382,182,-11185.699112572009,2066.0
20260416,south_china_sea_ph,125737,12,4,2,0,2,111,9,-98.9726623440817,30.0
20260416,taiwan_strait,125737,207,71,19,0,15,19,57,-3173.2173749571657,1500.0
20260416,thailand_cambodia_2025,125737,9,3,0,0,3,45,13,-52.054824346538624,29.0
20260416,us_china_chips_2022,125737,175,56,37,0,11,237,35,-2882.8402604301973,1234.0
20260416,us_china_tariffs_2025,125737,323,109,51,0,22,6306,18,-5265.069131853839,2035.0
20260417,china_japan_2025,115991,62,28,8,0,4,247,0,-2081.209195469499,570.0
20260417,china_japan_seafood_2023,115991,62,28,8,0,4,247,18,-2081.209195469499,570.0
20260417,india_pakistan_2025,115991,12,4,2,0,2,807,240,-128.4504990563726,46.0
20260417,israel_iran_2025,115991,1203,435,78,0,180,1438,1008,-52389.103627519,17883.0
20260417,north_korea,115991,12,7,0,0,7,17,15,-173.29805798680346,48.0
20260417,russia_ukraine_2022,115991,222,128,12,0,91,245,92,-5315.400544079459,1094.0
20260417,south_china_sea_ph,115991,1,1,0,0,0,115,6,0.53981106612684,2.0
20260417,taiwan_strait,115991,194,40,16,0,13,8,57,-2811.922953672637,1152.0
20260417,thailand_cambodia_2025,115991,27,14,2,0,7,51,21,-411.3896364228059,126.0
20260417,us_china_chips_2022,115991,142,41,17,0,18,165,37,-949.7013470610802,690.0
20260417,us_china_tariffs_2025,115991,273,69,32,0,30,5602,29,-2802.906550744986,1362.0
20260418,china_japan_2025,72396,31,23,3,0,0,157,2,-998.1395443977879,261.0
20260418,china_japan_seafood_2023,72396,31,23,3,0,0,157,8,-998.1395443977879,261.0
20260418,india_pakistan_2025,72396,7,4,0,0,4,544,201,-70.18348623853211,11.0
20260418,israel_iran_2025,72396,791,300,47,2,126,1207,1001,-39625.89574190994,10083.0
20260418,north_korea,72396,34,12,2,0,4,13,5,-1913.5157584352648,350.0
20260418,russia_ukraine_2022,72396,199,83,8,0,47,311,70,-10904.311638183422,2503.0
20260418,south_china_sea_ph,72396,5,0,0,0,0,105,2,-92.18338403525684,22.0
20260418,taiwan_strait,72396,108,17,3,0,4,14,34,-747.0832985739668,548.0
20260418,thailand_cambodia_2025,72396,47,14,0,0,3,33,10,69.88480621341688,130.0
20260418,us_china_chips_2022,72396,89,22,14,0,13,90,20,-875.5274028966871,450.0
20260418,us_china_tariffs_2025,72396,156,33,16,0,17,3068,12,-1112.0774712588293,767.0
20260419,china_japan_2025,61844,14,7,3,0,2,149,1,-1334.8875552176391,240.0
20260419,china_japan_seafood_2023,61844,14,7,3,0,2,149,2,-1334.8875552176391,240.0
20260419,india_pakistan_2025,61844,5,3,2,0,2,604,253,-15.383968108716449,11.0
20260419,israel_iran_2025,61844,893,360,90,2,182,1281,995,-60579.493742135135,12565.0
20260419,north_korea,61844,105,56,0,0,45,96,64,-5390.480212376808,2599.0
20260419,russia_ukraine_2022,61844,147,83,3,0,58,208,62,-9584.671709945222,1706.0
20260419,south_china_sea_ph,61844,2,1,0,0,0,67,0,40.55413469735719,7.0
20260419,taiwan_strait,61844,76,23,13,0,10,11,25,-925.4721015507901,563.0
20260419,thailand_cambodia_2025,61844,24,1,0,0,0,17,10,51.1619875170923,81.0
20260419,us_china_chips_2022,61844,48,9,8,0,6,82,23,-447.59736268206774,309.0
20260419,us_china_tariffs_2025,61844,99,28,19,0,16,2664,13,-811.0071524044408,636.0
20260420,china_japan_2025,105601,69,29,10,0,5,310,0,-709.150594111776,266.0
20260420,china_japan_seafood_2023,105601,69,29,10,0,5,310,9,-709.150594111776,266.0
20260420,india_pakistan_2025,105601,23,12,2,0,11,831,334,-383.02303307902275,67.0
20260420,israel_iran_2025,105601,1193,462,119,0,226,1764,1361,-67097.35202275158,15452.0
20260420,north_korea,105601,34,13,0,0,13,56,29,-507.49023045223106,250.0
20260420,russia_ukraine_2022,105601,252,155,42,0,92,258,105,-11092.981958927645,2347.0
20260420,south_china_sea_ph,105601,38,28,4,0,1,128,4,-798.5922674940965,334.0
20260420,taiwan_strait,105601,158,45,16,0,9,13,57,-1881.44850129604,855.0
20260420,thailand_cambodia_2025,105601,17,9,0,0,8,47,11,-212.09172097926051,62.0
20260420,us_china_chips_2022,105601,110,33,11,0,13,190,43,-460.417121201642,504.0
20260420,us_china_tariffs_2025,105601,232,68,23,0,21,4950,69,-2067.549673897335,1246.0
20260421,china_japan_2025,121065,100,51,14,0,18,406,8,-2992.052088132358,1755.0
20260421,china_japan_seafood_2023,121065,100,51,14,0,18,406,27,-2992.052088132358,1755.0
20260421,india_pakistan_2025,121065,21,17,5,0,9,939,419,-573.3295756499557,81.0
20260421,israel_iran_2025,121065,1235,517,120,0,206,1840,1476,-106265.72275995211,27047.0
20260421,north_korea,121065,31,8,6,0,1,16,21,-444.1042866453978,154.0
20260421,russia_ukraine_2022,121065,270,111,34,0,58,237,77,-4889.783002425136,1327.0
20260421,south_china_sea_ph,121065,51,43,14,0,10,136,4,-340.07211008227927,162.0
20260421,taiwan_strait,121065,176,49,23,0,25,34,63,-3372.2770532551117,1018.0
20260421,thailand_cambodia_2025,121065,79,33,4,0,15,82,40,-886.9800774944589,334.0
20260421,us_china_chips_2022,121065,137,40,15,0,13,274,54,-3460.467536045654,1530.0
20260421,us_china_tariffs_2025,121065,274,74,32,0,30,5810,104,-5615.307028527657,2235.0
20260422,china_japan_2025,119440,41,28,4,0,5,324,2,-1350.7077785252172,249.0
20260422,china_japan_seafood_2023,119440,41,28,4,0,5,324,14,-1350.7077785252172,249.0
20260422,india_pakistan_2025,119440,31,20,5,0,14,1090,423,-1224.4715908539704,187.0
20260422,israel_iran_2025,119440,1041,437,112,0,171,1911,1337,-78007.77979574661,16965.0
20260422,north_korea,119440,10,4,3,0,0,16,14,-231.45839302156423,81.0
20260422,russia_ukraine_2022,119440,297,102,28,0,53,203,170,-4510.5514060548885,1565.0
20260422,south_china_sea_ph,119440,18,9,6,0,5,103,6,-317.7035684722904,67.0
20260422,taiwan_strait,119440,213,67,17,0,21,21,69,-3378.4250270093366,1274.0
20260422,thailand_cambodia_2025,119440,23,5,2,0,1,37,27,-434.1571246971888,85.0
20260422,us_china_chips_2022,119440,127,33,7,0,12,229,63,-2311.613394345649,1067.0
20260422,us_china_tariffs_2025,119440,270,72,16,0,29,5958,49,-4045.8203876713824,1796.0
20260423,china_japan_2025,121275,25,7,2,0,0,287,5,-500.1275898415388,104.0
20260423,china_japan_seafood_2023,121275,25,7,2,0,0,287,5,-500.1275898415388,104.0
20260423,india_pakistan_2025,121275,35,12,0,0,3,950,221,-570.7208983744264,82.0
20260423,israel_iran_2025,121275,817,349,102,0,163,1842,1111,-42927.370980974694,9678.0
20260423,north_korea,121275,15,4,0,0,3,13,13,-102.86484174332007,76.0
20260423,russia_ukraine_2022,121275,289,101,24,0,70,206,181,-7552.374133096868,2472.0
20260423,south_china_sea_ph,121275,12,7,0,0,4,218,7,25.635355907959017,119.0
20260423,taiwan_strait,121275,234,92,25,2,31,32,86,-4242.455827278694,1810.0
20260423,thailand_cambodia_2025,121275,50,20,8,0,7,62,41,-2010.7448832615369,398.0
20260423,us_china_chips_2022,121275,139,34,5,0,8,193,54,-1752.2301077941624,1001.0
20260423,us_china_tariffs_2025,121275,284,89,26,2,33,6021,34,-3748.690265012631,1939.0
20260424,china_japan_2025,118463,5,3,0,0,0,294,1,-93.91049908201535,31.0
20260424,china_japan_seafood_2023,118463,5,3,0,0,0,294,7,-93.91049908201535,31.0
20260424,india_pakistan_2025,118463,26,16,16,0,16,773,398,-517.7014841385246,105.0
20260424,israel_iran_2025,118463,1031,398,117,2,179,1669,1073,-33523.22780323267,11410.0
20260424,north_korea,118463,14,6,2,0,2,19,13,-1703.6923492402213,183.0
20260424,russia_ukraine_2022,118463,347,152,35,0,85,238,155,-5913.206558892328,1743.0
20260424,south_china_sea_ph,118463,18,7,2,0,3,154,5,20.25090167366184,88.0
20260424,taiwan_strait,118463,178,68,14,0,14,30,55,-124.59591973562146,1458.0
20260424,thailand_cambodia_2025,118463,42,20,6,0,6,108,35,-842.3699107655832,162.0
20260424,us_china_chips_2022,118463,186,85,15,0,10,204,45,-2350.053713661636,2548.0
20260424,us_china_tariffs_2025,118463,324,140,26,0,21,5629,79,-1649.8115512717777,3748.0
20260425,china_japan_2025,74020,23,4,1,0,1,169,0,-655.4551540972487,185.0
20260425,china_japan_seafood_2023,74020,23,4,1,0,1,169,2,-655.4551540972487,185.0
20260425,india_pakistan_2025,74020,18,13,8,0,8,655,436,-379.17538198208746,69.0
20260425,israel_iran_2025,74020,810,228,60,0,82,1034,867,-32971.64355234084,11603.0
20260425,north_korea,74020,11,7,0,0,0,5,10,-551.6199858478401,76.0
20260425,russia_ukraine_2022,74020,278,143,13,0,121,232,136,-16867.652307723918,2760.0
20260425,south_china_sea_ph,74020,7,5,0,0,2,92,3,-28.984525979450176,47.0
20260425,taiwan_strait,74020,115,30,6,0,5,10,42,-2330.894378490861,1052.0
20260425,thailand_cambodia_2025,74020,33,13,0,0,5,40,19,-199.37891348996712,199.0
20260425,us_china_chips_2022,74020,97,44,33,0,4,105,20,-1396.6093399542617,794.0
20260425,us_china_tariffs_2025,74020,182,74,39,0,9,3332,17,-1962.2125312915637,1448.0
20260426,china_japan_2025,64486,10,0,0,0,0,166,4,37.42056440646052,44.0
20260426,china_japan_seafood_2023,64486,10,0,0,0,0,166,2,37.42056440646052,44.0
20260426,india_pakistan_2025,64486,16,7,0,0,3,601,296,-98.62798872985164,39.0
20260426,israel_iran_2025,64486,569,223,32,0,110,1089,642,-18742.256841524577,6033.0
20260426,north_korea,64486,8,2,2,0,2,20,22,-8.480669315514701,36.0
20260426,russia_ukraine_2022,64486,200,99,7,0,66,202,102,-12312.080955553414,1961.0
20260426,south_china_sea_ph,64486,2,0,0,0,0,82,2,-26.785714285714302,10.0
20260426,taiwan_strait,64486,77,25,7,0,8,5,43,-1909.2365859103254,650.0
20260426,thailand_cambodia_2025,64486,19,2,0,0,2,38,7,37.87457333397142,70.0
20260426,us_china_chips_2022,64486,89,41,9,0,6,95,17,-1038.110608047543,516.0
20260426,us_china_tariffs_2025,64486,140,56,16,0,11,3572,11,-1611.920162009382,883.0
20260427,china_japan_2025,106931,14,3,1,0,2,259,5,-91.78868129095837,70.0
20260427,china_japan_seafood_2023,106931,14,3,1,0,2,259,7,-91.78868129095837,70.0
20260427,india_pakistan_2025,106931,4,4,4,0,4,771,241,-74.11743084886345,16.0
20260427,israel_iran_2025,106931,689,243,49,0,111,1252,971,-24358.368045530195,9687.0
20260427,north_korea,106931,16,7,0,0,4,50,54,-120.29649217953892,95.0
20260427,russia_ukraine_2022,106931,306,126,17,0,77,238,143,-8476.237467523351,2241.0
20260427,south_china_sea_ph,106931,8,6,0,0,3,142,8,-98.5444470075589,50.0
20260427,taiwan_strait,106931,173,52,8,0,8,36,77,-3264.6783082623924,1316.0
20260427,thailand_cambodia_2025,106931,14,4,0,0,4,62,23,103.49041954823733,43.0
20260427,us_china_chips_2022,106931,107,33,10,0,9,162,33,-525.7865987692537,541.0
20260427,us_china_tariffs_2025,106931,222,77,16,0,17,5491,44,-2504.1571407147662,1269.0
20260428,china_japan_2025,121189,58,39,1,0,2,249,3,-1802.2955885165084,413.0
20260428,china_japan_seafood_2023,121189,58,39,1,0,2,249,8,-1802.2955885165084,413.0
20260428,india_pakistan_2025,121189,19,4,2,0,2,879,241,-82.06724202805488,123.0
20260428,israel_iran_2025,121189,808,317,76,0,132,1272,893,-31203.74650076124,9783.0
20260428,north_korea,121189,32,11,0,0,10,37,34,-231.3628299298378,105.0
20260428,russia_ukraine_2022,121189,296,156,14,0,90,246,144,-12239.371307521804,2547.0
20260428,south_china_sea_ph,121189,5,3,0,0,3,90,10,-23.21447863888728,14.0
20260428,taiwan_strait,121189,206,71,27,2,27,21,66,116.06566857845314,1879.0
20260428,thailand_cambodia_2025,121189,25,0,0,0,0,71,25,-16.115230660770987,101.0
20260428,us_china_chips_2022,121189,127,30,8,0,14,190,38,1231.358912183388,1636.0
20260428,us_china_tariffs_2025,121189,275,89,29,2,39,6888,59,2289.4345604993914,3210.0
20260429,china_japan_2025,122914,42,9,3,0,2,240,3,-1316.3587435774525,336.0
20260429,china_japan_seafood_2023,122914,42,9,3,0,2,240,9,-1316.3587435774525,336.0
20260429,india_pakistan_2025,122914,13,6,0,0,2,857,196,-128.7217029152736,34.0
20260429,israel_iran_2025,122914,717,342,67,4,148,1318,788,-44454.66242165312,10544.0
20260429,north_korea,122914,15,6,0,0,6,22,17,-2.4564425066290028,37.0
20260429,russia_ukraine_2022,122914,374,160,35,2,76,285,210,-10328.530327811679,2658.0
20260429,south_china_sea_ph,122914,3,2,0,0,2,150,8,-40.07852153919568,12.0
20260429,taiwan_strait,122914,190,65,15,2,29,20,81,-3115.6820219984493,1055.0
20260429,thailand_cambodia_2025,122914,55,6,0,0,0,68,26,47.60108308966615,167.0
20260429,us_china_chips_2022,122914,117,41,18,0,19,161,50,-1391.7834839966708,567.0
20260429,us_china_tariffs_2025,122914,245,88,31,2,41,6318,50,-4152.521592824336,1240.0
20260430,china_japan_2025,120744,46,16,6,0,5,289,2,-320.7079844711801,298.0
20260430,china_japan_seafood_2023,120744,46,16,6,0,5,289,10,-320.7079844711801,298.0
20260430,india_pakistan_2025,120744,15,6,2,0,4,761,216,-256.2381282773171,64.0
20260430,israel_iran_2025,120744,659,291,69,0,119,1514,809,-25611.837871913,8241.0
20260430,north_korea,120744,16,13,6,0,12,19,15,-305.3417455582453,61.0
20260430,russia_ukraine_2022,120744,304,113,18,0,57,233,141,-7250.529375481854,1816.0
20260430,south_china_sea_ph,120744,20,14,2,0,6,101,11,-261.6520202597877,93.0
20260430,taiwan_strait,120744,179,50,17,0,11,29,85,-1501.9601177627983,1194.0
20260430,thailand_cambodia_2025,120744,43,7,1,0,1,124,24,-272.56357362223264,177.0
20260430,us_china_chips_2022,120744,151,39,11,0,14,229,47,-1027.0710723418777,790.0
20260430,us_china_tariffs_2025,120744,271,70,21,0,21,5975,92,-1951.5650496923486,1473.0
20260501,china_japan_2025,109683,9,0,0,0,0,239,6,-2.1272733812500064,50.0
20260501,china_japan_seafood_2023,109683,9,0,0,0,0,239,19,-2.1272733812500064,50.0
20260501,india_pakistan_2025,109683,9,8,0,0,0,607,209,-55.598390849250166,14.0
20260501,israel_iran_2025,109683,636,290,45,0,123,1431,946,-24413.273225759745,5626.0
20260501,north_korea,109683,19,3,0,0,3,12,13,-182.60179242104334,52.0
20260501,russia_ukraine_2022,109683,236,124,14,0,84,236,86,-6544.433315885129,1405.0
20260501,south_china_sea_ph,109683,6,3,0,0,2,120,5,-54.02944390241748,28.0
20260501,taiwan_strait,109683,139,33,14,0,15,6,49,-1290.2440517069874,1095.0
20260501,thailand_cambodia_2025,109683,12,6,4,0,1,50,17,-26.758132597607386,70.0
20260501,us_china_chips_2022,109683,111,41,20,0,11,158,29,130.19901286502085,760.0
20260501,us_china_tariffs_2025,109683,197,70,33,0,25,5723,171,27.60822428587801,1387.0
20260502,china_japan_2025,73830,12,3,0,0,2,158,13,-343.39010059076014,185.0
20260502,china_japan_seafood_2023,73830,12,3,0,0,2,158,1,-343.39010059076014,185.0
20260502,india_pakistan_2025,73830,33,20,9,0,11,668,148,-301.159727232332,60.0
20260502,israel_iran_2025,73830,572,243,45,0,95,1062,658,-29021.561993120606,6474.0
20260502,north_korea,73830,24,11,2,0,5,9,6,-31.68642562940516,41.0
20260502,russia_ukraine_2022,73830,209,107,11,0,77,177,61,-6167.234404086108,1252.0
20260502,south_china_sea_ph,73830,2,1,1,0,1,110,5,-65.77384246449002,12.0
20260502,taiwan_strait,73830,133,28,14,0,4,13,59,-1622.1886321762338,888.0
20260502,thailand_cambodia_2025,73830,22,7,0,0,7,65,15,-331.6782573103834,77.0
20260502,us_china_chips_2022,73830,80,20,13,0,1,96,19,-984.4320856353786,322.0
20260502,us_china_tariffs_2025,73830,168,43,22,0,5,3063,62,-1777.6758578729089,788.0
20260503,china_japan_2025,62171,48,6,1,0,0,178,2,-4310.696709338498,519.0
20260503,china_japan_seafood_2023,62171,48,6,1,0,0,178,1,-4310.696709338498,519.0
20260503,india_pakistan_2025,62171,7,0,0,0,0,592,134,-49.5874021829204,14.0
20260503,israel_iran_2025,62171,585,216,45,0,116,1182,566,-20084.806041327152,6408.0
20260503,north_korea,62171,25,14,0,0,11,8,15,-161.04321281517227,67.0
20260503,russia_ukraine_2022,62171,253,137,36,0,97,200,92,-9249.542961517287,1733.0
20260503,south_china_sea_ph,62171,16,15,0,0,0,46,12,-377.07235952188853,102.0
20260503,taiwan_strait,62171,80,30,14,0,16,5,57,-903.2953730991403,372.0
20260503,thailand_cambodia_2025,62171,18,2,0,0,0,38,15,-85.9951527427454,69.0
20260503,us_china_chips_2022,62171,71,21,11,0,6,89,12,-519.4876711458489,263.0
20260503,us_china_tariffs_2025,62171,131,48,24,0,22,2211,22,-883.4076864584745,478.0
20260504,china_japan_2025,99997,32,10,3,0,2,178,8,-963.8311651759158,179.0
20260504,china_japan_seafood_2023,99997,32,10,3,0,2,178,7,-963.8311651759158,179.0
20260504,india_pakistan_2025,99997,11,4,4,0,4,807,204,-88.19488352144619,61.0
20260504,israel_iran_2025,99997,799,371,100,0,176,1638,932,-37493.45935250845,10267.0
20260504,north_korea,99997,22,17,0,0,14,15,11,-101.29074883578771,69.0
20260504,russia_ukraine_2022,99997,288,134,23,0,76,220,185,-9006.589606708136,1884.0
20260504,south_china_sea_ph,99997,18,8,0,0,0,86,3,-225.3796958600083,68.0
20260504,taiwan_strait,99997,135,37,10,0,11,10,70,-1218.4586284738782,1030.0
20260504,thailand_cambodia_2025,99997,1,0,0,0,0,50,11,-19.5338512763596,8.0
20260504,us_china_chips_2022,99997,98,22,10,0,5,124,24,-1475.0111695892783,1055.0
20260504,us_china_tariffs_2025,99997,190,49,15,0,15,4207,59,-2446.6455697978417,1795.0
20260505,china_japan_2025,117609,26,10,0,0,0,244,2,26.35445706855872,116.0
20260505,china_japan_seafood_2023,117609,26,10,0,0,0,244,5,26.35445706855872,116.0
20260505,india_pakistan_2025,117609,17,3,1,0,0,916,237,-169.83462123917397,85.0
20260505,israel_iran_2025,117609,844,440,87,0,212,1832,1026,-51429.890694090194,11452.0
20260505,north_korea,117609,30,5,3,0,0,7,13,-79.12047460773623,121.0
20260505,russia_ukraine_2022,117609,388,203,44,0,126,293,159,-23007.116737714492,4749.0
20260505,south_china_sea_ph,117609,20,13,5,0,4,92,4,-205.98479141968195,62.0
20260505,taiwan_strait,117609,163,39,13,0,7,10,70,-1857.4256968913041,1089.0
20260505,thailand_cambodia_2025,117609,71,13,0,0,7,55,24,-3085.138759050537,814.0
20260505,us_china_chips_2022,117609,153,25,7,0,10,187,48,-2499.6478421205975,983.0
20260505,us_china_tariffs_2025,117609,260,47,9,0,17,5671,71,-4041.1035676082142,1839.0
20260506,china_japan_2025,126185,48,16,1,0,6,310,0,-1316.7270701087018,334.0
20260506,china_japan_seafood_2023,126185,48,16,1,0,6,310,5,-1316.7270701087018,334.0
20260506,india_pakistan_2025,126185,23,8,1,0,3,803,260,-267.48639964380385,123.0
20260506,israel_iran_2025,126185,917,389,90,0,169,1660,1064,-35380.18950797122,11957.0
20260506,north_korea,126185,37,13,4,0,5,17,19,-442.2119611690102,185.0
20260506,russia_ukraine_2022,126185,469,273,36,2,149,350,153,-49231.75832439928,6561.0
20260506,south_china_sea_ph,126185,28,9,4,0,2,128,11,-53.238867290997966,103.0
20260506,taiwan_strait,126185,311,70,31,0,9,19,55,-5465.068374914486,2347.0
20260506,thailand_cambodia_2025,126185,26,3,0,0,1,51,24,-385.6434958932079,92.0
20260506,us_china_chips_2022,126185,251,53,17,0,10,202,56,-3935.603296068357,1576.0
20260506,us_china_tariffs_2025,126185,486,104,38,0,19,6110,38,-7431.441726793817,3105.0
20260507,china_japan_2025,129162,25,8,1,0,3,351,1,-367.6224622799955,217.0
20260507,china_japan_seafood_2023,129162,25,8,1,0,3,351,8,-367.6224622799955,217.0
20260507,india_pakistan_2025,129162,42,27,10,0,14,1201,438,-798.2088379546105,260.0
20260507,israel_iran_2025,129162,831,381,71,0,163,1614,896,-24237.76682803179,9284.0
20260507,north_korea,129162,28,14,6,0,7,21,16,-263.45893363281533,97.0
20260507,russia_ukraine_2022,129162,465,227,52,0,119,302,151,-17992.252575063147,4202.0
20260507,south_china_sea_ph,129162,33,15,6,0,3,70,6,-1327.7280131780603,306.0
20260507,taiwan_strait,129162,267,80,35,0,33,30,70,-3370.152444449309,2018.0
20260507,thailand_cambodia_2025,129162,61,20,2,0,8,63,23,-782.4419754225023,384.0
20260507,us_china_chips_2022,129162,190,55,31,0,13,295,46,-2833.6428684315206,1293.0
20260507,us_china_tariffs_2025,129162,390,108,53,0,36,5962,76,-5045.400700147338,2547.0
20260508,china_japan_2025,122881,25,6,0,0,2,418,3,-349.76757072242583,137.0
20260508,china_japan_seafood_2023,122881,25,6,0,0,2,418,6,-349.76757072242583,137.0
20260508,india_pakistan_2025,122881,23,18,9,0,11,871,291,-258.49225594535653,73.0
20260508,israel_iran_2025,122881,807,368,72,3,203,1845,956,-24703.472751961883,6488.0
20260508,north_korea,122881,19,5,2,0,3,17,23,-90.65475629054424,101.0
20260508,russia_ukraine_2022,122881,614,276,51,0,125,324,224,-35115.14942563531,9291.0
20260508,south_china_sea_ph,122881,29,13,6,0,4,111,8,-658.4059758874008,257.0
20260508,taiwan_strait,122881,207,29,13,3,7,19,77,-836.1677855789333,916.0
20260508,thailand_cambodia_2025,122881,52,18,2,0,16,68,26,46.91313357993919,206.0
20260508,us_china_chips_2022,122881,199,48,17,0,24,330,46,-2880.239480529733,1242.0
20260508,us_china_tariffs_2025,122881,360,68,26,3,31,5917,120,-3343.9844043892535,1885.0
20260509,china_japan_2025,73517,26,2,0,0,0,192,1,-1759.4394687187896,1037.0
20260509,china_japan_seafood_2023,73517,26,2,0,0,0,192,6,-1759.4394687187896,1037.0
20260509,india_pakistan_2025,73517,14,5,1,0,0,667,207,-643.2995250376686,121.0
20260509,israel_iran_2025,73517,374,167,30,0,91,1008,487,-10128.09706086097,2617.0
20260509,north_korea,73517,10,5,0,0,5,15,19,-87.86994022145454,14.0
20260509,russia_ukraine_2022,73517,521,222,35,0,102,279,197,-14813.051701860215,5162.0
20260509,south_china_sea_ph,73517,3,0,0,0,0,50,4,-25.322468474852,18.0
20260509,taiwan_strait,73517,116,24,6,0,4,15,39,-1056.8200935709276,543.0
20260509,thailand_cambodia_2025,73517,21,4,1,0,4,43,14,-236.87695875761992,136.0
20260509,us_china_chips_2022,73517,93,24,15,0,5,161,24,-808.2297227374885,360.0
20260509,us_china_tariffs_2025,73517,199,46,19,0,9,3083,19,-1733.8551398197164,841.0
20260510,china_japan_2025,64629,37,11,5,0,1,175,0,-901.2740035078378,331.0
20260510,china_japan_seafood_2023,64629,37,11,5,0,1,175,4,-901.2740035078378,331.0
20260510,india_pakistan_2025,64629,31,17,0,0,10,775,281,-385.36451537404974,147.0
20260510,israel_iran_2025,64629,584,228,40,0,88,1091,726,-37659.82334488064,8651.0
20260510,north_korea,64629,14,5,4,0,1,11,17,-184.68563922081916,62.0
20260510,russia_ukraine_2022,64629,438,208,27,0,93,194,141,-26604.627151417008,4887.0
20260510,south_china_sea_ph,64629,16,8,4,0,5,57,3,-405.5314429874772,84.0
20260510,taiwan_strait,64629,242,43,5,0,8,34,37,-2793.6027746377144,2854.0
20260510,thailand_cambodia_2025,64629,14,6,2,0,6,35,5,11.151200207187358,35.0
20260510,us_china_chips_2022,64629,186,22,4,0,8,119,13,-311.7533598063419,2448.0
20260510,us_china_tariffs_2025,64629,352,39,7,0,12,2006,19,-823.2075475573201,4630.0
20260511,china_japan_2025,109897,36,9,2,0,1,353,0,-318.43812939349505,162.0
20260511,china_japan_seafood_2023,109897,36,9,2,0,1,353,12,-318.43812939349505,162.0
20260511,india_pakistan_2025,109897,20,1,0,0,1,945,230,-210.87154089772298,60.0
20260511,israel_iran_2025,109897,834,322,60,0,123,1389,1014,-38377.61847480718,8886.0
20260511,north_korea,109897,18,4,0,0,2,19,12,-192.03183598463545,51.0
20260511,russia_ukraine_2022,109897,434,237,37,0,133,290,153,-21961.504287997137,4121.0
20260511,south_china_sea_ph,109897,5,1,0,0,1,190,5,-12.95390936439532,12.0
20260511,taiwan_strait,109897,582,121,39,3,36,37,109,-5954.225780509618,6213.0
20260511,thailand_cambodia_2025,109897,19,3,1,0,0,55,12,7.69993060613943,66.0
20260511,us_china_chips_2022,109897,468,84,30,0,25,282,40,362.31919446914844,5785.0
20260511,us_china_tariffs_2025,109897,920,168,62,3,55,4570,33,-4222.732911526522,11136.0
20260512,china_japan_2025,123387,26,3,2,0,0,446,1,-23.949692444352607,73.0
20260512,china_japan_seafood_2023,123387,26,3,2,0,0,446,8,-23.949692444352607,73.0
20260512,india_pakistan_2025,123387,12,4,2,0,2,969,342,-89.24740943305093,28.0
20260512,israel_iran_2025,123387,731,342,59,0,133,1382,1018,-34208.302632498,9071.0
20260512,north_korea,123387,34,11,0,0,9,15,30,-193.23446093040533,97.0
20260512,russia_ukraine_2022,123387,404,194,36,0,108,310,168,-8789.122034012398,1865.0
20260512,south_china_sea_ph,123387,8,4,0,0,4,219,5,3.195644767172949,20.0
20260512,taiwan_strait,123387,829,165,58,0,59,69,135,-8003.802372200439,6683.0
20260512,thailand_cambodia_2025,123387,76,9,0,0,0,40,30,-1308.206230838817,316.0
20260512,us_china_chips_2022,123387,753,135,72,0,53,400,34,-28449.562124920772,12134.0
20260512,us_china_tariffs_2025,123387,1354,228,107,0,76,5537,57,-34203.482559106706,17389.0
20260513,china_japan_2025,125119,41,7,0,0,3,428,1,188.92466416540753,222.0
20260513,china_japan_seafood_2023,125119,41,7,0,0,3,428,14,188.92466416540753,222.0
20260513,india_pakistan_2025,125119,16,5,3,0,2,905,262,-401.2815219018232,67.0
20260513,israel_iran_2025,125119,688,276,45,0,129,1358,816,-24951.99096926556,7657.0
20260513,north_korea,125119,50,23,4,0,6,8,12,-399.28377698111217,164.0
20260513,russia_ukraine_2022,125119,371,183,36,0,118,289,152,-13748.566396884275,2882.0
20260513,south_china_sea_ph,125119,3,1,0,0,1,302,8,17.7777777777778,14.0
20260513,taiwan_strait,125119,972,180,61,1,54,53,152,-7760.550293941267,13001.0
20260513,thailand_cambodia_2025,125119,18,7,0,0,5,77,18,-333.35311638022165,81.0
20260513,us_china_chips_2022,125119,839,145,55,5,39,343,46,-4541.162651108916,11003.0
20260513,us_china_tariffs_2025,125119,1561,271,97,6,80,5810,58,-9272.528459719219,21457.0
20260514,china_japan_2025,127851,20,1,0,0,0,480,1,47.485763776011325,43.0
20260514,china_japan_seafood_2023,127851,20,1,0,0,0,480,23,47.485763776011325,43.0
20260514,india_pakistan_2025,127851,15,5,2,0,0,847,230,-292.5178581442002,136.0
20260514,israel_iran_2025,127851,628,244,48,0,97,1432,740,-14668.145502653904,4489.0
20260514,north_korea,127851,22,7,1,0,4,5,13,-180.84348541365716,67.0
20260514,russia_ukraine_2022,127851,406,235,39,0,151,367,182,-14863.635780048007,2645.0
20260514,south_china_sea_ph,127851,7,1,0,0,1,240,2,-149.88248773326097,71.0
20260514,taiwan_strait,127851,1437,304,144,0,65,58,271,-13570.83694379476,22403.0
20260514,thailand_cambodia_2025,127851,41,28,2,0,9,48,13,-856.5419717977173,166.0
20260514,us_china_chips_2022,127851,1059,165,54,0,57,399,53,-11570.78459672006,14478.0
20260514,us_china_tariffs_2025,127851,2055,333,113,0,112,6011,33,-22046.768582511482,28667.0
20260515,china_japan_2025,118201,30,4,0,0,0,416,2,-73.57763432665666,89.0
20260515,china_japan_seafood_2023,118201,30,4,0,0,0,416,13,-73.57763432665666,89.0
20260515,india_pakistan_2025,118201,18,11,2,0,6,743,202,-654.7976399124929,100.0
20260515,israel_iran_2025,118201,552,234,39,0,116,1331,765,-15575.913934227348,4630.0
20260515,north_korea,118201,12,4,0,0,4,6,12,-18.07965018137395,37.0
20260515,russia_ukraine_2022,118201,382,191,32,2,111,268,133,-20670.40819209619,3797.0
20260515,south_china_sea_ph,118201,2,0,0,0,0,183,2,0.0,4.0
20260515,taiwan_strait,118201,1071,200,71,0,40,34,190,-17303.747144026514,15097.0
20260515,thailand_cambodia_2025,118201,37,10,2,0,5,61,20,-566.6571589985388,373.0
20260515,us_china_chips_2022,118201,817,156,45,0,56,338,54,-9842.601919919507,11232.0
20260515,us_china_tariffs_2025,118201,1625,287,80,0,92,5940,36,-19680.54923237822,22835.0
20260516,china_japan_2025,73293,9,1,1,0,1,205,6,-72.89486423792832,31.0
20260516,china_japan_seafood_2023,73293,9,1,1,0,1,205,4,-72.89486423792832,31.0
20260516,india_pakistan_2025,73293,5,3,3,0,2,732,203,-16.381948543073797,12.0
20260516,israel_iran_2025,73293,369,176,26,0,79,1175,399,-12267.728924470268,3126.0
20260516,north_korea,73293,3,0,0,0,0,14,5,-5.7251908396946405,3.0
20260516,russia_ukraine_2022,73293,215,94,16,0,54,141,64,-9560.910072188923,2192.0
20260516,south_china_sea_ph,73293,0,0,0,0,0,56,1,0.0,0.0
20260516,taiwan_strait,73293,639,143,42,0,18,17,145,-1924.6231829751227,12546.0
20260516,thailand_cambodia_2025,73293,16,5,1,0,3,70,15,-88.30914311115406,102.0
20260516,us_china_chips_2022,73293,427,58,17,0,5,148,39,-885.2754818424901,6570.0
20260516,us_china_tariffs_2025,73293,804,115,28,0,20,3537,24,812.9804429950109,14481.0
20260517,china_japan_2025,62088,8,0,0,0,0,173,5,-4.668467261611724,88.0
20260517,china_japan_seafood_2023,62088,8,0,0,0,0,173,1,-4.668467261611724,88.0
20260517,india_pakistan_2025,62088,45,5,2,0,1,572,203,-445.8447686698749,181.0
20260517,israel_iran_2025,62088,425,174,35,0,95,1144,435,-18227.01028241205,4093.0
20260517,north_korea,62088,3,3,0,0,3,7,1,-32.367972742759804,10.0
20260517,russia_ukraine_2022,62088,251,162,7,0,111,301,98,-26922.325226549125,4232.0
20260517,south_china_sea_ph,62088,3,3,3,0,3,133,1,-24.24242424242424,8.0
20260517,taiwan_strait,62088,428,94,38,0,18,23,103,-2532.9191382681456,2679.0
20260517,thailand_cambodia_2025,62088,22,4,0,0,4,54,14,-98.61422218525047,51.0
20260517,us_china_chips_2022,62088,253,29,10,0,7,149,53,-1168.8350832983797,2203.0
20260517,us_china_tariffs_2025,62088,491,63,16,0,18,2229,22,-2018.5915724761762,3824.0
20260518,china_japan_2025,106043,20,1,0,0,1,304,3,-14.114310366209367,178.0
20260518,china_japan_seafood_2023,106043,20,1,0,0,1,304,10,-14.114310366209367,178.0
20260518,india_pakistan_2025,106043,9,0,0,0,0,807,280,-86.64019001499038,23.0
20260518,israel_iran_2025,106043,702,336,100,0,136,1250,768,-34860.848680301075,7418.0
20260518,north_korea,106043,9,1,1,0,1,11,22,-126.21987683156321,41.0
20260518,russia_ukraine_2022,106043,390,193,31,0,127,304,127,-12780.804688695815,2503.0
20260518,south_china_sea_ph,106043,8,6,0,0,0,150,2,-111.84178290599533,40.0
20260518,taiwan_strait,106043,513,120,40,0,20,35,117,-3840.0294711577244,4231.0
20260518,thailand_cambodia_2025,106043,5,1,0,0,0,52,18,-28.46228895540163,9.0
20260518,us_china_chips_2022,106043,352,49,18,0,15,222,59,-1493.5184725643085,2955.0
20260518,us_china_tariffs_2025,106043,696,99,39,0,25,4903,32,-4687.702468232764,6174.0
20260519,china_japan_2025,119381,32,12,5,0,4,295,11,-335.49061843583655,100.0
20260519,china_japan_seafood_2023,119381,32,12,5,0,4,295,11,-335.49061843583655,100.0
20260519,india_pakistan_2025,119381,5,2,0,0,2,943,209,-51.738365769480396,25.0
20260519,israel_iran_2025,119381,688,296,89,0,118,1412,685,-53386.17341054511,15232.0
20260519,north_korea,119381,26,10,0,0,2,6,7,63.674754468410356,66.0
20260519,russia_ukraine_2022,119381,349,194,28,0,105,348,129,-7161.514682138114,3161.0
20260519,south_china_sea_ph,119381,26,4,2,0,0,152,4,-341.074551190688,114.0
20260519,taiwan_strait,119381,446,99,32,0,12,30,124,-2568.3836125781,2130.0
20260519,thailand_cambodia_2025,119381,14,0,0,0,0,46,8,-17.70386631051306,44.0
20260519,us_china_chips_2022,119381,334,34,11,0,7,221,58,-2378.1275624794935,1840.0
20260519,us_china_tariffs_2025,119381,629,76,36,0,19,6118,26,-4170.94499776768,3204.0
20260520,china_japan_2025,126470,34,5,1,0,0,283,5,-609.5766276446748,249.0
20260520,china_japan_seafood_2023,126470,34,5,1,0,0,283,9,-609.5766276446748,249.0
20260520,india_pakistan_2025,126470,9,6,4,0,5,753,237,-246.7836316882689,55.0
20260520,israel_iran_2025,126470,605,263,61,0,109,1370,699,-25876.793438866924,6360.0
20260520,north_korea,126470,21,4,2,0,4,0,7,29.50223507905265,86.0
20260520,russia_ukraine_2022,126470,313,131,27,0,47,230,124,-10531.65401243336,2912.0
20260520,south_china_sea_ph,126470,10,3,1,0,2,151,6,-290.1204661659441,54.0
20260520,taiwan_strait,126470,437,83,35,3,27,15,127,-3228.061833593988,4074.0
20260520,thailand_cambodia_2025,126470,1,1,0,0,0,50,15,-15.66265060240964,2.0
20260520,us_china_chips_2022,126470,298,55,26,0,20,207,61,-2988.5976217804696,3691.0
20260520,us_china_tariffs_2025,126470,608,108,49,3,47,6160,46,-5302.694459342271,7105.0
20260521,china_japan_2025,122237,12,6,0,0,2,261,2,-118.50136668394155,63.0
20260521,china_japan_seafood_2023,122237,12,6,0,0,2,261,12,-118.50136668394155,63.0
20260521,india_pakistan_2025,122237,38,30,9,0,24,989,263,-1438.3818630964415,215.0
20260521,israel_iran_2025,122237,681,238,44,0,111,1324,642,-25794.22316249537,8107.0
20260521,north_korea,122237,40,8,0,0,4,10,17,-175.07910648252613,205.0
20260521,russia_ukraine_2022,122237,268,124,28,0,79,244,140,-9680.655734794362,1889.0
20260521,south_china_sea_ph,122237,1,1,0,0,1,130,2,-44.31137724550896,6.0
20260521,taiwan_strait,122237,351,93,39,0,22,39,114,-2782.8138104526024,2345.0
20260521,thailand_cambodia_2025,122237,16,9,0,0,6,40,8,-113.8075313807532,40.0
20260521,us_china_chips_2022,122237,212,31,15,0,14,193,58,-992.9192673629975,1061.0
20260521,us_china_tariffs_2025,122237,412,85,41,0,32,5858,34,-2656.90388517676,2382.0
20260522,china_japan_2025,115380,22,2,1,0,2,276,2,-1184.6358669150652,287.0
20260522,china_japan_seafood_2023,115380,22,2,1,0,2,276,13,-1184.6358669150652,287.0
20260522,india_pakistan_2025,115380,36,17,7,0,5,797,277,-457.1220380457134,98.0
20260522,israel_iran_2025,115380,673,255,79,0,86,1098,574,-42580.44285156332,14515.0
20260522,north_korea,115380,25,3,0,0,2,8,8,-220.41975726968664,98.0
20260522,russia_ukraine_2022,115380,384,194,29,0,111,314,114,-10225.18696845155,2333.0
20260522,south_china_sea_ph,115380,11,4,2,0,0,126,4,53.94554058768491,53.0
20260522,taiwan_strait,115380,273,52,24,0,16,37,106,-2072.326775373851,2437.0
20260522,thailand_cambodia_2025,115380,23,9,0,0,7,32,15,-171.49004236181372,53.0
20260522,us_china_chips_2022,115380,226,44,15,0,18,204,54,-1451.5639121847871,1523.0
20260522,us_china_tariffs_2025,115380,407,73,27,0,30,5304,21,-2154.5579451443723,2999.0
20260523,china_japan_2025,71773,29,1,0,0,1,219,2,-599.2701922210243,181.0
20260523,china_japan_seafood_2023,71773,29,1,0,0,1,219,4,-599.2701922210243,181.0
20260523,india_pakistan_2025,71773,27,9,2,0,9,730,215,-1684.2738135212012,222.0
20260523,israel_iran_2025,71773,639,212,55,0,66,892,624,-33435.174285756104,11349.0
20260523,north_korea,71773,19,8,0,0,0,4,7,-253.52172546663914,73.0
20260523,russia_ukraine_2022,71773,250,145,25,0,72,206,95,-12090.61474223626,1860.0
20260523,south_china_sea_ph,71773,6,2,0,0,2,65,2,-149.7947327086415,50.0
20260523,taiwan_strait,71773,177,41,11,0,22,16,61,-1895.7935311392475,1206.0
20260523,thailand_cambodia_2025,71773,9,2,0,0,2,31,14,-38.2978723404255,32.0
20260523,us_china_chips_2022,71773,122,20,14,0,9,147,27,-804.6780307403853,713.0
20260523,us_china_tariffs_2025,71773,235,40,21,0,22,3045,13,-1342.712630300595,1434.0
20260524,china_japan_2025,61579,21,7,1,0,2,162,3,-24.773877264477807,58.0
20260524,china_japan_seafood_2023,61579,21,7,1,0,2,162,1,-24.773877264477807,58.0
20260524,india_pakistan_2025,61579,19,5,4,0,3,688,223,-245.13234287772997,48.0
20260524,israel_iran_2025,61579,835,220,60,0,94,955,829,-18649.656161432264,11835.0
20260524,north_korea,61579,2,0,0,0,0,0,2,31.3807531380753,10.0
20260524,russia_ukraine_2022,61579,401,309,24,0,222,418,113,-44744.30780470065,6599.0
20260524,south_china_sea_ph,61579,1,0,0,0,0,104,3,13.927576601671301,10.0
20260524,taiwan_strait,61579,142,32,8,0,8,17,36,-1671.181511296842,1129.0
20260524,thailand_cambodia_2025,61579,1,0,0,0,0,30,4,-52.980132450331105,10.0
20260524,us_china_chips_2022,61579,106,22,10,2,6,118,18,-932.6814815549511,805.0
20260524,us_china_tariffs_2025,61579,201,41,13,2,12,2582,9,-1579.252072695646,1528.0
20260525,china_japan_2025,86512,33,14,1,0,1,266,2,-498.5491652721264,188.0
20260525,china_japan_seafood_2023,86512,33,14,1,0,1,266,7,-498.5491652721264,188.0
20260525,india_pakistan_2025,86512,38,0,0,0,0,731,268,38.26718571151589,57.0
20260525,israel_iran_2025,86512,848,266,46,0,116,1034,820,-15454.772455577164,11364.0
20260525,north_korea,86512,18,5,4,0,2,7,5,-106.41057121186167,71.0
20260525,russia_ukraine_2022,86512,391,247,60,0,144,373,114,-16831.679397930267,2915.0
20260525,south_china_sea_ph,86512,19,3,0,0,3,78,3,-101.89332159992433,79.0
20260525,taiwan_strait,86512,224,47,10,0,25,24,57,-2106.5868119223114,1310.0
20260525,thailand_cambodia_2025,86512,11,6,1,0,1,70,38,-97.27018460008041,32.0
20260525,us_china_chips_2022,86512,147,23,11,0,6,195,48,-1715.3702049425192,1310.0
20260525,us_china_tariffs_2025,86512,283,47,17,0,18,2695,19,-2790.211729155025,2096.0
20260526,china_japan_2025,109420,30,13,1,0,2,291,2,396.48519963907455,264.0
20260526,china_japan_seafood_2023,109420,30,13,1,0,2,291,10,396.48519963907455,264.0
20260526,india_pakistan_2025,109420,45,15,4,0,6,582,239,-674.7606022786521,210.0
20260526,israel_iran_2025,109420,734,272,67,0,131,1443,837,-14127.294817445261,6383.0
20260526,north_korea,109420,43,21,3,0,19,27,57,-586.2901822806243,528.0
20260526,russia_ukraine_2022,109420,528,303,76,0,152,294,118,-18698.411794444477,3750.0
20260526,south_china_sea_ph,109420,9,3,1,0,3,101,9,-89.70486629798914,64.0
20260526,taiwan_strait,109420,268,77,14,0,26,38,69,-1296.417800828614,1593.0
20260526,thailand_cambodia_2025,109420,7,0,0,0,0,61,22,0.38703345093784236,30.0
20260526,us_china_chips_2022,109420,150,20,6,0,11,208,56,-577.296098890945,1934.0
20260526,us_china_tariffs_2025,109420,329,63,12,0,23,4420,35,-743.0628729117066,3070.0
20260527,china_japan_2025,113354,14,0,0,0,0,293,1,57.47879916960324,49.0
20260527,china_japan_seafood_2023,113354,14,0,0,0,0,293,9,57.47879916960324,49.0
20260527,india_pakistan_2025,113354,42,4,1,0,2,952,145,-279.07075887448025,104.0
20260527,israel_iran_2025,113354,670,251,30,0,127,1505,682,-28286.687162583694,11378.0
20260527,north_korea,113354,32,5,1,0,0,18,33,106.92033778116203,106.0
20260527,russia_ukraine_2022,113354,366,227,52,0,113,269,113,-9954.89885171692,2281.0
20260527,south_china_sea_ph,113354,4,0,0,0,0,127,9,3.111301842258502,25.0
20260527,taiwan_strait,113354,227,65,31,0,11,15,69,-3247.7758094178857,1686.0
20260527,thailand_cambodia_2025,113354,19,7,0,0,0,74,23,84.51790963416259,89.0
20260527,us_china_chips_2022,113354,179,42,12,0,20,237,70,-322.32641281400413,1461.0
20260527,us_china_tariffs_2025,113354,356,93,39,0,28,5399,49,-3289.592135098269,2762.0
20260528,china_japan_2025,113684,36,12,1,0,1,306,2,-743.760547497927,313.0
20260528,china_japan_seafood_2023,113684,36,12,1,0,1,306,8,-743.760547497927,313.0
20260528,india_pakistan_2025,113684,17,3,2,0,2,582,102,-199.51947628404793,42.0
20260528,israel_iran_2025,113684,729,339,52,1,175,1471,764,-49974.46348682094,13477.0
20260528,north_korea,113684,20,7,0,0,3,17,19,-62.081767698023484,102.0
20260528,russia_ukraine_2022,113684,344,170,33,0,107,245,138,-5703.273649219663,1643.0
20260528,south_china_sea_ph,113684,17,3,0,0,0,99,7,-155.08836627929023,88.0
20260528,taiwan_strait,113684,211,66,24,0,31,18,78,-2171.0641851138744,2216.0
20260528,thailand_cambodia_2025,113684,38,17,7,0,5,56,21,89.67023894915081,295.0
20260528,us_china_chips_2022,113684,162,34,11,0,17,231,50,-649.5861685190032,747.0
20260528,us_china_tariffs_2025,113684,328,85,35,0,41,5572,29,-2120.36960202659,2686.0
20260529,china_japan_2025,112881,64,28,2,0,2,350,1,-1621.9932404607416,521.0
20260529,china_japan_seafood_2023,112881,64,28,2,0,2,350,10,-1621.9932404607416,521.0
20260529,india_pakistan_2025,112881,18,5,4,0,4,706,175,-184.32351221744216,70.0
20260529,israel_iran_2025,112881,648,234,69,0,89,1214,709,-18153.645652758663,7806.0
20260529,north_korea,112881,32,10,1,0,3,7,12,74.38565169559942,114.0
20260529,russia_ukraine_2022,112881,421,233,32,0,133,449,172,-9928.540212433738,2006.0
20260529,south_china_sea_ph,112881,14,3,2,0,2,51,6,-255.8810301429941,113.0
20260529,taiwan_strait,112881,244,52,24,0,21,33,106,-5957.335852645918,3033.0
20260529,thailand_cambodia_2025,112881,23,0,0,0,0,68,37,261.2240585589314,132.0
20260529,us_china_chips_2022,112881,221,55,22,0,31,251,48,-6216.029433581876,2252.0
20260529,us_china_tariffs_2025,112881,379,85,38,0,43,5519,25,-8912.662648483669,3614.0
20260530,china_japan_2025,66534,37,15,0,0,3,226,1,-1791.931541831979,359.0
20260530,china_japan_seafood_2023,66534,37,15,0,0,3,226,6,-1791.931541831979,359.0
20260530,india_pakistan_2025,66534,36,13,11,0,13,666,202,-82.65378681700295,88.0
20260530,israel_iran_2025,66534,449,160,49,0,69,715,415,-13861.269586100816,4837.0
20260530,north_korea,66534,5,5,0,0,2,6,2,13.936526710033489,13.0
20260530,russia_ukraine_2022,66534,205,117,20,0,77,231,92,-5990.401120502738,1522.0
20260530,south_china_sea_ph,66534,19,12,9,0,0,71,3,-178.02355299804432,109.0
20260530,taiwan_strait,66534,210,61,29,0,20,34,37,-3385.836073560232,2093.0
20260530,thailand_cambodia_2025,66534,0,0,0,0,0,28,13,0.0,0.0
20260530,us_china_chips_2022,66534,162,37,12,0,11,169,19,-3473.308319058714,2050.0
20260530,us_china_tariffs_2025,66534,314,80,27,0,26,3290,30,-6096.232041449825,3007.0
20260531,china_japan_2025,56465,44,13,0,0,0,156,3,-453.8351299148021,158.0
20260531,china_japan_seafood_2023,56465,44,13,0,0,0,156,2,-453.8351299148021,158.0
20260531,india_pakistan_2025,56465,23,15,13,0,13,590,176,-216.8269106934088,51.0
20260531,israel_iran_2025,56465,360,121,31,0,57,1093,378,-9321.577167332322,3132.0
20260531,north_korea,56465,2,0,0,0,0,1,3,3.71517027863776,4.0
20260531,russia_ukraine_2022,56465,243,145,14,0,88,247,107,-14735.729812960468,2470.0
20260531,south_china_sea_ph,56465,27,12,7,0,3,35,17,-797.3006365555606,336.0
20260531,taiwan_strait,56465,102,37,8,0,3,11,27,-1586.0162597276008,651.0
20260531,thailand_cambodia_2025,56465,30,9,2,0,0,41,6,-598.359537480902,112.0
20260531,us_china_chips_2022,56465,85,26,5,0,6,125,19,-1624.0074329153272,879.0
20260531,us_china_tariffs_2025,56465,165,48,7,0,6,2401,18,-3059.586862565,1396.0
20260601,china_japan_2025,101905,34,13,2,0,1,260,1,-987.8422273964331,259.0
20260601,china_japan_seafood_2023,101905,34,13,2,0,1,260,9,-987.8422273964331,259.0
20260601,india_pakistan_2025,101905,7,6,2,0,2,617,191,20.943652718687815,21.0
20260601,israel_iran_2025,101905,683,259,39,0,163,1851,815,-44310.015553665144,10564.0
20260601,north_korea,101905,13,7,2,0,2,14,4,-55.93376988296002,36.0
20260601,russia_ukraine_2022,101905,286,146,22,0,85,203,71,-8490.213707168918,1883.0
20260601,south_china_sea_ph,101905,28,8,2,0,2,115,11,0.8266226791320118,70.0
20260601,taiwan_strait,101905,175,57,17,0,22,28,69,-386.3009590218961,1101.0
20260601,thailand_cambodia_2025,101905,9,9,0,0,6,57,11,-61.208529143578595,32.0
20260601,us_china_chips_2022,101905,141,35,11,0,12,194,104,-693.6010643291226,832.0
20260601,us_china_tariffs_2025,101905,263,69,25,0,23,4750,40,-273.6352914728734,1598.0
20260602,china_japan_2025,116485,39,9,5,0,2,234,2,-271.3705574483399,196.0
20260602,china_japan_seafood_2023,116485,39,9,5,0,2,234,15,-271.3705574483399,196.0
20260602,india_pakistan_2025,116485,22,9,1,0,2,830,221,-151.316653044959,40.0
20260602,israel_iran_2025,116485,823,300,72,0,153,1609,630,-51951.42634803315,10976.0
20260602,north_korea,116485,5,3,0,0,3,7,3,-34.12078745412076,32.0
20260602,russia_ukraine_2022,116485,561,393,78,0,226,540,231,-73909.46245959676,9456.0
20260602,south_china_sea_ph,116485,18,9,2,0,5,91,10,-480.26895619687616,134.0
20260602,taiwan_strait,116485,215,38,6,0,3,32,79,-117.05488397411668,1148.0
20260602,thailand_cambodia_2025,116485,42,14,0,0,0,47,27,-589.1442910764889,319.0
20260602,us_china_chips_2022,116485,163,27,12,0,13,146,65,-5439.28959713681,1873.0
20260602,us_china_tariffs_2025,116485,340,63,18,0,15,5599,62,-5522.853234080241,2831.0
20260603,china_japan_2025,117604,39,9,0,0,0,300,2,-387.7440966019169,186.0
20260603,china_japan_seafood_2023,117604,39,9,0,0,0,300,13,-387.7440966019169,186.0
20260603,india_pakistan_2025,117604,22,17,11,0,16,818,240,-280.67575272195,78.0
20260603,israel_iran_2025,117604,827,374,54,0,221,1792,926,-51076.554669581616,12255.0
20260603,north_korea,117604,27,10,5,0,1,4,14,-433.58997007448613,231.0
20260603,russia_ukraine_2022,117604,505,291,45,0,203,410,185,-63991.21230448088,9663.0
20260603,south_china_sea_ph,117604,19,5,2,0,0,60,8,-232.54117524258353,71.0
20260603,taiwan_strait,117604,194,36,8,0,12,26,84,-902.4492806245877,998.0
20260603,thailand_cambodia_2025,117604,24,7,0,0,0,40,28,-119.58614565066017,117.0
20260603,us_china_chips_2022,117604,174,41,21,0,27,228,69,-1069.9097426832916,822.0
20260603,us_china_tariffs_2025,117604,322,67,27,0,37,5898,183,-1524.375187269869,1515.0
20260604,china_japan_2025,116234,33,6,1,0,3,389,0,-459.47962847095397,180.0
20260604,china_japan_seafood_2023,116234,33,6,1,0,3,389,11,-459.47962847095397,180.0
20260604,india_pakistan_2025,116234,25,17,4,0,4,791,196,-406.321277935477,72.0
20260604,israel_iran_2025,116234,846,378,37,0,196,1452,727,-68680.3203405976,12950.0
20260604,north_korea,116234,29,10,1,0,0,10,44,180.52614534420013,159.0
20260604,russia_ukraine_2022,116234,568,269,37,0,164,397,161,-16536.926143340566,4908.0
20260604,south_china_sea_ph,116234,10,3,0,0,0,120,9,-29.477612695356243,41.0
20260604,taiwan_strait,116234,320,108,20,0,34,72,86,-11195.777636271807,3435.0
20260604,thailand_cambodia_2025,116234,23,6,0,0,4,37,18,-260.15058373622145,84.0
20260604,us_china_chips_2022,116234,181,50,16,0,10,325,60,-5964.417272372621,1755.0
20260604,us_china_tariffs_2025,116234,352,106,23,0,30,5760,107,-11563.07505273853,3551.0
20260605,china_japan_2025,106095,42,13,3,0,0,327,1,-1851.6125817065454,362.0
20260605,china_japan_seafood_2023,106095,42,13,3,0,0,327,23,-1851.6125817065454,362.0
20260605,india_pakistan_2025,106095,35,13,3,0,3,717,183,-275.5469040985057,66.0
20260605,israel_iran_2025,106095,618,244,43,0,129,1313,450,-23885.666343111785,5156.0
20260605,north_korea,106095,45,3,0,0,0,9,73,801.7565170941526,843.0
20260605,russia_ukraine_2022,106095,598,206,41,0,85,256,207,-14458.245209245662,3666.0
20260605,south_china_sea_ph,106095,10,5,2,0,3,83,13,-47.85201699809705,41.0
20260605,taiwan_strait,106095,247,64,13,0,18,35,54,-10002.51946127029,2728.0
20260605,thailand_cambodia_2025,106095,22,12,2,0,5,48,19,-284.2152496805353,106.0
20260605,us_china_chips_2022,106095,176,42,13,0,17,260,56,-3569.8348579625235,1294.0
20260605,us_china_tariffs_2025,106095,353,85,21,0,31,5262,65,-8491.104908823809,2832.0
20260606,china_japan_2025,68584,31,19,4,0,0,186,0,-971.0002690408039,155.0
20260606,china_japan_seafood_2023,68584,31,19,4,0,0,186,6,-971.0002690408039,155.0
20260606,india_pakistan_2025,68584,11,7,3,0,2,656,193,-215.17558324014374,35.0
20260606,israel_iran_2025,68584,474,202,40,0,108,1151,477,-33624.74868745055,6369.0
20260606,north_korea,68584,17,1,1,0,1,5,38,216.02607644413655,94.0
20260606,russia_ukraine_2022,68584,378,169,9,0,64,226,119,-19618.951710666766,3769.0
20260606,south_china_sea_ph,68584,6,2,2,0,0,77,3,226.77995639571853,45.0
20260606,taiwan_strait,68584,128,29,7,0,5,23,43,-1265.958324275739,690.0
20260606,thailand_cambodia_2025,68584,33,8,4,0,6,40,11,-213.74889527938217,167.0
20260606,us_china_chips_2022,68584,102,33,8,0,14,113,35,-949.7368085959929,532.0
20260606,us_china_tariffs_2025,68584,202,54,12,0,16,2848,15,-1695.9366819208506,857.0
20260607,china_japan_2025,61798,11,9,0,0,2,164,1,-339.77625888468594,124.0
20260607,china_japan_seafood_2023,61798,11,9,0,0,2,164,3,-339.77625888468594,124.0
20260607,india_pakistan_2025,61798,36,6,0,0,0,595,182,1.1136928239990773,105.0
20260607,israel_iran_2025,61798,566,239,34,0,133,1603,544,-37216.650341381224,7183.0
20260607,north_korea,61798,32,8,1,0,0,17,62,-320.2584297752546,259.0
20260607,russia_ukraine_2022,61798,290,118,10,0,66,166,113,-11162.279634925468,2998.0
20260607,south_china_sea_ph,61798,2,1,1,0,1,53,2,-42.4595721644756,17.0
20260607,taiwan_strait,61798,94,21,4,0,1,12,53,-1455.7092671957846,680.0
20260607,thailand_cambodia_2025,61798,34,13,2,0,13,52,14,-457.5106061527541,98.0
20260607,us_china_chips_2022,61798,47,15,1,0,3,85,17,-426.34162018013615,273.0
20260607,us_china_tariffs_2025,61798,102,22,2,0,4,2019,15,-652.6033111736707,472.0
20260608,china_japan_2025,101509,28,7,1,0,0,213,2,-282.29510424676744,157.0
20260608,china_japan_seafood_2023,101509,28,7,1,0,0,213,4,-282.29510424676744,157.0
20260608,india_pakistan_2025,101509,10,4,0,0,0,815,211,16.9750870853767,43.0
20260608,israel_iran_2025,101509,1689,970,177,0,599,3317,1127,-134952.02389658234,25752.0
20260608,north_korea,101509,129,20,5,0,3,25,159,3896.7517291063623,1926.0
20260608,russia_ukraine_2022,101509,350,132,16,0,70,259,105,-13467.587813105274,3533.0
20260608,south_china_sea_ph,101509,10,5,1,0,2,93,5,-24.145267265041994,36.0
20260608,taiwan_strait,101509,207,60,14,0,18,24,71,-1169.1931847797691,1118.0
20260608,thailand_cambodia_2025,101509,27,8,3,0,1,57,23,-62.2833672113339,121.0
20260608,us_china_chips_2022,101509,141,32,11,0,11,135,54,-393.639786369843,600.0
20260608,us_china_tariffs_2025,101509,299,72,24,0,26,3788,32,-590.6043030625297,1406.0
20260609,china_japan_2025,108253,27,8,0,0,0,235,2,-199.7263074911277,215.0
20260609,china_japan_seafood_2023,108253,27,8,0,0,0,235,12,-199.7263074911277,215.0
20260609,india_pakistan_2025,108253,31,21,3,0,6,959,240,-897.5037789132058,174.0
20260609,israel_iran_2025,108253,1106,539,94,0,293,2147,680,-54507.68522225415,13874.0
20260609,north_korea,108253,73,11,6,0,0,9,92,1884.959457860785,534.0
20260609,russia_ukraine_2022,108253,280,125,19,0,78,289,134,-12167.255434695811,2002.0
20260609,south_china_sea_ph,108253,26,9,1,0,2,118,8,-511.5068727637624,184.0
20260609,taiwan_strait,108253,229,71,27,0,19,28,72,-2901.7181276446786,1656.0
20260609,thailand_cambodia_2025,108253,35,16,6,0,14,65,21,-103.61563171230635,135.0
20260609,us_china_chips_2022,108253,164,47,22,0,19,186,50,-1118.7842989738278,873.0
20260609,us_china_tariffs_2025,108253,352,104,43,0,28,4701,34,-3230.541704477937,2128.0
20260610,china_japan_2025,114561,39,19,5,0,5,252,3,-432.50900023512247,193.0
20260610,china_japan_seafood_2023,114561,39,19,5,0,5,252,13,-432.50900023512247,193.0
20260610,india_pakistan_2025,114561,30,15,3,0,6,900,338,-638.8871222834109,102.0
20260610,israel_iran_2025,114561,996,578,88,0,332,2389,986,-68348.20203515782,14613.0
20260610,north_korea,114561,63,8,2,0,0,9,33,615.6641165805767,300.0
20260610,russia_ukraine_2022,114561,245,108,24,0,69,261,124,-3352.2309001610247,911.0
20260610,south_china_sea_ph,114561,27,9,0,0,2,113,16,-412.21253910835793,119.0
20260610,taiwan_strait,114561,200,63,19,0,30,60,75,-4273.4955596619075,2277.0
20260610,thailand_cambodia_2025,114561,36,18,5,0,5,94,18,-479.7503326855727,169.0
20260610,us_china_chips_2022,114561,104,19,7,0,7,175,38,-220.17606877186697,600.0
20260610,us_china_tariffs_2025,114561,247,55,21,0,19,5127,30,-1280.9747851603095,1205.0
20260611,china_japan_2025,111748,33,9,2,0,2,275,2,-39.79501573271976,166.0
20260611,china_japan_seafood_2023,111748,33,9,2,0,2,275,16,-39.79501573271976,166.0
20260611,india_pakistan_2025,111748,7,3,1,0,0,892,220,-109.01656851774014,18.0
20260611,israel_iran_2025,111748,925,476,94,0,232,2081,1103,-66795.41161723256,13528.0
20260611,north_korea,111748,28,12,9,0,9,9,23,-226.65505528262543,100.0
20260611,russia_ukraine_2022,111748,227,100,15,0,59,169,75,-4299.498693308675,1051.0
20260611,south_china_sea_ph,111748,55,31,24,0,7,83,8,-1657.8172830271167,383.0
20260611,taiwan_strait,111748,158,43,9,1,20,28,65,-3079.9972937828697,2600.0
20260611,thailand_cambodia_2025,111748,22,14,6,0,11,153,26,-279.8242858689945,101.0
20260611,us_china_chips_2022,111748,136,37,12,0,11,233,31,-3435.124586016856,2215.0
20260611,us_china_tariffs_2025,111748,240,64,21,1,22,5430,39,-5938.356596710511,4160.0
20260612,china_japan_2025,102642,22,1,0,0,0,277,1,-111.77437063691661,52.0
20260612,china_japan_seafood_2023,102642,22,1,0,0,0,277,15,-111.77437063691661,52.0
20260612,india_pakistan_2025,102642,20,6,2,0,5,831,185,-66.7142039867998,50.0
20260612,israel_iran_2025,102642,831,308,77,2,141,1299,839,-19804.190391711134,10240.0
20260612,north_korea,102642,24,15,9,0,10,50,42,-29863.65954751984,2496.0
20260612,russia_ukraine_2022,102642,267,124,14,0,78,243,124,-11038.362450974857,2467.0
20260612,south_china_sea_ph,102642,80,64,45,0,10,73,5,-4133.757503440087,768.0
20260612,taiwan_strait,102642,202,59,27,0,27,25,66,-1346.3602809713598,1047.0
20260612,thailand_cambodia_2025,102642,6,3,0,0,3,95,15,-52.841505260471294,19.0
20260612,us_china_chips_2022,102642,131,46,16,0,20,236,49,-1101.670637645368,636.0
20260612,us_china_tariffs_2025,102642,267,86,38,0,38,4820,19,-2359.06115335944,1246.0
20260613,china_japan_2025,65876,2,0,0,0,0,166,1,25.945945945946,8.0
20260613,china_japan_seafood_2023,65876,2,0,0,0,0,166,11,25.945945945946,8.0
20260613,india_pakistan_2025,65876,21,13,8,0,6,550,222,-397.4039959307359,102.0
20260613,israel_iran_2025,65876,645,251,53,0,136,925,708,-34103.413978129516,14018.0
20260613,north_korea,65876,36,25,0,0,2,6,16,-1883.4830980090007,460.0
20260613,russia_ukraine_2022,65876,194,100,5,0,65,191,85,-3581.3227845019005,1515.0
20260613,south_china_sea_ph,65876,44,26,15,0,5,51,3,-787.6435345319865,165.0
20260613,taiwan_strait,65876,118,41,6,0,20,17,41,-1038.1630830159415,847.0
20260613,thailand_cambodia_2025,65876,11,6,0,0,0,18,4,-75.38585445412019,53.0
20260613,us_china_chips_2022,65876,61,20,6,0,10,126,27,-540.1006886420981,284.0
20260613,us_china_tariffs_2025,65876,118,41,12,0,22,2888,12,-1379.6795843646407,599.0
20260614,china_japan_2025,56275,9,2,0,0,0,166,4,48.03311919702067,33.0
20260614,china_japan_seafood_2023,56275,9,2,0,0,0,166,1,48.03311919702067,33.0
20260614,india_pakistan_2025,56275,14,1,1,0,1,534,179,-80.90194632463859,32.0
20260614,israel_iran_2025,56275,692,263,49,0,110,918,659,-19502.90487232444,7849.0
20260614,north_korea,56275,27,21,4,0,1,6,15,-404.5304055822693,156.0
20260614,russia_ukraine_2022,56275,172,57,11,0,30,131,69,-5782.954084281694,1922.0
20260614,south_china_sea_ph,56275,32,13,7,0,6,60,2,-145.12174487849288,111.0
20260614,taiwan_strait,56275,100,38,7,0,16,16,41,-2032.7366614025957,853.0
20260614,thailand_cambodia_2025,56275,0,0,0,0,0,28,7,0.0,0.0
20260614,us_china_chips_2022,56275,43,11,3,0,7,124,14,-153.17257727077703,197.0
20260614,us_china_tariffs_2025,56275,107,40,10,0,19,1780,9,-973.7115873328372,513.0
20260615,china_japan_2025,106649,14,10,4,0,4,216,3,-521.4265876832823,81.0
20260615,china_japan_seafood_2023,106649,14,10,4,0,4,216,4,-521.4265876832823,81.0
20260615,india_pakistan_2025,106649,5,0,0,0,0,694,257,-10.9651549028336,8.0
20260615,israel_iran_2025,106649,1403,390,66,0,191,1473,1697,-15452.781430745916,19306.0
20260615,north_korea,106649,27,11,4,0,7,21,15,-101.87861242329143,101.0
20260615,russia_ukraine_2022,106649,650,275,31,0,189,532,196,-25581.291007876778,6984.0
20260615,south_china_sea_ph,106649,18,12,4,0,5,49,3,-25.345147610345535,71.0
20260615,taiwan_strait,106649,123,34,16,0,14,15,43,-647.6430620392359,791.0
20260615,thailand_cambodia_2025,106649,11,6,0,0,4,65,16,-165.9359372200849,45.0
20260615,us_china_chips_2022,106649,98,45,12,0,18,162,34,-758.2469116368969,535.0
20260615,us_china_tariffs_2025,106649,191,70,26,0,28,3419,60,-1140.6157743386807,1205.0
20260616,china_japan_2025,113229,11,1,1,0,0,229,1,-68.30718058924741,46.0
20260616,china_japan_seafood_2023,113229,11,1,1,0,0,229,12,-68.30718058924741,46.0
20260616,india_pakistan_2025,113229,34,20,13,0,14,719,195,-456.9709196313808,98.0
20260616,israel_iran_2025,113229,1172,339,55,1,151,1087,1182,-19025.925246038052,12127.0
20260616,north_korea,113229,45,17,1,0,5,7,17,-75.25644889399761,249.0
20260616,russia_ukraine_2022,113229,498,183,43,0,94,288,216,-10046.47000734172,3631.0
20260616,south_china_sea_ph,113229,20,5,2,0,3,75,6,58.23098314638604,116.0
20260616,taiwan_strait,113229,115,22,11,0,12,23,41,-53.42123087505642,627.0
20260616,thailand_cambodia_2025,113229,40,17,2,0,9,60,20,-665.8101940120921,163.0
20260616,us_china_chips_2022,113229,105,28,13,0,18,170,55,1056.630948019389,909.0
20260616,us_china_tariffs_2025,113229,201,47,23,0,30,4322,45,1064.484043930289,1448.0
20260617,china_japan_2025,115295,34,23,7,0,4,210,3,-983.3564510942166,177.0
20260617,china_japan_seafood_2023,115295,34,23,7,0,4,210,10,-983.3564510942166,177.0
20260617,india_pakistan_2025,115295,33,17,10,0,11,749,213,-104.28194717421793,54.0
20260617,israel_iran_2025,115295,1086,329,71,0,134,1183,1256,-31562.72607687979,18744.0
20260617,north_korea,115295,32,6,0,0,5,10,14,100.68853210005145,182.0
20260617,russia_ukraine_2022,115295,306,107,13,0,66,219,188,-10877.260509901645,3592.0
20260617,south_china_sea_ph,115295,10,4,0,0,0,66,7,-81.18203732881676,34.0
20260617,taiwan_strait,115295,136,27,8,0,6,21,61,-597.740547883232,1032.0
20260617,thailand_cambodia_2025,115295,30,14,0,0,5,56,29,-225.34602697280093,98.0
20260617,us_china_chips_2022,115295,127,32,20,0,8,156,47,-339.7193354104516,949.0
20260617,us_china_tariffs_2025,115295,233,52,27,0,14,5063,28,-500.4766603120786,1795.0
20260618,china_japan_2025,114121,17,15,3,0,6,269,4,-148.5866581064933,83.0
20260618,china_japan_seafood_2023,114121,17,15,3,0,6,269,17,-148.5866581064933,83.0
20260618,india_pakistan_2025,114121,22,15,10,0,2,702,273,-662.4138679152132,91.0
20260618,israel_iran_2025,114121,1391,352,59,0,137,1189,1372,-18715.00894047684,22031.0
20260618,north_korea,114121,13,4,4,0,2,8,19,-124.02889829998459,30.0
20260618,russia_ukraine_2022,114121,380,206,23,0,117,352,223,-25746.93603341931,5308.0
20260618,south_china_sea_ph,114121,11,3,0,0,0,86,14,5.498214656282432,40.0
20260618,taiwan_strait,114121,184,45,17,0,6,26,95,-152.76751110614808,1144.0
20260618,thailand_cambodia_2025,114121,13,9,0,0,6,38,15,-134.89732641349391,39.0
20260618,us_china_chips_2022,114121,112,5,2,0,1,184,73,-270.73737336879674,441.0
20260618,us_china_tariffs_2025,114121,226,22,7,0,6,4723,38,-307.0017541419565,1176.0
20260619,china_japan_2025,101672,20,5,0,0,0,185,4,-113.22148779301371,54.0
20260619,china_japan_seafood_2023,101672,20,5,0,0,0,185,5,-113.22148779301371,54.0
20260619,india_pakistan_2025,101672,29,21,2,0,10,683,279,-309.20886885011515,122.0
20260619,israel_iran_2025,101672,1234,398,102,0,143,1324,1109,-52581.39878783691,23528.0
20260619,north_korea,101672,32,6,0,0,0,2,17,2.4346618125689687,96.0
20260619,russia_ukraine_2022,101672,299,144,33,3,86,254,152,-7088.353873252547,1845.0
20260619,south_china_sea_ph,101672,2,2,0,0,0,70,1,-38.5044642857143,10.0
20260619,taiwan_strait,101672,124,22,10,0,5,20,59,-391.9665849327359,725.0
20260619,thailand_cambodia_2025,101672,17,10,0,0,1,87,35,-213.26823292950712,73.0
20260619,us_china_chips_2022,101672,155,44,14,1,20,119,59,-4508.472956336213,1267.0
20260619,us_china_tariffs_2025,101672,242,53,16,1,20,4085,23,-4578.9621828641575,1751.0
20260620,china_japan_2025,65394,6,3,1,0,1,146,1,-64.51109688859239,40.0
20260620,china_japan_seafood_2023,65394,6,3,1,0,1,146,4,-64.51109688859239,40.0
20260620,india_pakistan_2025,65394,17,6,3,0,6,616,200,-209.21444055601467,59.0
20260620,israel_iran_2025,65394,743,234,61,0,98,975,703,-42640.301240874265,13343.0
20260620,north_korea,65394,2,1,0,0,1,12,2,2.2123741798069396,14.0
20260620,russia_ukraine_2022,65394,154,106,11,0,72,216,95,-6577.374084152313,1239.0
20260620,south_china_sea_ph,65394,5,2,2,0,0,63,4,11.232483637582721,17.0
20260620,taiwan_strait,65394,79,18,3,0,5,14,32,-1652.9203207056564,612.0
20260620,thailand_cambodia_2025,65394,7,1,1,0,0,34,8,-30.503100829210602,25.0
20260620,us_china_chips_2022,65394,75,12,3,0,4,84,24,-131.40471232850993,308.0
20260620,us_china_tariffs_2025,65394,131,21,5,0,7,2370,20,-1492.415166724546,813.0
20260621,china_japan_2025,60535,7,2,0,0,0,138,5,-92.5202608331667,74.0
20260621,china_japan_seafood_2023,60535,7,2,0,0,0,138,23,-92.5202608331667,74.0
20260621,india_pakistan_2025,60535,9,6,1,0,1,470,211,-260.00653105716736,32.0
20260621,israel_iran_2025,60535,929,242,73,2,82,969,977,-32085.492226095812,14369.0
20260621,north_korea,60535,2,0,0,0,0,0,3,3.125,2.0
20260621,russia_ukraine_2022,60535,222,128,20,0,86,211,69,-7070.038965749667,1501.0
20260621,south_china_sea_ph,60535,3,2,0,0,0,84,2,5.574912891986099,20.0
20260621,taiwan_strait,60535,88,21,8,0,5,7,27,80.28287678996026,571.0
20260621,thailand_cambodia_2025,60535,9,5,0,0,0,25,11,13.763652760613219,27.0
20260621,us_china_chips_2022,60535,61,13,3,0,6,87,20,-190.2810096574047,246.0
20260621,us_china_tariffs_2025,60535,128,30,7,0,7,1674,15,189.77819897876208,613.0
20260622,china_japan_2025,101501,27,9,4,0,4,262,2,-312.91220436751047,144.0
20260622,china_japan_seafood_2023,101501,27,9,4,0,4,262,15,-312.91220436751047,144.0
20260622,india_pakistan_2025,101501,28,17,9,0,12,908,204,-907.4098313242505,227.0
20260622,israel_iran_2025,101501,926,253,101,0,60,939,1058,-16859.489849014873,10709.0
20260622,north_korea,101501,3,1,1,0,1,15,6,-42.561444338657964,6.0
20260622,russia_ukraine_2022,101501,293,179,33,0,118,372,117,-10148.499501110575,1762.0
20260622,south_china_sea_ph,101501,13,12,10,0,6,209,6,-166.67824197386193,43.0
20260622,taiwan_strait,101501,149,66,32,0,15,21,37,-5203.523188125363,2864.0
20260622,thailand_cambodia_2025,101501,24,6,3,0,0,41,16,-317.8232453296936,122.0
20260622,us_china_chips_2022,101501,74,15,2,0,7,176,52,-87.9346187834342,315.0
20260622,us_china_tariffs_2025,101501,210,81,34,0,22,3870,33,-5425.385295917327,3114.0
20260623,china_japan_2025,111576,25,3,1,0,2,295,10,-870.358720508705,389.0
20260623,china_japan_seafood_2023,111576,25,3,1,0,2,295,7,-870.358720508705,389.0
20260623,india_pakistan_2025,111576,27,15,8,0,8,921,296,-384.82038964677275,82.0
20260623,israel_iran_2025,111576,822,201,39,0,82,1036,962,-13741.509663986788,9806.0
20260623,north_korea,111576,40,17,3,0,4,19,35,-443.93463360835847,250.0
20260623,russia_ukraine_2022,111576,243,106,12,0,66,269,103,-5356.799696271363,1305.0
20260623,south_china_sea_ph,111576,18,7,2,0,0,138,6,-37.8001679427897,39.0
20260623,taiwan_strait,111576,154,53,21,0,17,12,41,-1018.5814246642758,1325.0
20260623,thailand_cambodia_2025,111576,9,2,2,0,2,70,21,-125.03408140072153,24.0
20260623,us_china_chips_2022,111576,114,22,14,0,10,181,46,-1316.0611792578482,1077.0
20260623,us_china_tariffs_2025,111576,242,65,35,0,22,4827,39,-2132.312091712649,2293.0
20260624,china_japan_2025,112643,48,30,28,0,24,301,4,-521.1076372473424,191.0
20260624,china_japan_seafood_2023,112643,48,30,28,0,24,301,10,-521.1076372473424,191.0
20260624,india_pakistan_2025,112643,34,16,9,0,14,810,288,-1574.9743645958965,360.0
20260624,israel_iran_2025,112643,879,238,32,0,78,968,882,-25660.753402816845,11922.0
20260624,north_korea,112643,62,9,2,0,5,35,49,-436.33034668674935,316.0
20260624,russia_ukraine_2022,112643,253,129,25,0,76,250,116,-16014.68384324784,2955.0
20260624,south_china_sea_ph,112643,23,17,0,0,7,126,15,-148.90879518066166,70.0
20260624,taiwan_strait,112643,115,33,10,0,9,22,64,-1619.503146384799,973.0
20260624,thailand_cambodia_2025,112643,18,12,0,0,4,42,11,-224.25306837993182,90.0
20260624,us_china_chips_2022,112643,128,31,16,1,8,208,68,-1026.1238500116838,828.0
20260624,us_china_tariffs_2025,112643,222,55,26,1,16,5259,31,-2384.931740565422,1676.0
20260625,china_japan_2025,112441,51,21,11,0,11,293,2,-160.5855950648127,212.0
20260625,china_japan_seafood_2023,112441,51,21,11,0,11,293,6,-160.5855950648127,212.0
20260625,india_pakistan_2025,112441,26,10,3,0,5,722,193,-302.5479288418141,93.0
20260625,israel_iran_2025,112441,798,239,41,0,103,1110,711,-24789.21004907577,9365.0
20260625,north_korea,112441,37,14,5,0,11,18,19,-296.38308078724185,109.0
20260625,russia_ukraine_2022,112441,263,138,25,0,84,223,123,-4653.287070273,1051.0
20260625,south_china_sea_ph,112441,16,8,4,0,0,161,7,-61.256311971488046,43.0
20260625,taiwan_strait,112441,179,61,23,0,21,46,80,-778.6874163220189,1695.0
20260625,thailand_cambodia_2025,112441,15,10,2,0,9,76,17,-1037.2904451496559,222.0
20260625,us_china_chips_2022,112441,154,39,15,0,7,193,60,30.660584066831746,1479.0
20260625,us_china_tariffs_2025,112441,279,84,33,0,27,5100,37,84.01568232920226,2767.0
20260626,china_japan_2025,101114,37,10,0,0,2,228,14,-417.47045366235,217.0
20260626,china_japan_seafood_2023,101114,37,10,0,0,2,228,8,-417.47045366235,217.0
20260626,india_pakistan_2025,101114,10,9,1,0,5,686,142,-248.90654929526332,43.0
20260626,israel_iran_2025,101114,514,182,29,0,81,934,574,-19807.069149876945,7041.0
20260626,north_korea,101114,29,16,0,0,12,29,35,-772.8961344513598,202.0
20260626,russia_ukraine_2022,101114,371,151,22,5,108,264,150,-16867.2286714265,3633.0
20260626,south_china_sea_ph,101114,15,10,0,0,2,76,3,-67.69498103052682,49.0
20260626,taiwan_strait,101114,122,23,4,0,6,31,59,-3182.843026020908,1244.0
20260626,thailand_cambodia_2025,101114,0,0,0,0,0,64,29,0.0,0.0
20260626,us_china_chips_2022,101114,119,40,10,0,12,166,53,-1744.776554599168,868.0
20260626,us_china_tariffs_2025,101114,208,55,12,0,17,4627,64,-4686.378423673947,1962.0
20260627,china_japan_2025,64627,19,12,10,0,10,173,4,-8392.951296159934,1792.0
20260627,china_japan_seafood_2023,64627,19,12,10,0,10,173,5,-8392.951296159934,1792.0
20260627,india_pakistan_2025,64627,12,6,3,0,6,686,217,-51.757616820426925,44.0
20260627,israel_iran_2025,64627,492,193,32,1,90,860,536,-27356.895957985667,6915.0
20260627,north_korea,64627,16,3,0,0,0,1,7,-54.521582883947474,34.0
20260627,russia_ukraine_2022,64627,190,96,8,0,61,190,96,-7636.853517936865,1554.0
20260627,south_china_sea_ph,64627,1,1,1,0,1,60,2,-7.4074074074074,2.0
20260627,taiwan_strait,64627,62,16,10,0,2,8,30,-627.6201515599384,502.0
20260627,thailand_cambodia_2025,64627,6,1,0,0,1,69,8,-19.19085025845574,12.0
20260627,us_china_chips_2022,64627,57,24,14,0,13,129,25,-975.1051458268735,763.0
20260627,us_china_tariffs_2025,64627,109,38,22,0,13,2913,31,-1338.685876809311,1170.0
20260628,china_japan_2025,57589,16,9,0,0,0,163,0,-302.3349856431082,152.0
20260628,china_japan_seafood_2023,57589,16,9,0,0,0,163,4,-302.3349856431082,152.0
20260628,india_pakistan_2025,57589,6,5,3,0,5,748,202,-250.02204779105503,46.0
20260628,israel_iran_2025,57589,485,252,35,0,141,1108,621,-25539.66915826124,6174.0
20260628,north_korea,57589,20,5,0,0,5,5,6,-159.4175618953455,84.0
20260628,russia_ukraine_2022,57589,184,101,12,2,61,221,78,-4634.513551256216,944.0
20260628,south_china_sea_ph,57589,16,9,0,0,0,58,3,-390.58073232973544,71.0
20260628,taiwan_strait,57589,76,22,3,0,8,12,20,-346.40256442127776,307.0
20260628,thailand_cambodia_2025,57589,16,9,1,0,1,87,7,-240.89089779878685,58.0
20260628,us_china_chips_2022,57589,67,23,7,0,7,128,20,-294.3154350814095,235.0
20260628,us_china_tariffs_2025,57589,123,38,10,0,13,2120,10,-337.15960444657486,448.0
20260629,china_japan_2025,96967,70,31,15,0,16,306,5,-1125.297609256328,418.0
20260629,china_japan_seafood_2023,96967,70,31,15,0,16,306,9,-1125.297609256328,418.0
20260629,india_pakistan_2025,96967,21,11,7,0,10,1201,346,-711.1430742535696,87.0
20260629,israel_iran_2025,96967,588,207,33,0,115,1148,598,-16125.42008302748,4987.0
20260629,north_korea,96967,27,9,2,0,4,11,14,-328.8117582446994,136.0
20260629,russia_ukraine_2022,96967,296,155,15,0,97,276,153,-9011.745585132263,1852.0
20260629,south_china_sea_ph,96967,10,2,0,0,0,128,12,-43.16344791542518,44.0
20260629,taiwan_strait,96967,159,44,21,0,15,27,64,-698.3094447896234,988.0
20260629,thailand_cambodia_2025,96967,16,1,0,0,0,115,14,-42.0569761777698,46.0
20260629,us_china_chips_2022,96967,126,29,12,0,9,206,95,-499.1421036443,687.0
20260629,us_china_tariffs_2025,96967,246,59,27,0,19,3974,31,-753.5990685308832,1446.0
20260630,china_japan_2025,106173,43,12,0,0,5,290,13,-288.4193177438761,225.0
20260630,china_japan_seafood_2023,106173,43,12,0,0,5,290,13,-288.4193177438761,225.0
20260630,india_pakistan_2025,106173,19,14,1,0,4,1023,288,-405.520315161149,58.0
20260630,israel_iran_2025,106173,540,186,32,0,87,1006,454,-15173.364032637017,6038.0
20260630,north_korea,106173,15,5,0,0,3,8,11,-14.72692414220521,46.0
20260630,russia_ukraine_2022,106173,293,135,36,0,68,287,132,-20176.698137407595,3905.0
20260630,south_china_sea_ph,106173,9,3,0,0,0,118,5,-185.86593418489872,65.0
20260630,taiwan_strait,106173,188,64,28,0,22,25,57,-2368.008692994541,1551.0
20260630,thailand_cambodia_2025,106173,27,13,0,0,6,122,10,-382.3328000157807,104.0
20260630,us_china_chips_2022,106173,174,45,26,0,15,205,63,-1991.2685247338513,1516.0
20260630,us_china_tariffs_2025,106173,324,96,54,0,34,4841,40,-4000.571611335202,2893.0
20260701,china_japan_2025,107200,35,9,5,0,4,233,30,-501.26008801622413,182.0
20260701,china_japan_seafood_2023,107200,35,9,5,0,4,233,12,-501.26008801622413,182.0
20260701,india_pakistan_2025,107200,52,22,9,0,6,866,260,-1123.6972502732037,367.0
20260701,israel_iran_2025,107200,534,208,43,0,93,933,522,-18200.02509377268,9011.0
20260701,north_korea,107200,9,3,1,0,0,7,12,-38.75217991886272,24.0
20260701,russia_ukraine_2022,107200,286,172,11,1,124,326,122,-7479.913595836308,2241.0
20260701,south_china_sea_ph,107200,15,9,1,0,2,119,3,-196.82809730744987,57.0
20260701,taiwan_strait,107200,235,47,24,0,14,21,58,-1010.8183514332072,1268.0
20260701,thailand_cambodia_2025,107200,9,4,3,0,3,105,10,-171.20812878768567,45.0
20260701,us_china_chips_2022,107200,164,43,14,0,11,178,74,-1025.829939113149,1085.0
20260701,us_china_tariffs_2025,107200,335,67,21,0,19,5439,42,-1345.8432332948132,2003.0
20260702,china_japan_2025,107751,35,11,3,0,1,233,73,-295.18683399002435,133.0
20260702,china_japan_seafood_2023,107751,35,11,3,0,1,233,13,-295.18683399002435,133.0
20260702,india_pakistan_2025,107751,69,45,12,0,12,824,214,-1153.8623879479733,434.0
20260702,israel_iran_2025,107751,505,181,25,0,96,992,442,-26836.798176587276,11853.0
20260702,north_korea,107751,12,3,0,0,0,4,6,-108.71444940565874,52.0
20260702,russia_ukraine_2022,107751,615,439,91,0,295,494,206,-75442.1213211193,10147.0
20260702,south_china_sea_ph,107751,3,0,0,0,0,131,6,326.086956521739,60.0
20260702,taiwan_strait,107751,169,39,21,0,10,42,79,-956.5775476874422,1267.0
20260702,thailand_cambodia_2025,107751,9,1,0,0,0,135,10,7.908137419805394,27.0
20260702,us_china_chips_2022,107751,164,29,7,0,3,164,61,47.79650090435706,921.0
20260702,us_china_tariffs_2025,107751,273,51,20,0,8,4901,28,88.98602229907567,1735.0
20260703,china_japan_2025,96782,22,12,1,0,0,211,20,-45.50996924522301,229.0
20260703,china_japan_seafood_2023,96782,22,12,1,0,0,211,3,-45.50996924522301,229.0
20260703,india_pakistan_2025,96782,17,16,13,0,11,836,292,-364.83018865521467,52.0
20260703,israel_iran_2025,96782,499,231,45,0,154,1001,429,-24350.772323182417,6515.0
20260703,north_korea,96782,19,5,2,0,2,6,4,-187.0878874030275,85.0
20260703,russia_ukraine_2022,96782,441,263,45,0,176,405,157,-23547.45576462424,3678.0
20260703,south_china_sea_ph,96782,12,5,1,0,1,110,6,-167.02111282143778,75.0
20260703,taiwan_strait,96782,164,29,11,2,4,21,55,-3463.9381855434813,1293.0
20260703,thailand_cambodia_2025,96782,26,14,3,0,14,99,13,-158.79560646267106,70.0
20260703,us_china_chips_2022,96782,119,24,12,0,4,146,54,-1583.5549018137795,973.0
20260703,us_china_tariffs_2025,96782,231,41,18,0,6,3843,30,-3826.136838100915,1907.0
20260704,china_japan_2025,62816,19,1,1,0,0,122,2,-191.01858532990184,128.0
20260704,china_japan_seafood_2023,62816,19,1,1,0,0,122,8,-191.01858532990184,128.0
20260704,india_pakistan_2025,62816,25,17,8,0,10,692,222,-589.908611424358,105.0
20260704,israel_iran_2025,62816,428,184,20,0,135,655,369,-33575.55913793392,8659.0
20260704,north_korea,62816,7,0,0,0,0,3,2,6.76229508196726,11.0
20260704,russia_ukraine_2022,62816,330,190,32,2,138,273,110,-10975.088200415088,2612.0
20260704,south_china_sea_ph,62816,2,2,0,0,2,47,1,-13.664596273292,10.0
20260704,taiwan_strait,62816,81,17,7,0,7,7,60,-531.060865273572,362.0
20260704,thailand_cambodia_2025,62816,8,7,0,0,0,50,4,-39.312861051991504,30.0
20260704,us_china_chips_2022,62816,35,4,0,0,2,91,25,-21.875230037760005,131.0
20260704,us_china_tariffs_2025,62816,81,11,3,0,7,2289,13,-221.1322092841272,303.0
20260705,china_japan_2025,53913,19,11,4,0,2,212,1,-843.1837938283229,144.0
20260705,china_japan_seafood_2023,53913,19,11,4,0,2,212,5,-843.1837938283229,144.0
20260705,india_pakistan_2025,53913,11,3,1,0,1,589,163,-197.89406892016305,28.0
20260705,israel_iran_2025,53913,394,154,22,0,103,814,279,-10589.129491533911,5038.0
20260705,north_korea,53913,12,7,5,0,2,16,16,-114.68247644227726,64.0
20260705,russia_ukraine_2022,53913,402,175,25,0,105,224,105,-17698.73023442321,5516.0
20260705,south_china_sea_ph,53913,6,4,2,0,2,80,3,-31.23815713286605,23.0
20260705,taiwan_strait,53913,102,35,19,0,18,6,57,-1549.8419106301935,1335.0
20260705,thailand_cambodia_2025,53913,2,0,0,0,0,26,6,-34.50980392156864,4.0
20260705,us_china_chips_2022,53913,82,20,9,0,6,135,30,-362.800558685578,756.0
20260705,us_china_tariffs_2025,53913,158,45,25,0,21,2187,13,-768.5751464008423,1660.0
20260706,china_japan_2025,95870,52,18,6,0,9,435,0,-816.5814198698072,233.0
20260706,china_japan_seafood_2023,95870,52,18,6,0,9,435,11,-816.5814198698072,233.0
20260706,india_pakistan_2025,95870,39,19,10,0,11,945,238,-274.41217987777515,110.0
20260706,israel_iran_2025,95870,391,165,23,0,94,989,352,-14011.34765999829,3903.0
20260706,north_korea,95870,7,0,0,0,0,15,10,-77.79118385552296,20.0
20260706,russia_ukraine_2022,95870,644,364,61,0,236,558,216,-61809.6137543995,10310.0
20260706,south_china_sea_ph,95870,4,0,0,0,0,154,5,-42.5385934819896,12.0
20260706,taiwan_strait,95870,157,36,16,0,20,33,55,-3790.367741185526,960.0
20260706,thailand_cambodia_2025,95870,27,2,0,0,2,39,10,-119.2218063696066,93.0
20260706,us_china_chips_2022,95870,139,27,11,0,9,371,51,-1019.7280317004936,564.0
20260706,us_china_tariffs_2025,95870,277,56,25,0,28,4075,28,-4406.028184553213,1375.0
20260707,china_japan_2025,111529,67,30,8,0,13,519,11,-4397.741193252559,1126.0
20260707,china_japan_seafood_2023,111529,67,30,8,0,13,519,8,-4397.741193252559,1126.0
20260707,india_pakistan_2025,111529,28,20,5,0,7,1028,236,-606.2798795603381,126.0
20260707,israel_iran_2025,111529,482,205,39,0,119,1017,494,-27190.10232899651,6883.0
20260707,north_korea,111529,7,2,0,0,1,6,11,-115.47690342580724,35.0
20260707,russia_ukraine_2022,111529,468,218,25,0,152,555,224,-12080.986442723246,3636.0
20260707,south_china_sea_ph,111529,15,12,1,0,6,112,8,-212.8069310693859,59.0
20260707,taiwan_strait,111529,248,72,28,0,38,57,58,-4176.549695206127,1834.0
20260707,thailand_cambodia_2025,111529,28,4,0,0,2,58,17,-378.08820230360294,100.0
20260707,us_china_chips_2022,111529,206,63,13,0,33,432,46,-2850.4454407072963,1497.0
20260707,us_china_tariffs_2025,111529,404,122,34,0,63,4892,37,-6472.642265184583,3045.0
20260708,china_japan_2025,119521,56,8,0,0,0,400,1,-6204.419146325739,988.0
20260708,china_japan_seafood_2023,119521,56,8,0,0,0,400,13,-6204.419146325739,988.0
20260708,india_pakistan_2025,119521,11,4,0,0,3,1213,311,-78.62631466225194,23.0
20260708,israel_iran_2025,119521,912,476,89,0,224,1586,1200,-64191.62772486702,16229.0
20260708,north_korea,119521,11,4,3,0,2,4,1,-41.916971676267316,26.0
20260708,russia_ukraine_2022,119521,435,262,40,0,183,440,262,-39171.81416057364,6549.0
20260708,south_china_sea_ph,119521,17,9,0,0,2,97,14,-305.65981676360167,99.0
20260708,taiwan_strait,119521,243,55,23,0,25,28,40,-2939.1572561114167,3249.0
20260708,thailand_cambodia_2025,119521,16,8,0,0,4,44,10,-69.44932651187938,34.0
20260708,us_china_chips_2022,119521,168,34,14,0,17,306,69,-2793.5474868159927,3639.0
20260708,us_china_tariffs_2025,119521,352,74,34,0,39,5552,32,-5369.19436836698,6553.0
20260709,china_japan_2025,112712,50,20,3,0,5,321,0,-567.6781214392474,295.0
20260709,china_japan_seafood_2023,112712,50,20,3,0,5,321,10,-567.6781214392474,295.0
20260709,india_pakistan_2025,112712,10,2,0,0,1,973,199,-99.64690120426982,29.0
20260709,israel_iran_2025,112712,838,423,73,0,247,1698,933,-58244.52124654345,14265.0
20260709,north_korea,112712,26,13,4,0,0,8,14,-233.05125175088727,69.0
20260709,russia_ukraine_2022,112712,300,142,20,0,103,301,177,-7536.642891704218,2328.0
20260709,south_china_sea_ph,112712,31,18,1,0,1,85,9,-484.18178892246897,249.0
20260709,taiwan_strait,112712,235,66,20,0,19,23,67,-3091.41320368362,1365.0
20260709,thailand_cambodia_2025,112712,12,3,2,0,0,38,11,72.56000866761842,23.0
20260709,us_china_chips_2022,112712,151,30,17,0,11,248,51,-613.7264409842285,790.0
20260709,us_china_tariffs_2025,112712,338,80,35,0,28,5348,33,-2356.6709568157144,1809.0
20260710,china_japan_2025,105258,21,2,2,0,0,325,0,-266.4613487224282,80.0
20260710,china_japan_seafood_2023,105258,21,2,2,0,0,325,7,-266.4613487224282,80.0
20260710,india_pakistan_2025,105258,13,5,3,0,3,927,205,-819.816834021083,134.0
20260710,israel_iran_2025,105258,871,417,69,0,234,1455,674,-44236.587313817654,10354.0
20260710,north_korea,105258,34,14,2,0,1,8,19,-58.36081841161302,186.0
20260710,russia_ukraine_2022,105258,297,107,24,0,72,311,119,-4020.6005316491237,1262.0
20260710,south_china_sea_ph,105258,44,13,2,0,1,75,16,-570.4219726531962,263.0
20260710,taiwan_strait,105258,181,39,13,0,15,23,48,-1095.3651682636198,970.0
20260710,thailand_cambodia_2025,105258,7,2,2,0,0,38,10,-23.70202429149797,17.0
20260710,us_china_chips_2022,105258,166,44,18,0,11,272,38,-1015.6185283822094,818.0
20260710,us_china_tariffs_2025,105258,308,72,24,0,21,5339,28,-1104.2996192297894,1489.0
20260711,china_japan_2025,68966,10,6,4,0,2,133,0,-116.61956105443355,33.0
20260711,china_japan_seafood_2023,68966,10,6,4,0,2,133,3,-116.61956105443355,33.0
20260711,india_pakistan_2025,68966,26,15,8,0,13,684,208,-412.9239165479376,64.0
20260711,israel_iran_2025,68966,597,257,40,0,134,1019,549,-36043.703346451526,9901.0
20260711,north_korea,68966,10,3,0,0,0,1,15,14.590534270407806,41.0
20260711,russia_ukraine_2022,68966,229,143,19,0,111,236,105,-38105.840020112926,5355.0
20260711,south_china_sea_ph,68966,23,7,2,0,7,79,11,-361.84884460897626,140.0
20260711,taiwan_strait,68966,93,23,4,0,8,6,36,-1526.5795159199538,572.0
20260711,thailand_cambodia_2025,68966,21,12,0,0,5,38,6,-311.4932595581279,82.0
20260711,us_china_chips_2022,68966,57,12,4,0,3,99,32,-1089.1662974472076,329.0
20260711,us_china_tariffs_2025,68966,110,29,7,0,6,3053,20,-2245.964870477888,731.0
20260712,china_japan_2025,59188,15,8,0,0,0,164,0,-635.2209234276387,231.0
20260712,china_japan_seafood_2023,59188,15,8,0,0,0,164,2,-635.2209234276387,231.0
20260712,india_pakistan_2025,59188,15,11,5,0,8,745,148,-425.59265235586304,79.0
20260712,israel_iran_2025,59188,557,291,41,0,167,1445,639,-26169.73574091978,6486.0
20260712,north_korea,59188,7,1,0,0,0,12,8,-148.03794338695127,43.0
20260712,russia_ukraine_2022,59188,274,113,23,0,69,228,113,-6087.885081101561,2793.0
20260712,south_china_sea_ph,59188,30,9,2,0,2,42,44,-61.537584422352474,97.0
20260712,taiwan_strait,59188,92,30,14,0,14,19,20,-742.6950761485178,484.0
20260712,thailand_cambodia_2025,59188,6,0,0,0,0,55,4,-65.33926070428171,30.0
20260712,us_china_chips_2022,59188,70,31,12,0,15,124,17,-5572.068904491889,1389.0
20260712,us_china_tariffs_2025,59188,143,53,22,0,22,2118,19,-5954.022224151996,1685.0
20260713,china_japan_2025,104176,44,26,2,0,5,265,1,-1332.3266989461113,416.0
20260713,china_japan_seafood_2023,104176,44,26,2,0,5,265,6,-1332.3266989461113,416.0
20260713,india_pakistan_2025,104176,13,8,1,0,3,954,197,-260.0839330259629,55.0
20260713,israel_iran_2025,104176,697,337,55,0,201,1670,903,-59561.64841041288,11682.0
20260713,north_korea,104176,14,9,5,0,4,14,10,-92.56893535196244,45.0
20260713,russia_ukraine_2022,104176,372,125,22,1,80,326,183,-9658.743409168117,3417.0
20260713,south_china_sea_ph,104176,33,16,0,0,5,87,37,-47.326878209118476,137.0
20260713,taiwan_strait,104176,141,25,10,0,16,13,20,-917.2984433314552,933.0
20260713,thailand_cambodia_2025,104176,6,1,0,0,0,75,10,-21.898012211452986,33.0
20260713,us_china_chips_2022,104176,126,48,13,0,20,185,59,-1075.3543487008724,1012.0
20260713,us_china_tariffs_2025,104176,226,62,22,0,29,4630,25,-1566.6244592551247,1709.0
20260714,china_japan_2025,113515,44,29,0,0,0,238,0,-255.36656523016813,230.0
20260714,china_japan_seafood_2023,113515,44,29,0,0,0,238,9,-255.36656523016813,230.0
20260714,india_pakistan_2025,113515,46,23,3,0,13,1140,259,-1627.3294460674697,228.0
20260714,israel_iran_2025,113515,792,442,105,0,244,1685,983,-66102.13283127299,15404.0
20260714,north_korea,113515,10,2,0,0,0,2,10,52.69569140536876,31.0
20260714,russia_ukraine_2022,113515,365,158,20,0,96,353,189,-9151.21946476532,5659.0
20260714,south_china_sea_ph,113515,18,3,1,0,0,95,27,-135.12803451455588,63.0
20260714,taiwan_strait,113515,147,46,29,0,29,19,54,-809.0864822283204,1607.0
20260714,thailand_cambodia_2025,113515,39,5,0,0,0,67,13,87.49535467815936,127.0
20260714,us_china_chips_2022,113515,108,40,12,0,23,182,46,-703.4064351144806,1002.0
20260714,us_china_tariffs_2025,113515,232,75,40,0,50,5229,43,-1598.1797412918584,2504.0
20260715,china_japan_2025,114246,16,1,0,0,0,310,0,-48.467811541977824,57.0
20260715,china_japan_seafood_2023,114246,16,1,0,0,0,310,11,-48.467811541977824,57.0
20260715,india_pakistan_2025,114246,16,5,0,0,1,1005,200,-262.2741493127458,63.0
20260715,israel_iran_2025,114246,683,354,100,0,179,1614,774,-43750.96755759651,10076.0
20260715,north_korea,114246,17,11,2,0,7,12,9,-193.82952928025082,54.0
20260715,russia_ukraine_2022,114246,364,171,53,0,101,300,178,-9856.91385174561,4265.0
20260715,south_china_sea_ph,114246,2,1,0,0,0,94,14,27.73140220700152,14.0
20260715,taiwan_strait,114246,179,75,37,0,28,30,49,-2460.8261656297145,1071.0
20260715,thailand_cambodia_2025,114246,23,2,0,0,2,67,15,-235.8042386460034,74.0
20260715,us_china_chips_2022,114246,101,22,6,0,9,216,65,-1436.560186146325,602.0
20260715,us_china_tariffs_2025,114246,232,76,34,0,31,5563,63,-3488.0074852887924,1414.0
20260716,china_japan_2025,113051,21,4,0,0,2,297,0,-383.26779514757106,159.0
20260716,china_japan_seafood_2023,113051,21,4,0,0,2,297,6,-383.26779514757106,159.0
20260716,india_pakistan_2025,113051,34,21,3,0,4,798,267,-572.4959709629103,99.0
20260716,israel_iran_2025,113051,804,368,89,0,212,1624,782,-97674.72169338742,20177.0
20260716,north_korea,113051,15,4,0,0,1,8,23,264.0683377169178,91.0
20260716,russia_ukraine_2022,113051,363,188,35,0,120,356,253,-10674.670287484603,3221.0
20260716,south_china_sea_ph,113051,18,6,0,0,4,81,11,-163.0648226314102,75.0
20260716,taiwan_strait,113051,216,95,43,0,22,37,61,-2931.5534382109695,1623.0
20260716,thailand_cambodia_2025,113051,68,8,0,0,1,46,12,-102.77861024014895,222.0
20260716,us_china_chips_2022,113051,149,36,17,1,12,214,75,-795.9659116193008,628.0
20260716,us_china_tariffs_2025,113051,302,89,29,1,23,5451,97,-3220.332645321314,1902.0
20260717,china_japan_2025,103847,20,5,4,0,0,354,1,-238.2353362386743,114.0
20260717,china_japan_seafood_2023,103847,20,5,4,0,0,354,12,-238.2353362386743,114.0
20260717,india_pakistan_2025,103847,20,15,6,0,10,816,251,-5427.924152038568,684.0
20260717,israel_iran_2025,103847,553,248,34,1,161,1496,681,-37061.374422643756,7960.0
20260717,north_korea,103847,22,14,9,0,6,12,16,-227.343421745513,105.0
20260717,russia_ukraine_2022,103847,310,156,26,0,85,330,135,-16620.984140470333,3794.0
20260717,south_china_sea_ph,103847,15,8,4,0,3,65,4,-490.1151072641809,90.0
20260717,taiwan_strait,103847,410,95,34,0,29,27,69,-15475.759601343689,5042.0
20260717,thailand_cambodia_2025,103847,41,11,0,0,3,50,15,87.6580275817671,190.0
20260717,us_china_chips_2022,103847,351,100,29,0,18,256,44,-17751.823459005627,5301.0
20260717,us_china_tariffs_2025,103847,708,174,52,0,44,4929,78,-32047.779027951045,9900.0
20260718,china_japan_2025,63994,19,3,0,0,0,147,0,-129.33694852630558,67.0
20260718,china_japan_seafood_2023,63994,19,3,0,0,0,147,5,-129.33694852630558,67.0
20260718,india_pakistan_2025,63994,24,3,1,0,1,647,203,16.390119375524236,68.0
20260718,israel_iran_2025,63994,430,193,32,0,116,1355,618,-39486.83823587444,7716.0
20260718,north_korea,63994,5,2,2,0,0,4,1,39.755544659430306,80.0
20260718,russia_ukraine_2022,63994,161,112,12,0,78,300,75,-17055.03869520757,3010.0
20260718,south_china_sea_ph,63994,22,7,4,0,6,57,6,-190.18412095305126,76.0
20260718,taiwan_strait,63994,147,33,16,1,12,12,43,-1672.9923946587483,1035.0
20260718,thailand_cambodia_2025,63994,22,6,0,0,0,43,7,-173.4549279945784,80.0
20260718,us_china_chips_2022,63994,119,36,14,0,13,112,14,-813.319996730643,704.0
20260718,us_china_tariffs_2025,63994,248,64,28,1,22,3023,52,-2441.9949139474006,1679.0
20260719,china_japan_2025,55356,12,7,3,0,1,96,0,-52.64195993148626,34.0
20260719,china_japan_seafood_2023,55356,12,7,3,0,1,96,6,-52.64195993148626,34.0
20260719,india_pakistan_2025,55356,22,4,1,0,1,606,147,71.9637698510124,72.0
20260719,israel_iran_2025,55356,506,288,72,0,169,1593,641,-37264.80426007173,6333.0
20260719,north_korea,55356,2,0,0,0,0,3,7,8.72560275545348,4.0
20260719,russia_ukraine_2022,55356,198,149,16,0,121,265,70,-33424.50556167019,5602.0
20260719,south_china_sea_ph,55356,1,1,1,0,1,39,2,-13.22314049586784,8.0
20260719,taiwan_strait,55356,133,23,4,0,4,12,33,-1521.2684632133432,1457.0
20260719,thailand_cambodia_2025,55356,14,0,0,0,0,29,11,-16.226415094339593,80.0
20260719,us_china_chips_2022,55356,88,14,0,0,6,71,27,-575.475295751636,1201.0
20260719,us_china_tariffs_2025,55356,195,34,2,0,10,2150,19,-1638.4395135630266,2518.0
20260720,china_japan_2025,94685,12,6,3,0,0,213,2,-149.45015489162952,83.0
20260720,china_japan_seafood_2023,94685,12,6,3,0,0,213,5,-149.45015489162952,83.0
20260720,india_pakistan_2025,94685,28,12,6,1,3,942,207,-499.6938461794229,93.0
20260720,israel_iran_2025,94685,601,339,73,0,191,1759,802,-67828.15481482609,12546.0
20260720,north_korea,94685,16,4,0,0,4,3,26,114.81374433591331,94.0
20260720,russia_ukraine_2022,94685,347,212,26,3,165,344,146,-13659.696595765818,3221.0
20260720,south_china_sea_ph,94685,103,47,5,0,20,124,24,-3764.1825187171503,685.0
20260720,taiwan_strait,94685,190,34,8,0,15,17,45,-1400.135792857914,840.0
20260720,thailand_cambodia_2025,94685,33,2,0,0,0,38,14,-525.3300359209967,164.0
20260720,us_china_chips_2022,94685,159,37,14,1,18,176,39,-1478.869591313097,625.0
20260720,us_china_tariffs_2025,94685,309,62,22,1,32,4348,35,-2222.892471387921,1138.0
20260721,china_japan_2025,111896,117,56,0,0,17,358,3,-1727.4919205246829,489.0
20260721,china_japan_seafood_2023,111896,117,56,0,0,17,358,6,-1727.4919205246829,489.0
20260721,india_pakistan_2025,111896,21,8,6,0,6,1155,245,-266.0656894556467,58.0
20260721,israel_iran_2025,111896,699,319,56,0,201,1687,841,-54870.73280239609,10677.0
20260721,north_korea,111896,17,7,1,0,6,8,23,332.2751102298585,124.0
20260721,russia_ukraine_2022,111896,296,135,20,0,78,319,187,-14305.353449710581,3161.0
20260721,south_china_sea_ph,111896,211,85,6,0,30,163,43,-13527.397615257849,2814.0
20260721,taiwan_strait,111896,192,41,14,0,13,22,48,-1870.840131817377,989.0
20260721,thailand_cambodia_2025,111896,24,8,0,0,0,51,9,138.94450775444602,104.0
20260721,us_china_chips_2022,111896,217,63,16,2,22,281,52,-2503.7809436158855,1044.0
20260721,us_china_tariffs_2025,111896,378,93,25,2,28,4902,127,-3937.928307433849,1853.0
20260722,china_japan_2025,120425,38,19,3,0,3,305,2,-828.744740532678,201.0
20260722,china_japan_seafood_2023,120425,38,19,3,0,3,305,8,-828.744740532678,201.0
20260722,india_pakistan_2025,120425,14,10,3,0,9,1250,239,-224.57599152373314,47.0
20260722,israel_iran_2025,120425,819,412,87,0,235,2019,961,-67670.10130067266,15252.0
20260722,north_korea,120425,22,2,0,0,1,8,9,-135.78832268385827,62.0
20260722,russia_ukraine_2022,120425,387,192,27,0,112,376,208,-10413.322770289744,2460.0
20260722,south_china_sea_ph,120425,171,59,2,0,7,106,39,-5349.098701032628,2948.0
20260722,taiwan_strait,120425,212,68,23,0,29,34,43,-1242.6943186706012,1102.0
20260722,thailand_cambodia_2025,120425,37,11,0,0,2,62,18,-743.7765290709988,162.0
20260722,us_china_chips_2022,120425,189,75,28,0,23,259,44,-1091.257247352237,880.0
20260722,us_china_tariffs_2025,120425,369,128,50,0,50,5449,185,-2263.665718112751,1752.0
20260723,china_japan_2025,114552,26,8,0,0,1,308,6,-67.74529032820055,116.0
20260723,china_japan_seafood_2023,114552,26,8,0,0,1,308,4,-67.74529032820055,116.0
20260723,india_pakistan_2025,114552,19,7,1,0,1,1083,218,-145.48485086974455,54.0
20260723,israel_iran_2025,114552,716,388,78,0,215,1761,755,-33099.11178111333,9184.0
20260723,north_korea,114552,13,5,0,0,1,7,12,5.875897373456077,90.0
20260723,russia_ukraine_2022,114552,415,162,39,2,90,294,207,-11254.486756876002,2980.0
20260723,south_china_sea_ph,114552,196,80,13,0,37,190,25,-7461.028686141819,1850.0
20260723,taiwan_strait,114552,192,49,22,0,15,60,57,3098.051051541573,1893.0
20260723,thailand_cambodia_2025,114552,34,17,0,0,9,123,22,-250.58616454990306,104.0
20260723,us_china_chips_2022,114552,180,61,22,2,17,257,44,3707.6256672023615,1681.0
20260723,us_china_tariffs_2025,114552,321,96,42,2,27,5503,132,7144.183659953063,3268.0
20260724,china_japan_2025,113191,31,10,4,0,3,364,2,-297.4006407957597,208.0
20260724,china_japan_seafood_2023,113191,31,10,4,0,3,364,6,-297.4006407957597,208.0
20260724,india_pakistan_2025,113191,11,8,2,0,2,986,223,-234.7246750375895,43.0
20260724,israel_iran_2025,113191,658,303,63,0,169,1916,704,-42019.90111875557,9088.0
20260724,north_korea,113191,17,5,0,0,0,11,12,-7.316719182766463,72.0
20260724,russia_ukraine_2022,113191,369,212,28,0,148,430,181,-11793.142695662604,2903.0
20260724,south_china_sea_ph,113191,167,94,7,0,44,137,27,-12422.46247672779,2818.0
20260724,taiwan_strait,113191,252,73,34,0,25,19,49,-2770.7395997621898,1511.0
20260724,thailand_cambodia_2025,113191,30,9,1,0,5,86,19,-258.3946898268117,122.0
20260724,us_china_chips_2022,113191,279,86,32,0,28,281,48,-1836.9124424654565,1551.0
20260724,us_china_tariffs_2025,113191,497,138,60,0,49,5407,429,-4202.760789569654,2807.0
20260725,china_japan_2025,70229,15,7,0,0,0,200,0,4.125514715310651,53.0
20260725,china_japan_seafood_2023,70229,15,7,0,0,0,200,6,4.125514715310651,53.0
20260725,india_pakistan_2025,70229,6,2,2,0,2,983,192,-82.87522458817348,34.0
20260725,israel_iran_2025,70229,356,129,25,0,74,1273,419,-12088.506402450606,2833.0
20260725,north_korea,70229,3,3,0,0,3,21,8,-0.61855670103096,6.0
20260725,russia_ukraine_2022,70229,328,181,20,0,117,341,137,-7102.373992785189,2612.0
20260725,south_china_sea_ph,70229,32,14,0,0,4,54,5,-382.32712998302736,173.0
20260725,taiwan_strait,70229,130,37,21,3,20,5,27,-1064.7367948599624,465.0
20260725,thailand_cambodia_2025,70229,8,6,0,0,6,34,4,-7.014331936048681,24.0
20260725,us_china_chips_2022,70229,110,34,17,0,3,170,30,-943.8618026350952,485.0
20260725,us_china_tariffs_2025,70229,213,61,33,1,18,3094,109,-1916.629711715443,867.0
20260726,china_japan_2025,60296,16,0,0,0,0,181,0,-119.48179610010972,61.0
20260726,china_japan_seafood_2023,60296,16,0,0,0,0,181,5,-119.48179610010972,61.0
20260726,india_pakistan_2025,60296,21,3,0,0,0,725,142,-444.4416185641879,116.0
20260726,israel_iran_2025,60296,515,180,32,0,92,1254,527,-34850.399208007795,8465.0
20260726,north_korea,60296,1,0,0,0,0,25,16,4.69404861693208,4.0
20260726,russia_ukraine_2022,60296,336,200,10,0,124,320,172,-23641.296051643014,4021.0
20260726,south_china_sea_ph,60296,38,17,0,0,3,72,33,-496.09443308037027,178.0
20260726,taiwan_strait,60296,96,26,8,0,17,12,13,-327.3405292069041,501.0
20260726,thailand_cambodia_2025,60296,8,4,0,0,4,21,8,-67.6088052879594,40.0
20260726,us_china_chips_2022,60296,73,18,9,0,3,132,26,-167.54059556243973,276.0
20260726,us_china_tariffs_2025,60296,148,34,17,0,13,2119,61,-296.26764215422185,645.0
20260727,china_japan_2025,98966,21,10,2,0,4,244,1,-252.25183688640408,160.0
20260727,china_japan_seafood_2023,98966,21,10,2,0,4,244,9,-252.25183688640408,160.0
20260727,india_pakistan_2025,98966,17,5,1,0,1,869,232,-534.6969971439606,102.0
20260727,israel_iran_2025,98966,767,273,44,0,129,1318,692,-46667.720531611114,11275.0
20260727,north_korea,98966,19,10,4,0,6,42,20,-66.08345053058379,86.0
20260727,russia_ukraine_2022,98966,317,147,19,1,126,380,220,-13166.883188786935,2791.0
20260727,south_china_sea_ph,98966,39,17,1,0,0,96,15,-238.73553233735564,146.0
20260727,taiwan_strait,98966,118,24,6,0,8,11,36,-964.6430111269972,689.0
20260727,thailand_cambodia_2025,98966,3,1,0,0,1,66,11,-91.2343470483006,30.0
20260727,us_china_chips_2022,98966,141,47,23,0,16,191,47,-2025.3489244624225,1160.0
20260727,us_china_tariffs_2025,98966,240,63,28,0,19,4194,106,-2813.6581438441976,1667.0
20260728,china_japan_2025,114737,35,7,6,0,6,284,5,-997.4339331547842,197.0
20260728,china_japan_seafood_2023,114737,35,7,6,0,6,284,9,-997.4339331547842,197.0
20260728,india_pakistan_2025,114737,24,9,2,0,1,930,246,-475.1221572555644,77.0
20260728,israel_iran_2025,114737,969,274,55,0,124,1296,707,-21524.53067974694,8812.0
20260728,north_korea,114737,20,2,0,0,2,9,15,-308.7501965008437,82.0
20260728,russia_ukraine_2022,114737,461,184,34,0,124,354,223,-10634.683582041891,3996.0
20260728,south_china_sea_ph,114737,36,14,0,0,6,68,13,-354.2223509871351,170.0
20260728,taiwan_strait,114737,129,24,11,0,12,24,65,-900.1136169792487,804.0
20260728,thailand_cambodia_2025,114737,19,2,0,0,2,61,13,-173.43539422018384,82.0
20260728,us_china_chips_2022,114737,145,54,22,0,12,197,68,-2289.088546588717,897.0
20260728,us_china_tariffs_2025,114737,247,70,29,0,20,5146,84,-2800.775798601586,1508.0
20260729,china_japan_2025,112429,20,9,6,0,2,337,6,-10.788645957761862,88.0
20260729,china_japan_seafood_2023,112429,20,9,6,0,2,337,15,-10.788645957761862,88.0
20260729,india_pakistan_2025,112429,36,20,13,0,13,983,247,-1365.7075945972656,169.0
20260729,israel_iran_2025,112429,639,283,57,0,154,1469,840,-23604.616961412255,6543.0
20260729,north_korea,112429,7,0,0,0,0,13,11,-165.45083769301553,50.0
20260729,russia_ukraine_2022,112429,441,186,27,0,120,345,185,-10512.401479506536,2983.0
20260729,south_china_sea_ph,112429,22,5,1,0,1,42,8,-146.308504816322,64.0
20260729,taiwan_strait,112429,262,84,22,0,17,23,63,-8118.768724145422,4929.0
20260729,thailand_cambodia_2025,112429,11,5,4,0,5,87,13,-142.36913471195197,37.0
20260729,us_china_chips_2022,112429,257,88,43,0,32,237,64,-6186.964350797175,2051.0
20260729,us_china_tariffs_2025,112429,470,159,62,0,43,5534,76,-11544.660208621153,4824.0
20260730,china_japan_2025,113149,10,5,2,0,4,354,2,-484.0145259849543,90.0
20260730,china_japan_seafood_2023,113149,10,5,2,0,4,354,16,-484.0145259849543,90.0
20260730,india_pakistan_2025,113149,10,4,0,0,0,988,275,-691.7488960257517,111.0
20260730,israel_iran_2025,113149,669,306,56,0,189,1826,766,-30271.65188212598,7812.0
20260730,north_korea,113149,4,0,0,0,0,11,14,3.83009770333714,9.0
20260730,russia_ukraine_2022,113149,461,275,51,2,182,498,218,-34142.17597155323,6219.0
20260730,south_china_sea_ph,113149,21,10,0,0,4,98,11,-161.640797344832,87.0
20260730,taiwan_strait,113149,172,65,34,0,17,37,52,-2017.4706364203216,852.0
20260730,thailand_cambodia_2025,113149,9,2,0,0,0,65,15,124.85513373184709,22.0
20260730,us_china_chips_2022,113149,171,42,19,0,17,268,67,-2360.5173860475998,901.0
20260730,us_china_tariffs_2025,113149,326,100,47,0,29,5734,66,-4198.802351070408,1648.0
20260731,china_japan_2025,107367,41,8,2,0,4,301,1,-296.21596960846057,336.0
20260731,china_japan_seafood_2023,107367,41,8,2,0,4,301,10,-296.21596960846057,336.0
20260731,india_pakistan_2025,107367,34,24,12,0,18,976,299,-445.87625304059264,97.0
20260731,israel_iran_2025,107367,458,220,42,0,96,1061,426,-22082.66489183491,6596.0
20260731,north_korea,107367,51,27,8,0,2,30,28,-672.6629765118456,308.0
20260731,russia_ukraine_2022,107367,301,147,31,0,100,326,152,-17483.474644191236,3922.0
20260731,south_china_sea_ph,107367,23,13,0,0,0,68,8,-868.2219502517511,171.0
20260731,taiwan_strait,107367,163,53,14,0,17,44,44,-2803.790458322658,1349.0
20260731,thailand_cambodia_2025,107367,25,0,0,0,0,72,18,-338.3045870436159,95.0
20260731,us_china_chips_2022,107367,153,45,15,0,15,225,55,-1892.006673624319,927.0
20260731,us_china_tariffs_2025,107367,285,94,29,0,31,5061,78,-4549.169736690235,2154.0
20260801,china_japan_2025,68900,16,7,4,0,2,156,0,209.19299803954016,135.0
20260801,china_japan_seafood_2023,68900,16,7,4,0,2,156,6,209.19299803954016,135.0
20260801,india_pakistan_2025,68900,28,12,4,0,6,718,215,-507.464991095177,113.0
20260801,israel_iran_2025,68900,468,253,52,3,120,957,365,-24610.499175760608,5790.0
20260801,north_korea,68900,12,3,0,0,3,6,19,-22.712333079365578,42.0
20260801,russia_ukraine_2022,68900,311,194,42,0,166,358,110,-15981.549123709738,3002.0
20260801,south_china_sea_ph,68900,56,38,1,0,11,38,13,-1135.7872653719076,316.0
20260801,taiwan_strait,68900,84,10,7,0,4,10,24,-728.3224555115693,455.0
20260801,thailand_cambodia_2025,68900,4,0,0,0,0,29,4,-49.91789819376024,8.0
20260801,us_china_chips_2022,68900,97,40,16,0,10,124,15,-813.1027095737828,498.0
20260801,us_china_tariffs_2025,68900,167,49,22,0,14,3117,28,-1382.9607760002714,886.0
20260802,china_japan_2025,58535,17,6,2,0,5,145,0,-8.559047369397177,58.0
20260802,china_japan_seafood_2023,58535,17,6,2,0,5,145,5,-8.559047369397177,58.0
20260802,india_pakistan_2025,58535,19,9,6,0,3,567,241,-169.77958779550153,39.0
20260802,israel_iran_2025,58535,495,216,57,0,107,891,560,-14940.162175854091,5053.0
20260802,north_korea,58535,7,0,0,0,0,2,8,8.544314288096226,33.0
20260802,russia_ukraine_2022,58535,209,156,16,0,114,297,78,-8856.323762287017,1692.0
20260802,south_china_sea_ph,58535,34,12,0,0,0,38,8,-1961.9556408292312,551.0
20260802,taiwan_strait,58535,92,14,2,0,2,4,28,-589.3164597174249,430.0
20260802,thailand_cambodia_2025,58535,9,0,0,0,0,63,5,-243.28959367717053,40.0
20260802,us_china_chips_2022,58535,81,14,8,0,4,117,13,-1833.715313998239,1017.0
20260802,us_china_tariffs_2025,58535,137,23,8,0,6,2382,16,-2125.283997252546,1241.0
20260803,china_japan_2025,91182,12,2,2,0,2,233,1,223.48936529779922,97.0
20260803,china_japan_seafood_2023,91182,12,2,2,0,2,233,8,223.48936529779922,97.0
20260803,india_pakistan_2025,91182,26,12,12,0,11,902,243,-296.3715451899806,90.0
20260803,israel_iran_2025,91182,473,181,51,0,73,999,644,-12879.298344261682,6151.0
20260803,north_korea,91182,8,8,0,0,8,11,15,-63.60852958923599,25.0
20260803,russia_ukraine_2022,91182,383,258,29,0,152,381,145,-37980.94620860632,7058.0
20260803,south_china_sea_ph,91182,19,8,2,0,0,64,11,-277.09530355990626,117.0
20260803,taiwan_strait,91182,103,28,10,0,9,18,51,-608.8690773393598,504.0
20260803,thailand_cambodia_2025,91182,11,3,0,0,2,66,11,-258.0721198522238,40.0
20260803,us_china_chips_2022,91182,112,24,9,0,11,176,33,-531.868220025504,523.0
20260803,us_china_tariffs_2025,91182,194,49,17,0,18,4173,52,-862.4532406508367,928.0
20260804,china_japan_2025,102313,36,7,0,0,1,290,2,-313.73109114956685,270.0
20260804,china_japan_seafood_2023,102313,36,7,0,0,1,290,8,-313.73109114956685,270.0
20260804,india_pakistan_2025,102313,26,8,1,0,1,872,271,-1330.6248267121607,232.0
20260804,israel_iran_2025,102313,459,120,34,0,45,1042,575,-22753.702921069325,7526.0
20260804,north_korea,102313,46,23,3,0,0,11,24,-1215.1703845147645,222.0
20260804,russia_ukraine_2022,102313,446,304,28,0,203,371,144,-47757.72336930502,8123.0
20260804,south_china_sea_ph,102313,26,16,2,0,6,88,10,-1409.8537215333517,205.0
20260804,taiwan_strait,102313,164,42,15,0,18,29,47,-1895.2091997735808,669.0
20260804,thailand_cambodia_2025,102313,12,2,0,0,0,44,8,-172.75169830690655,40.0
20260804,us_china_chips_2022,102313,120,27,7,0,14,195,68,-932.2133045135229,503.0
20260804,us_china_tariffs_2025,102313,239,56,16,0,28,5395,117,-2666.298215886326,1006.0
20260805,china_japan_2025,105774,48,12,0,0,2,395,1,-450.6321451657545,380.0
20260805,china_japan_seafood_2023,105774,48,12,0,0,2,395,6,-450.6321451657545,380.0
20260805,india_pakistan_2025,105774,31,10,1,0,4,781,294,-1885.8128974105446,294.0
20260805,israel_iran_2025,105774,415,128,41,0,45,983,445,-12152.163913895447,4134.0
20260805,north_korea,105774,37,18,3,0,4,53,52,-713.0743991902872,214.0
20260805,russia_ukraine_2022,105774,416,265,29,0,192,493,176,-43370.7177138447,7726.0
20260805,south_china_sea_ph,105774,9,3,0,0,2,58,5,-5.459264466089213,27.0
20260805,taiwan_strait,105774,189,65,21,0,18,61,65,-7385.900478705924,2136.0
20260805,thailand_cambodia_2025,105774,9,2,0,0,2,37,9,-309.203021817672,66.0
20260805,us_china_chips_2022,105774,160,59,25,0,26,323,59,-3836.7373560155056,1506.0
20260805,us_china_tariffs_2025,105774,301,109,44,0,41,5116,53,-10662.010751996,3365.0
20260806,china_japan_2025,106648,22,10,0,0,0,246,6,-803.7550184354062,244.0
20260806,china_japan_seafood_2023,106648,22,10,0,0,0,246,13,-803.7550184354062,244.0
20260806,india_pakistan_2025,106648,35,15,5,0,6,931,274,-321.68206732327377,85.0
20260806,israel_iran_2025,106648,460,160,29,1,91,1300,448,-28855.62299194798,9137.0
20260806,north_korea,106648,67,45,5,0,31,73,51,-1906.0419145222615,607.0
20260806,russia_ukraine_2022,106648,376,254,44,0,145,352,167,-21878.50863675588,3791.0
20260806,south_china_sea_ph,106648,8,3,0,0,0,47,9,-195.7493616548444,38.0
20260806,taiwan_strait,106648,140,21,5,0,6,38,52,-1021.4330108040604,879.0
20260806,thailand_cambodia_2025,106648,15,6,0,0,6,57,3,-210.773661152913,66.0
20260806,us_china_chips_2022,106648,142,40,14,0,10,149,46,-2889.0641865683706,1306.0
20260806,us_china_tariffs_2025,106648,258,58,19,0,16,4881,55,-3697.110454718923,2070.0
20260807,china_japan_2025,102018,10,5,0,0,0,273,1,-59.28381223383547,46.0
20260807,china_japan_seafood_2023,102018,10,5,0,0,0,273,11,-59.28381223383547,46.0
20260807,india_pakistan_2025,102018,15,8,4,0,6,795,372,-214.1185541104658,44.0
20260807,israel_iran_2025,102018,396,151,31,0,72,892,365,-16559.67498919704,4417.0
20260807,north_korea,102018,22,8,2,0,3,36,21,-342.5784781093766,131.0
20260807,russia_ukraine_2022,102018,297,167,25,0,92,307,106,-9369.239619340577,2459.0
20260807,south_china_sea_ph,102018,44,27,4,0,14,110,10,-518.2487138700158,159.0
20260807,taiwan_strait,102018,168,54,18,0,20,55,62,-1567.0121017471997,1197.0
20260807,thailand_cambodia_2025,102018,29,8,3,0,7,423,12,-298.2240492095206,110.0
20260807,us_china_chips_2022,102018,137,44,12,0,12,206,46,-1345.3985190270453,618.0
20260807,us_china_tariffs_2025,102018,252,79,23,0,19,4342,55,-2875.381651740627,1594.0
20260808,china_japan_2025,65273,7,2,0,0,0,187,3,-112.74547657072537,44.0
20260808,china_japan_seafood_2023,65273,7,2,0,0,0,187,6,-112.74547657072537,44.0
20260808,india_pakistan_2025,65273,24,9,3,0,7,624,227,-335.27282009800683,68.0
20260808,israel_iran_2025,65273,296,129,17,2,64,618,289,-6115.066072895399,2303.0
20260808,north_korea,65273,10,3,3,0,0,3,5,-144.90285389064934,35.0
20260808,russia_ukraine_2022,65273,404,245,61,2,139,290,98,-50132.08066873484,8712.0
20260808,south_china_sea_ph,65273,27,20,0,0,15,40,8,-886.2179836137364,142.0
20260808,taiwan_strait,65273,65,11,1,0,2,24,34,256.00407731218314,410.0
20260808,thailand_cambodia_2025,65273,13,6,6,0,0,158,5,-103.10055070611318,58.0
20260808,us_china_chips_2022,65273,102,31,10,0,8,149,22,-1495.4002059663162,702.0
20260808,us_china_tariffs_2025,65273,160,36,10,0,10,2830,47,-1089.2617761972379,1073.0
20260809,china_japan_2025,54796,14,7,2,0,0,170,3,-86.72322000296248,56.0
20260809,china_japan_seafood_2023,54796,14,7,2,0,0,170,7,-86.72322000296248,56.0
20260809,india_pakistan_2025,54796,17,9,6,0,9,658,177,-233.3321429789098,62.0
20260809,israel_iran_2025,54796,333,152,14,0,78,716,335,-8984.91876579632,3239.0
20260809,north_korea,54796,5,0,0,0,0,20,14,165.03463251858028,441.0
20260809,russia_ukraine_2022,54796,278,177,32,0,128,269,123,-25794.785490588016,4454.0
20260809,south_china_sea_ph,54796,15,4,0,0,2,31,5,-264.2943538832782,68.0
20260809,taiwan_strait,54796,105,16,3,0,8,36,39,-3131.32275292659,1171.0
20260809,thailand_cambodia_2025,54796,9,1,0,0,0,65,9,-58.778625954198475,11.0
20260809,us_china_chips_2022,54796,72,17,8,0,6,109,16,-1897.971179519812,667.0
20260809,us_china_tariffs_2025,54796,152,24,10,0,9,1876,27,-3854.2730309446506,1526.0
20260810,china_japan_2025,92185,13,2,0,0,0,246,6,-74.64287314836739,78.0
20260810,china_japan_seafood_2023,92185,13,2,0,0,0,246,9,-74.64287314836739,78.0
20260810,india_pakistan_2025,92185,17,5,0,0,5,782,228,-137.39653911323276,58.0
20260810,israel_iran_2025,92185,396,178,17,0,68,903,412,-19342.9827636682,4827.0
20260810,north_korea,92185,29,9,0,0,5,31,32,-16.180617233461753,556.0
20260810,russia_ukraine_2022,92185,312,210,37,0,149,364,125,-17779.387187158078,4653.0
20260810,south_china_sea_ph,92185,32,11,0,0,8,73,20,-324.7159971862595,93.0
20260810,taiwan_strait,92185,142,49,18,0,26,51,61,-1830.5628582804748,869.0
20260810,thailand_cambodia_2025,92185,10,0,0,0,0,154,4,-72.35890014471775,40.0
20260810,us_china_chips_2022,92185,100,36,16,0,15,184,59,-490.50766275529776,570.0
20260810,us_china_tariffs_2025,92185,202,61,27,0,24,3887,43,-1694.769613238263,1212.0
20260811,china_japan_2025,108011,18,3,1,0,1,242,2,-257.06993051171474,80.0
20260811,china_japan_seafood_2023,108011,18,3,1,0,1,242,8,-257.06993051171474,80.0
20260811,india_pakistan_2025,108011,20,6,4,0,2,730,250,-352.78567195671474,74.0
20260811,israel_iran_2025,108011,446,175,20,0,78,947,509,-9771.93376097213,3458.0
20260811,north_korea,108011,61,40,2,0,22,87,66,-2598.4006243311055,682.0
20260811,russia_ukraine_2022,108011,673,370,77,2,279,442,177,-52314.07117261694,10355.0
20260811,south_china_sea_ph,108011,21,11,2,0,1,73,20,-205.27994497793154,117.0
20260811,taiwan_strait,108011,117,31,6,0,11,22,75,-977.2740000688179,665.0
20260811,thailand_cambodia_2025,108011,3,3,3,0,0,83,8,-13.605442176870751,5.0
20260811,us_china_chips_2022,108011,129,36,20,0,12,192,37,-3695.0482453374784,1173.0
20260811,us_china_tariffs_2025,108011,209,56,23,0,19,5012,28,-4395.673711078035,1643.0
20260812,china_japan_2025,108389,18,5,4,0,2,287,6,-133.7784411283187,71.0
20260812,china_japan_seafood_2023,108389,18,5,4,0,2,287,5,-133.7784411283187,71.0
20260812,india_pakistan_2025,108389,31,25,16,0,22,828,290,-1127.316445966584,171.0
20260812,israel_iran_2025,108389,478,198,20,0,125,1135,452,-20114.1598708445,6270.0
20260812,north_korea,108389,169,141,6,0,106,125,71,-5933.510452296366,1808.0
20260812,russia_ukraine_2022,108389,536,250,53,0,156,381,144,-26983.23156505672,5587.0
20260812,south_china_sea_ph,108389,10,4,0,0,0,96,4,-79.76345688210105,25.0
20260812,taiwan_strait,108389,133,32,16,0,17,48,82,-2319.755230157039,1352.0
20260812,thailand_cambodia_2025,108389,17,3,2,0,3,92,11,-192.7836992126993,72.0
20260812,us_china_chips_2022,108389,128,37,20,0,17,197,39,-3578.6262569730698,1169.0
20260812,us_china_tariffs_2025,108389,217,53,30,0,26,5118,43,-5338.0489344793805,2263.0
20260813,china_japan_2025,106481,37,5,0,0,1,297,1,-752.5656440259853,178.0
20260813,china_japan_seafood_2023,106481,37,5,0,0,1,297,16,-752.5656440259853,178.0
20260813,india_pakistan_2025,106481,14,7,6,0,6,964,232,-152.25949467876836,42.0
20260813,israel_iran_2025,106481,331,160,27,0,90,1006,354,-12149.663174435878,2987.0
20260813,north_korea,106481,40,32,3,0,14,28,18,-451.90572816247686,391.0
20260813,russia_ukraine_2022,106481,448,241,44,0,169,309,116,-15430.698397989476,3348.0
20260813,south_china_sea_ph,106481,29,14,10,0,3,39,2,-577.5345826367068,141.0
20260813,taiwan_strait,106481,155,46,13,0,26,92,76,-3508.2552794565036,1268.0
20260813,thailand_cambodia_2025,106481,0,0,0,0,0,59,10,0.0,0.0
20260813,us_china_chips_2022,106481,108,28,16,0,14,217,37,-1458.6707308179048,566.0
20260813,us_china_tariffs_2025,106481,200,48,22,0,18,5230,86,-2350.3805105489537,1093.0
20260814,china_japan_2025,103293,33,6,2,0,1,287,2,-2235.6937610408568,385.0
20260814,china_japan_seafood_2023,103293,33,6,2,0,1,287,6,-2235.6937610408568,385.0
20260814,india_pakistan_2025,103293,49,8,1,0,1,897,232,-721.210495627549,201.0
20260814,israel_iran_2025,103293,348,137,37,0,52,923,386,-8658.763863548244,2758.0
20260814,north_korea,103293,85,56,14,0,17,32,41,-1807.3418588881302,586.0
20260814,russia_ukraine_2022,103293,411,243,39,4,158,295,93,-15747.160408835662,2713.0
20260814,south_china_sea_ph,103293,48,19,5,0,5,84,7,-736.4866949888481,200.0
20260814,taiwan_strait,103293,201,59,12,0,21,36,73,-1756.6056532713876,1172.0
20260814,thailand_cambodia_2025,103293,6,2,0,0,0,53,13,15.131239227037677,10.0
20260814,us_china_chips_2022,103293,178,57,18,1,15,188,28,-1037.8377588329035,1005.0
20260814,us_china_tariffs_2025,103293,327,89,29,1,26,5150,134,-1869.1839952636028,1787.0
20260815,china_japan_2025,64526,79,34,1,0,1,184,8,-6913.820225357168,1107.0
20260815,china_japan_seafood_2023,64526,79,34,1,0,1,184,2,-6913.820225357168,1107.0
20260815,india_pakistan_2025,64526,40,15,9,0,9,670,163,-449.9875288391221,182.0
20260815,israel_iran_2025,64526,246,114,23,0,50,852,299,-16044.284764542943,3509.0
20260815,north_korea,64526,39,14,2,0,1,6,17,-552.31876146195,351.0
20260815,russia_ukraine_2022,64526,207,105,21,0,63,215,65,-5909.965711536326,1330.0
20260815,south_china_sea_ph,64526,50,26,11,0,10,47,4,-1079.3066383516555,157.0
20260815,taiwan_strait,64526,123,20,5,0,8,18,33,-1635.1677033425444,947.0
20260815,thailand_cambodia_2025,64526,3,0,0,0,0,17,3,-37.8378378378379,10.0
20260815,us_china_chips_2022,64526,126,25,5,0,2,118,25,-863.7048408944052,694.0
20260815,us_china_tariffs_2025,64526,228,36,7,0,4,2960,40,-2174.7778313330705,1485.0
20260816,china_japan_2025,56953,50,17,0,0,6,159,5,-1301.2058729581345,334.0
20260816,china_japan_seafood_2023,56953,50,17,0,0,6,159,2,-1301.2058729581345,334.0
20260816,india_pakistan_2025,56953,11,4,4,0,3,631,108,-233.47777027124854,44.0
20260816,israel_iran_2025,56953,288,137,31,0,90,883,266,-7208.961137004864,1974.0
20260816,north_korea,56953,152,75,18,0,24,63,48,-4188.394104038054,1943.0
20260816,russia_ukraine_2022,56953,303,225,26,0,163,381,127,-34863.58547447938,4555.0
20260816,south_china_sea_ph,56953,35,23,2,0,9,96,3,-787.1428776756661,114.0
20260816,taiwan_strait,56953,52,17,5,0,3,8,20,-619.4906701675844,360.0
20260816,thailand_cambodia_2025,56953,0,0,0,0,0,43,16,0.0,0.0
20260816,us_china_chips_2022,56953,53,17,7,0,0,96,10,-956.4941544605435,523.0
20260816,us_china_tariffs_2025,56953,92,32,12,0,3,2132,36,-1479.9675370587472,749.0
20260817,china_japan_2025,98890,45,16,5,0,0,245,1,-2125.0337728344316,377.0
20260817,china_japan_seafood_2023,98890,45,16,5,0,0,245,5,-2125.0337728344316,377.0
20260817,india_pakistan_2025,98890,29,16,6,0,2,813,173,-402.7932593818766,82.0
20260817,israel_iran_2025,98890,502,182,33,0,84,1016,544,-22063.82973845562,5914.0
20260817,north_korea,98890,376,206,47,0,83,212,75,-14538.569725065168,7953.0
20260817,russia_ukraine_2022,98890,371,231,26,0,166,438,135,-9722.016166567195,1823.0
20260817,south_china_sea_ph,98890,11,6,0,0,0,48,11,-67.847631885607,27.0
20260817,taiwan_strait,98890,175,52,5,0,18,25,50,-1158.0919069156398,976.0
20260817,thailand_cambodia_2025,98890,22,6,3,0,6,69,28,-126.3512069252098,70.0
20260817,us_china_chips_2022,98890,149,30,15,0,15,185,30,-846.6892466305826,640.0
20260817,us_china_tariffs_2025,98890,295,68,19,0,23,4162,58,-1470.3054849811847,1247.0
20260818,china_japan_2025,108538,32,13,3,0,3,237,5,-391.0773981519238,115.0
20260818,china_japan_seafood_2023,108538,32,13,3,0,3,237,14,-391.0773981519238,115.0
20260818,india_pakistan_2025,108538,22,12,3,0,5,866,212,-188.397720307141,45.0
20260818,israel_iran_2025,108538,508,187,37,0,74,1177,512,-19479.07642336141,5713.0
20260818,north_korea,108538,218,93,14,0,31,90,56,-1806.5116028449706,2039.0
20260818,russia_ukraine_2022,108538,412,237,29,0,156,380,182,-64341.49182913689,8578.0
20260818,south_china_sea_ph,108538,16,8,1,0,5,173,10,-60.46002961216004,47.0
20260818,taiwan_strait,108538,196,49,17,0,20,23,40,-4339.596973172939,1575.0
20260818,thailand_cambodia_2025,108538,0,0,0,0,0,114,13,0.0,0.0
20260818,us_china_chips_2022,108538,155,40,19,0,20,169,31,-710.9732495853419,577.0
20260818,us_china_tariffs_2025,108538,329,87,36,0,38,4836,58,-4974.637952504829,1998.0
20260819,china_japan_2025,110686,11,2,1,0,1,274,2,-242.27687980582084,40.0
20260819,china_japan_seafood_2023,110686,11,2,1,0,1,274,9,-242.27687980582084,40.0
20260819,india_pakistan_2025,110686,50,17,8,0,8,870,260,-247.5871765350302,160.0
20260819,israel_iran_2025,110686,414,168,31,0,82,1230,439,-10248.965119762443,2795.0
20260819,north_korea,110686,252,67,8,0,17,66,100,-596.4629764996696,1799.0
20260819,russia_ukraine_2022,110686,441,193,45,0,117,330,154,-26287.262585030105,4810.0
20260819,south_china_sea_ph,110686,11,9,0,0,3,140,19,-81.0154420176161,25.0
20260819,taiwan_strait,110686,175,36,5,0,14,34,48,-473.7639192130204,899.0
20260819,thailand_cambodia_2025,110686,2,1,0,0,1,63,12,-36.38549759526456,10.0
20260819,us_china_chips_2022,110686,187,52,15,0,28,166,58,-1357.5104396882484,983.0
20260819,us_china_tariffs_2025,110686,316,83,18,0,40,5199,123,-2079.166659079455,1722.0
20260820,china_japan_2025,114069,41,17,5,0,3,385,2,-859.0416826581811,342.0
20260820,china_japan_seafood_2023,114069,41,17,5,0,3,385,6,-859.0416826581811,342.0
20260820,india_pakistan_2025,114069,60,14,3,0,3,902,218,-1499.2523721307034,785.0
20260820,israel_iran_2025,114069,403,178,54,3,71,1125,489,-15958.450966194087,3635.0
20260820,north_korea,114069,333,156,12,0,82,142,132,-3142.4530630848117,3852.0
20260820,russia_ukraine_2022,114069,383,235,39,0,164,382,119,-32424.040763656667,5093.0
20260820,south_china_sea_ph,114069,22,6,1,0,4,100,15,-301.3617974654716,57.0
20260820,taiwan_strait,114069,221,67,29,0,38,38,53,-2468.330439138159,1222.0
20260820,thailand_cambodia_2025,114069,16,4,4,0,4,68,9,-287.6331728800343,64.0
20260820,us_china_chips_2022,114069,227,42,15,0,15,301,38,-3770.8390828116526,1340.0
20260820,us_china_tariffs_2025,114069,404,89,44,0,42,5298,79,-5931.1965988050615,2275.0
20260821,china_japan_2025,103858,27,3,0,0,2,428,0,-140.0139431674776,126.0
20260821,china_japan_seafood_2023,103858,27,3,0,0,2,428,11,-140.0139431674776,126.0
20260821,india_pakistan_2025,103858,29,10,3,0,6,950,228,-250.87705109702046,130.0
20260821,israel_iran_2025,103858,373,158,53,0,51,1091,336,-27306.10194221466,4989.0
20260821,north_korea,103858,164,75,5,0,43,73,64,-6834.883358886427,3355.0
20260821,russia_ukraine_2022,103858,368,180,49,0,122,305,140,-50708.53931644433,7092.0
20260821,south_china_sea_ph,103858,11,5,2,0,0,105,7,-225.1025469082004,45.0
20260821,taiwan_strait,103858,191,59,13,0,24,25,47,-6017.537348527568,1514.0
20260821,thailand_cambodia_2025,103858,20,2,2,0,2,46,15,-162.74509803921563,83.0
20260821,us_china_chips_2022,103858,134,36,15,0,14,304,41,-4196.702533937412,1191.0
20260821,us_china_tariffs_2025,103858,290,81,27,0,33,4728,78,-10097.83590383317,2556.0
20260822,china_japan_2025,63991,21,5,0,0,1,166,0,-230.34914175550244,115.0
20260822,china_japan_seafood_2023,63991,21,5,0,0,1,166,5,-230.34914175550244,115.0
20260822,india_pakistan_2025,63991,7,3,3,0,3,646,138,-85.4840037125489,13.0
20260822,israel_iran_2025,63991,218,93,32,0,37,713,263,-9669.416754662383,2283.0
20260822,north_korea,63991,51,15,2,0,5,24,13,-257.3249963491678,172.0
20260822,russia_ukraine_2022,63991,287,191,30,0,140,347,122,-32550.80414285053,4344.0
20260822,south_china_sea_ph,63991,8,6,4,0,0,82,4,-342.94690328836464,70.0
20260822,taiwan_strait,63991,80,23,7,0,7,6,29,-1406.4263386868083,465.0
20260822,thailand_cambodia_2025,63991,6,0,0,0,0,53,12,-2.9673590504450997,26.0
20260822,us_china_chips_2022,63991,69,13,4,0,3,116,15,-611.6985376525903,492.0
20260822,us_china_tariffs_2025,63991,128,34,9,0,10,2695,136,-1721.6514024757325,836.0
20260823,china_japan_2025,56368,3,0,0,0,0,147,0,-77.9547558572886,20.0
20260823,china_japan_seafood_2023,56368,3,0,0,0,0,147,4,-77.9547558572886,20.0
20260823,india_pakistan_2025,56368,13,3,1,0,2,613,147,-188.65636586460988,56.0
20260823,israel_iran_2025,56368,295,128,43,2,46,944,321,-31717.158181038365,5612.0
20260823,north_korea,56368,31,10,0,0,5,13,9,-114.98478877868959,85.0
20260823,russia_ukraine_2022,56368,266,132,16,2,89,210,114,-19094.659738004033,3440.0
20260823,south_china_sea_ph,56368,4,1,1,0,1,53,2,-69.2948877543649,15.0
20260823,taiwan_strait,56368,89,30,3,0,13,34,34,-1940.9182023767135,533.0
20260823,thailand_cambodia_2025,56368,0,0,0,0,0,59,4,0.0,0.0
20260823,us_china_chips_2022,56368,61,14,5,0,3,90,16,-1990.2825350511857,434.0
20260823,us_china_tariffs_2025,56368,114,34,8,0,9,2051,67,-3249.21178074674,700.0
20260824,china_japan_2025,97839,44,9,3,0,2,262,7,-3045.1491059374234,899.0
20260824,china_japan_seafood_2023,97839,44,9,3,0,2,262,13,-3045.1491059374234,899.0
20260824,india_pakistan_2025,97839,9,0,0,0,0,825,182,-145.06034337739004,46.0
20260824,israel_iran_2025,97839,490,247,80,0,91,1141,535,-31757.63171882974,6063.0
20260824,north_korea,97839,79,40,2,0,31,35,21,-946.0225380439299,432.0
20260824,russia_ukraine_2022,97839,440,210,24,0,111,311,337,-15639.042633773852,5044.0
20260824,south_china_sea_ph,97839,15,1,1,0,0,52,4,-37.56473202807859,57.0
20260824,taiwan_strait,97839,150,25,6,0,14,49,67,-1423.6068391550257,616.0
20260824,thailand_cambodia_2025,97839,4,0,0,0,0,94,9,-32.80575539568348,12.0
20260824,us_china_chips_2022,97839,124,22,10,0,6,198,41,-1315.6583477946037,543.0
20260824,us_china_tariffs_2025,97839,246,43,14,0,18,4354,193,-2524.176683698718,1015.0
20260825,china_japan_2025,108026,19,4,3,0,1,310,4,-614.5836075056268,220.0
20260825,china_japan_seafood_2023,108026,19,4,3,0,1,310,7,-614.5836075056268,220.0
20260825,india_pakistan_2025,108026,26,11,4,0,2,861,240,-341.64084838141196,108.0
20260825,israel_iran_2025,108026,511,235,99,0,81,975,535,-13926.848291938903,3647.0
20260825,north_korea,108026,63,32,3,0,20,38,24,-391.97686707882247,233.0
20260825,russia_ukraine_2022,108026,437,162,39,0,78,289,204,-16371.53442641303,6290.0
20260825,south_china_sea_ph,108026,17,11,5,0,0,104,12,-134.80466523369643,59.0
20260825,taiwan_strait,108026,182,57,24,0,10,55,69,-4472.9748257517795,1762.0
20260825,thailand_cambodia_2025,108026,8,4,0,0,0,58,13,-101.8489323865855,50.0
20260825,us_china_chips_2022,108026,148,49,21,0,18,256,41,-1639.504313185461,899.0
20260825,us_china_tariffs_2025,108026,298,95,44,0,27,5053,294,-3701.5952734157304,1991.0
20260826,china_japan_2025,110061,25,8,2,0,0,287,3,-205.69168753455398,144.0
20260826,china_japan_seafood_2023,110061,25,8,2,0,0,287,15,-205.69168753455398,144.0
20260826,india_pakistan_2025,110061,14,4,1,0,3,747,203,-368.0890674439883,72.0
20260826,israel_iran_2025,110061,483,241,64,0,91,988,484,-13827.91206984489,3631.0
20260826,north_korea,110061,69,24,3,0,8,18,13,-331.7836836305089,244.0
20260826,russia_ukraine_2022,110061,524,174,38,0,97,260,124,-10060.120240007962,3840.0
20260826,south_china_sea_ph,110061,25,9,3,0,3,67,8,-107.93018383589262,142.0
20260826,taiwan_strait,110061,217,71,22,0,26,27,67,-3725.318510345363,1852.0
20260826,thailand_cambodia_2025,110061,5,3,0,0,0,74,7,-120.20023862634234,23.0
20260826,us_china_chips_2022,110061,155,32,14,0,6,214,56,-2292.245009804877,1071.0
20260826,us_china_tariffs_2025,110061,346,90,31,0,26,5149,190,-6091.759808011949,2821.0
20260827,china_japan_2025,113287,16,2,0,0,0,341,1,-40.819532781663526,75.0
20260827,china_japan_seafood_2023,113287,16,2,0,0,0,341,19,-40.819532781663526,75.0
20260827,india_pakistan_2025,113287,15,9,1,0,7,720,196,-156.1145530335948,68.0
20260827,israel_iran_2025,113287,381,164,33,0,67,832,339,-13571.582792826339,4707.0
20260827,north_korea,113287,31,8,3,0,0,5,18,-188.12909922650942,180.0
20260827,russia_ukraine_2022,113287,463,190,40,0,110,339,113,-33729.96938001421,6475.0
20260827,south_china_sea_ph,113287,13,0,0,0,0,75,2,-184.31068961889142,128.0
20260827,taiwan_strait,113287,179,37,8,0,8,24,46,-16570.93001854414,3083.0
20260827,thailand_cambodia_2025,113287,13,2,0,0,0,31,9,-7.347012806738325,25.0
20260827,us_china_chips_2022,113287,170,53,20,2,21,273,48,-4572.774288950554,1478.0
20260827,us_china_tariffs_2025,113287,325,79,27,2,25,5119,128,-20735.94343021557,4440.0
20260828,china_japan_2025,104672,28,0,0,0,0,345,3,-436.7642946036367,164.0
20260828,china_japan_seafood_2023,104672,28,0,0,0,0,345,14,-436.7642946036367,164.0
20260828,india_pakistan_2025,104672,16,6,6,0,6,557,163,-177.3756053655115,64.0
20260828,israel_iran_2025,104672,375,148,50,2,46,832,375,-24352.41050781127,8980.0
20260828,north_korea,104672,55,20,9,0,5,30,26,-560.536060791598,451.0
20260828,russia_ukraine_2022,104672,461,198,54,0,83,284,116,-36395.92342913001,5815.0
20260828,south_china_sea_ph,104672,13,5,1,0,5,53,3,-279.6508508787383,98.0
20260828,taiwan_strait,104672,234,68,13,0,24,49,48,-6249.185872707485,3230.0
20260828,thailand_cambodia_2025,104672,7,1,0,0,0,41,15,-221.1636103102413,40.0
20260828,us_china_chips_2022,104672,173,47,19,0,14,273,21,-3586.5634583757937,2073.0
20260828,us_china_tariffs_2025,104672,371,89,30,0,23,4791,95,-8983.264123554382,5006.0
20260829,china_japan_2025,66970,5,2,0,0,0,197,1,-69.80761308395824,28.0
20260829,china_japan_seafood_2023,66970,5,2,0,0,0,197,5,-69.80761308395824,28.0
20260829,india_pakistan_2025,66970,25,8,5,0,5,591,182,-188.96220539980365,65.0
20260829,israel_iran_2025,66970,197,91,26,0,43,717,198,-4710.795077147759,2053.0
20260829,north_korea,66970,18,2,0,0,0,9,5,6.248476439739611,55.0
20260829,russia_ukraine_2022,66970,310,166,15,0,114,260,84,-26423.155262273747,3883.0
20260829,south_china_sea_ph,66970,21,3,0,0,3,40,2,25.247597466772945,40.0
20260829,taiwan_strait,66970,113,41,1,0,14,23,25,-506.2650338755891,1513.0
20260829,thailand_cambodia_2025,66970,6,0,0,0,0,29,4,251.81451516581575,120.0
20260829,us_china_chips_2022,66970,105,28,13,0,10,166,23,-1042.5929537298,1331.0
20260829,us_china_tariffs_2025,66970,202,58,14,0,15,2977,46,-1433.5993739310147,2796.0
20260830,china_japan_2025,58373,10,2,0,0,2,219,0,-73.20443359346481,31.0
20260830,china_japan_seafood_2023,58373,10,2,0,0,2,219,3,-73.20443359346481,31.0
20260830,india_pakistan_2025,58373,4,0,0,0,0,551,159,-32.6530612244898,10.0
20260830,israel_iran_2025,58373,222,131,54,0,54,891,246,-13158.92643243424,3142.0
20260830,north_korea,58373,11,7,1,0,2,1,15,-23.573965853219573,35.0
20260830,russia_ukraine_2022,58373,279,168,19,0,101,173,58,-17438.061490455435,2898.0
20260830,south_china_sea_ph,58373,4,4,0,0,2,43,2,4.62427745664736,18.0
20260830,taiwan_strait,58373,108,33,9,0,6,7,31,-2397.939478450027,678.0
20260830,thailand_cambodia_2025,58373,5,0,0,0,0,10,3,9.12006778019844,18.0
20260830,us_china_chips_2022,58373,85,20,5,0,8,187,17,-2744.834851867128,615.0
20260830,us_china_tariffs_2025,58373,165,40,9,0,10,2143,40,-4864.787273843704,1198.0
20260831,china_japan_2025,98204,20,5,0,0,0,272,1,-868.3071656500487,186.0
20260831,china_japan_seafood_2023,98204,20,5,0,0,0,272,5,-868.3071656500487,186.0
20260831,india_pakistan_2025,98204,13,7,3,0,3,831,236,-415.41561012293414,68.0
20260831,israel_iran_2025,98204,419,225,52,0,155,1447,657,-50593.11922932833,10297.0
20260831,north_korea,98204,32,24,1,0,13,23,18,-2619.536667777524,811.0
20260831,russia_ukraine_2022,98204,471,205,39,3,122,270,112,-14951.676726343108,3513.0
20260831,south_china_sea_ph,98204,5,3,3,0,0,57,3,-30.948742880955677,12.0
20260831,taiwan_strait,98204,182,54,9,0,4,35,50,-4521.642873719153,2756.0
20260831,thailand_cambodia_2025,98204,12,6,2,0,6,33,8,85.54778310325798,86.0
20260831,us_china_chips_2022,98204,137,18,2,0,8,198,36,-3596.692375829371,1719.0
20260831,us_china_tariffs_2025,98204,290,56,11,0,10,4191,61,-4545.268418658274,2466.0
20260901,china_japan_2025,116766,26,5,0,0,0,321,3,-522.3678193780632,123.0
20260901,china_japan_seafood_2023,116766,26,5,0,0,0,321,7,-522.3678193780632,123.0
20260901,india_pakistan_2025,116766,27,13,2,0,2,961,222,-312.4135587117181,149.0
20260901,israel_iran_2025,116766,537,257,76,1,126,1405,566,-24147.134159582973,6437.0
20260901,north_korea,116766,52,8,0,0,6,18,16,18.710580648713908,193.0
20260901,russia_ukraine_2022,116766,535,240,42,0,157,384,160,-20093.65293213985,4627.0
20260901,south_china_sea_ph,116766,5,3,2,0,2,53,2,228.43967566107494,54.0
20260901,taiwan_strait,116766,335,121,24,0,17,53,95,-2725.3221295430194,2201.0
20260901,thailand_cambodia_2025,116766,39,7,5,0,2,80,9,-426.6898434853274,128.0
20260901,us_china_chips_2022,116766,179,32,16,2,14,235,43,-3186.94626530712,1492.0
20260901,us_china_tariffs_2025,116766,391,98,21,2,20,5376,49,-3905.455345343513,2414.0
20260902,china_japan_2025,120105,23,14,2,0,5,334,1,-285.66699848731463,106.0
20260902,china_japan_seafood_2023,120105,23,14,2,0,5,334,8,-285.66699848731463,106.0
20260902,india_pakistan_2025,120105,53,25,3,0,5,943,266,-1754.301874191648,359.0
20260902,israel_iran_2025,120105,568,298,62,0,195,1771,658,-27457.14555955147,6889.0
20260902,north_korea,120105,43,6,1,0,2,8,9,-43.74557350965372,180.0
20260902,russia_ukraine_2022,120105,428,170,37,0,89,290,141,-15129.567345305624,3437.0
20260902,south_china_sea_ph,120105,4,4,2,0,0,64,3,-96.7312922759951,50.0
20260902,taiwan_strait,120105,249,61,7,0,13,27,56,-2301.4865443409153,1279.0
20260902,thailand_cambodia_2025,120105,11,9,4,0,4,87,6,121.58859547974873,40.0
20260902,us_china_chips_2022,120105,192,28,4,0,12,264,30,-1774.0485330884026,797.0
20260902,us_china_tariffs_2025,120105,387,69,8,0,24,5657,54,-3545.4962654659603,1759.0
20260903,china_japan_2025,117020,44,13,3,0,6,292,4,-1771.7572605873943,540.0
20260903,china_japan_seafood_2023,117020,44,13,3,0,6,292,7,-1771.7572605873943,540.0
20260903,india_pakistan_2025,117020,11,6,5,0,5,807,187,-87.49506204072303,20.0
20260903,israel_iran_2025,117020,548,294,75,0,138,1593,550,-30276.74297510855,6445.0
20260903,north_korea,117020,8,3,0,0,0,6,4,-23.93002669113384,29.0
20260903,russia_ukraine_2022,117020,495,205,28,0,104,367,197,-26151.717026693397,5374.0
20260903,south_china_sea_ph,117020,1,1,1,0,1,100,4,-7.74193548387098,2.0
20260903,taiwan_strait,117020,282,73,14,0,22,19,69,-4421.277824585997,2810.0
20260903,thailand_cambodia_2025,117020,13,2,0,0,2,63,19,-77.89552775350414,45.0
20260903,us_china_chips_2022,117020,169,14,10,0,6,233,40,-663.3410957475188,634.0
20260903,us_china_tariffs_2025,117020,362,50,14,0,16,5552,62,-2230.8769759114884,1606.0
20260904,china_japan_2025,107037,50,10,3,0,0,280,0,-2287.7391959520924,531.0
20260904,china_japan_seafood_2023,107037,50,10,3,0,0,280,5,-2287.7391959520924,531.0
20260904,india_pakistan_2025,107037,35,17,3,0,13,902,203,-593.6418771811916,101.0
20260904,israel_iran_2025,107037,358,186,40,0,91,1110,354,-15267.349722034753,3942.0
20260904,north_korea,107037,5,2,2,0,0,4,5,-8.75113947128532,12.0
20260904,russia_ukraine_2022,107037,475,163,30,0,99,328,212,-21748.863444356844,6175.0
20260904,south_china_sea_ph,107037,7,5,3,0,5,133,7,-43.585165117090504,24.0
20260904,taiwan_strait,107037,222,76,19,0,13,37,51,-9983.8141904752,3111.0
20260904,thailand_cambodia_2025,107037,20,0,0,0,0,51,24,-295.99358293119366,97.0
20260904,us_china_chips_2022,107037,125,25,11,0,11,210,50,-715.8045343951352,1021.0
20260904,us_china_tariffs_2025,107037,283,66,16,0,23,5109,72,-9072.762755628735,2751.0
20260905,china_japan_2025,66878,10,2,0,0,0,184,1,-130.0953611872294,47.0
20260905,china_japan_seafood_2023,66878,10,2,0,0,0,184,3,-130.0953611872294,47.0
20260905,india_pakistan_2025,66878,12,2,1,0,0,814,140,-111.31634425012955,43.0
20260905,israel_iran_2025,66878,376,182,36,0,97,961,371,-56156.90543684079,10353.0
20260905,north_korea,66878,16,6,3,0,3,10,4,-121.53832385205295,56.0
20260905,russia_ukraine_2022,66878,600,205,39,0,108,234,174,-60615.00144811145,12855.0
20260905,south_china_sea_ph,66878,9,9,0,0,5,65,2,-125.0847633097807,36.0
20260905,taiwan_strait,66878,111,39,9,0,13,10,29,-780.9209924024252,496.0
20260905,thailand_cambodia_2025,66878,3,0,0,0,0,23,8,-29.760492571880455,12.0
20260905,us_china_chips_2022,66878,106,22,7,0,7,129,19,-550.0388657633166,480.0
20260905,us_china_tariffs_2025,66878,206,55,12,0,20,3111,42,-1008.6610207935053,832.0
20260906,china_japan_2025,60454,11,1,0,0,0,136,1,-341.0056362045942,49.0
20260906,china_japan_seafood_2023,60454,11,1,0,0,0,136,2,-341.0056362045942,49.0
20260906,india_pakistan_2025,60454,22,10,5,0,2,713,154,-516.9574146832093,84.0
20260906,israel_iran_2025,60454,313,181,37,0,82,932,311,-32549.05313541755,6974.0
20260906,north_korea,60454,9,0,0,0,0,5,2,-72.42363935277304,48.0
20260906,russia_ukraine_2022,60454,702,165,36,0,88,232,190,-80767.39667055315,32139.0
20260906,south_china_sea_ph,60454,11,2,0,0,0,75,0,-40.86604200583466,28.0
20260906,taiwan_strait,60454,64,17,3,0,4,23,25,-305.14634553008216,307.0
20260906,thailand_cambodia_2025,60454,4,0,0,0,0,41,4,2.91262135922332,4.0
20260906,us_china_chips_2022,60454,62,16,4,0,0,97,14,-595.2021776729739,313.0
20260906,us_china_tariffs_2025,60454,115,32,6,0,3,1992,9,-869.4402680938822,581.0
20260907,china_japan_2025,86043,35,6,1,0,3,204,3,-605.0010425072496,201.0
20260907,china_japan_seafood_2023,86043,35,6,1,0,3,204,6,-605.0010425072496,201.0
20260907,india_pakistan_2025,86043,18,11,1,0,5,922,179,-223.03998928378164,43.0
20260907,israel_iran_2025,86043,317,188,49,0,104,1109,328,-8666.913907409371,1721.0
20260907,north_korea,86043,44,22,4,0,8,45,68,-595.1937197374817,294.0
20260907,russia_ukraine_2022,86043,520,150,18,0,83,238,137,-4737.797627537813,6575.0
20260907,south_china_sea_ph,86043,2,0,0,0,0,91,1,-0.66225165562912,2.0
20260907,taiwan_strait,86043,148,31,11,0,10,23,43,-1566.4202643584192,892.0
20260907,thailand_cambodia_2025,86043,15,4,0,0,1,70,10,-119.98436943004423,53.0
20260907,us_china_chips_2022,86043,117,28,7,0,9,157,36,-1178.060531285874,737.0
20260907,us_china_tariffs_2025,86043,247,51,18,0,19,2500,49,-2652.1405531226724,1552.0
20260908,china_japan_2025,114917,51,18,2,0,4,282,2,-2501.446118451025,548.0
20260908,china_japan_seafood_2023,114917,51,18,2,0,4,282,7,-2501.446118451025,548.0
20260908,india_pakistan_2025,114917,7,2,0,0,0,844,166,-34.671376124008866,13.0
20260908,israel_iran_2025,114917,306,171,40,0,91,1535,432,-13715.646515031332,2860.0
20260908,north_korea,114917,28,13,4,0,4,36,42,-188.63881280498245,128.0
20260908,russia_ukraine_2022,114917,704,254,49,0,143,334,200,-22209.989713810013,11891.0
20260908,south_china_sea_ph,114917,10,10,2,0,4,97,5,-193.91274759188437,42.0
20260908,taiwan_strait,114917,158,39,11,0,14,15,47,-4288.3355196359535,1844.0
20260908,thailand_cambodia_2025,114917,10,2,0,0,1,56,12,-200.50006061943134,36.0
20260908,us_china_chips_2022,114917,118,28,14,0,6,227,48,-1448.9259838774237,1881.0
20260908,us_china_tariffs_2025,114917,228,59,25,0,16,4242,143,-4885.90685178433,3058.0
20260909,china_japan_2025,119065,12,1,0,0,1,243,1,28.033298485840557,71.0
20260909,china_japan_seafood_2023,119065,12,1,0,0,1,243,5,28.033298485840557,71.0
20260909,india_pakistan_2025,119065,7,1,0,0,0,987,202,-87.31293056917156,25.0
20260909,israel_iran_2025,119065,423,255,60,0,144,1810,550,-22913.951691993192,4206.0
20260909,north_korea,119065,43,7,2,0,4,9,18,-133.10184865266348,196.0
20260909,russia_ukraine_2022,119065,489,179,31,0,121,337,160,-12650.35289187061,3375.0
20260909,south_china_sea_ph,119065,23,14,0,0,8,109,10,-963.8240226191663,187.0
20260909,taiwan_strait,119065,239,54,11,0,11,27,56,-3879.1181509882626,2654.0
20260909,thailand_cambodia_2025,119065,10,2,0,0,0,54,10,26.03383860405073,47.0
20260909,us_china_chips_2022,119065,211,47,19,0,13,184,45,-5089.290956749774,3307.0
20260909,us_china_tariffs_2025,119065,412,83,29,0,24,5171,113,-8413.207838278757,5742.0
20260910,china_japan_2025,117648,3,2,0,0,2,270,1,-35.51988128562272,22.0
20260910,china_japan_seafood_2023,117648,3,2,0,0,2,270,10,-35.51988128562272,22.0
20260910,india_pakistan_2025,117648,10,0,0,0,0,858,199,-143.63597977686123,18.0
20260910,israel_iran_2025,117648,418,221,72,0,89,1204,428,-10090.32525249005,2687.0
20260910,north_korea,117648,10,5,0,0,5,15,23,-98.79506024698767,36.0
20260910,russia_ukraine_2022,117648,375,169,29,0,99,337,180,-8602.062917303405,2645.0
20260910,south_china_sea_ph,117648,18,15,0,0,6,86,7,-371.2609685568348,80.0
20260910,taiwan_strait,117648,180,44,17,2,17,23,35,373.8804859104269,1715.0
20260910,thailand_cambodia_2025,117648,40,29,4,0,4,88,12,-599.2567300323866,124.0
20260910,us_china_chips_2022,117648,207,62,23,0,11,196,53,-787.5341180697953,1853.0
20260910,us_china_tariffs_2025,117648,371,99,40,2,24,5265,76,70.68838768364435,3445.0
20260911,china_japan_2025,115753,25,2,0,0,0,271,1,-226.8690504310685,151.0
20260911,china_japan_seafood_2023,115753,25,2,0,0,0,271,13,-226.8690504310685,151.0
20260911,india_pakistan_2025,115753,8,4,0,0,0,897,174,-93.49684968496871,36.0
20260911,israel_iran_2025,115753,301,136,36,0,78,972,436,-9841.26996272891,2333.0
20260911,north_korea,115753,27,13,2,0,4,6,9,-124.556262893044,70.0
20260911,russia_ukraine_2022,115753,388,162,20,0,96,316,166,-13606.944380632787,3365.0
20260911,south_china_sea_ph,115753,31,24,7,0,4,90,7,-391.39404106927225,131.0
20260911,taiwan_strait,115753,169,35,7,0,5,28,64,-855.1808180388018,945.0
20260911,thailand_cambodia_2025,115753,5,1,0,0,0,77,13,-6.9438794413628475,14.0
20260911,us_china_chips_2022,115753,148,23,7,0,5,231,37,-1256.0128007804906,793.0
20260911,us_china_tariffs_2025,115753,285,41,11,0,10,5380,39,-1700.3896723248026,1482.0
20260912,china_japan_2025,76275,14,3,0,0,0,180,0,-40.19512553359433,68.0
20260912,china_japan_seafood_2023,76275,14,3,0,0,0,180,4,-40.19512553359433,68.0
20260912,india_pakistan_2025,76275,18,4,0,0,0,660,181,-218.58056989894828,69.0
20260912,israel_iran_2025,76275,265,99,5,0,55,704,354,-4279.822806586892,1288.0
20260912,north_korea,76275,74,50,0,0,44,71,39,-1367.5558735475856,729.0
20260912,russia_ukraine_2022,76275,475,183,23,0,91,256,101,-46948.74180352599,12189.0
20260912,south_china_sea_ph,76275,1,0,0,0,0,39,3,-22.727272727272698,10.0
20260912,taiwan_strait,76275,128,25,7,0,7,18,28,-767.4260610620754,580.0
20260912,thailand_cambodia_2025,76275,0,0,0,0,0,43,16,0.0,0.0
20260912,us_china_chips_2022,76275,141,37,8,0,13,135,11,-1787.1411854089338,661.0
20260912,us_china_tariffs_2025,76275,243,58,13,0,20,3198,34,-2382.3385990741826,1066.0
20260913,china_japan_2025,60559,8,3,1,0,1,149,0,-9.778297504972649,41.0
20260913,china_japan_seafood_2023,60559,8,3,1,0,1,149,3,-9.778297504972649,41.0
20260913,india_pakistan_2025,60559,3,2,0,0,1,545,139,-64.43010609751832,16.0
20260913,israel_iran_2025,60559,144,58,13,0,37,643,289,-2942.4750516069203,727.0
20260913,north_korea,60559,20,9,1,0,8,8,6,-96.16457062761404,48.0
20260913,russia_ukraine_2022,60559,417,214,25,4,141,301,134,-33248.07199034229,7662.0
20260913,south_china_sea_ph,60559,9,3,0,0,0,66,1,-175.66112462994727,54.0
20260913,taiwan_strait,60559,179,30,10,0,12,23,26,-1638.180822174434,959.0
20260913,thailand_cambodia_2025,60559,3,3,0,0,0,26,5,-34.155597722960096,10.0
20260913,us_china_chips_2022,60559,121,18,13,0,5,121,12,-1256.6135296511573,705.0
20260913,us_china_tariffs_2025,60559,277,41,18,0,12,1877,15,-2503.049262761906,1558.0
20260914,china_japan_2025,101000,15,4,0,0,0,284,2,-12.016627706881247,76.0
20260914,china_japan_seafood_2023,101000,15,4,0,0,0,284,8,-12.016627706881247,76.0
20260914,india_pakistan_2025,101000,16,6,1,0,4,794,157,-186.84050041517236,45.0
20260914,israel_iran_2025,101000,225,79,14,2,44,1057,441,-7660.968547021239,2012.0
20260914,north_korea,101000,57,24,0,0,15,47,33,-2330.9133086448705,924.0
20260914,russia_ukraine_2022,101000,479,227,56,2,122,333,237,-18253.461066312146,5788.0
20260914,south_china_sea_ph,101000,4,2,0,0,0,83,6,-25.828529069618092,9.0
20260914,taiwan_strait,101000,298,40,7,0,5,20,51,-993.2861083183284,2020.0
20260914,thailand_cambodia_2025,101000,27,10,1,0,0,46,20,-114.80048272119899,202.0
20260914,us_china_chips_2022,101000,292,65,25,0,14,223,26,-3616.9978597641207,2625.0
20260914,us_china_tariffs_2025,101000,558,100,31,0,19,3681,40,-4369.19700482334,4392.0
20260915,china_japan_2025,113520,22,3,0,0,1,339,2,-61.032409239225686,85.0
20260915,china_japan_seafood_2023,113520,22,3,0,0,1,339,8,-61.032409239225686,85.0
20260915,india_pakistan_2025,113520,13,11,0,0,1,673,181,-107.31215633946503,38.0
20260915,israel_iran_2025,113520,322,148,31,0,65,997,379,-19261.048292235,3201.0
20260915,north_korea,113520,19,16,1,0,13,38,20,-2700.7262940310748,1795.0
20260915,russia_ukraine_2022,113520,443,174,35,2,99,340,149,-12936.17511383906,3937.0
20260915,south_china_sea_ph,113520,17,10,0,0,0,51,7,-413.3694123646592,77.0
20260915,taiwan_strait,113520,327,90,22,0,22,26,58,-4296.011578768879,1822.0
20260915,thailand_cambodia_2025,113520,95,28,4,0,0,40,26,-983.0780488809921,433.0
20260915,us_china_chips_2022,113520,252,72,45,0,18,253,28,-9236.26987783195,2629.0
20260915,us_china_tariffs_2025,113520,539,147,60,0,32,5006,41,-12911.605037809964,4215.0
20260916,china_japan_2025,116857,40,19,10,0,1,344,2,-1316.8866230034598,355.0
20260916,china_japan_seafood_2023,116857,40,19,10,0,1,344,8,-1316.8866230034598,355.0
20260916,india_pakistan_2025,116857,96,43,7,0,10,810,262,-2640.2994642577037,519.0
20260916,israel_iran_2025,116857,332,153,39,0,83,1124,361,-11447.580386747592,2573.0
20260916,north_korea,116857,38,21,13,0,5,28,29,-401.93720644443204,154.0
20260916,russia_ukraine_2022,116857,337,146,34,0,90,327,107,-19908.419339685584,4841.0
20260916,south_china_sea_ph,116857,21,9,0,0,1,115,3,-892.2086460674408,215.0
20260916,taiwan_strait,116857,313,65,14,0,17,11,41,-4158.12001865708,1849.0
20260916,thailand_cambodia_2025,116857,52,10,0,0,0,38,8,-331.45464218251504,360.0
20260916,us_china_chips_2022,116857,272,64,31,0,16,266,94,-3707.9694547696545,1982.0
20260916,us_china_tariffs_2025,116857,556,126,45,0,33,5080,71,-7390.327788241927,3654.0
20260917,china_japan_2025,116212,22,6,1,0,2,305,3,-104.60222643128802,280.0
20260917,china_japan_seafood_2023,116212,22,6,1,0,2,305,10,-104.60222643128802,280.0
20260917,india_pakistan_2025,116212,48,20,1,0,6,812,228,-1342.6341561358608,255.0
20260917,israel_iran_2025,116212,356,136,33,0,57,1034,367,-13655.312760275776,2923.0
20260917,north_korea,116212,19,2,0,0,0,27,28,-198.7128394265185,79.0
20260917,russia_ukraine_2022,116212,491,209,46,0,125,305,152,-43026.21058767392,10969.0
20260917,south_china_sea_ph,116212,30,15,3,0,6,78,6,-45.03495099757205,173.0
20260917,taiwan_strait,116212,376,58,12,0,20,19,54,-1956.7161389858625,4031.0
20260917,thailand_cambodia_2025,116212,6,0,0,0,0,39,10,260.22123249360544,134.0
20260917,us_china_chips_2022,116212,397,103,36,1,35,240,91,-2193.3140927406425,3709.0
20260917,us_china_tariffs_2025,116212,740,158,47,1,54,4988,141,-3841.4130139491135,7593.0
20260918,china_japan_2025,110569,74,11,0,0,7,277,4,-2814.6951544687327,711.0
20260918,china_japan_seafood_2023,110569,74,11,0,0,7,277,7,-2814.6951544687327,711.0
20260918,india_pakistan_2025,110569,29,15,4,0,10,1025,302,-641.8090459755144,117.0
20260918,israel_iran_2025,110569,284,65,14,0,34,888,333,-14075.44580113298,2915.0
20260918,north_korea,110569,37,12,4,0,4,13,31,-206.20044394338044,186.0
20260918,russia_ukraine_2022,110569,445,190,62,3,109,256,149,-20922.84641811611,6051.0
20260918,south_china_sea_ph,110569,43,29,12,0,7,220,6,-1257.8696095190296,265.0
20260918,taiwan_strait,110569,310,62,27,0,18,19,51,-4636.511944791511,2398.0
20260918,thailand_cambodia_2025,110569,26,4,0,0,0,80,10,-123.4385204692785,114.0
20260918,us_china_chips_2022,110569,297,48,13,2,17,217,51,-2936.4263217530133,2132.0
20260918,us_china_tariffs_2025,110569,584,107,38,2,34,5022,55,-7498.271093887943,4457.0
20260919,china_japan_2025,70137,16,2,2,0,0,177,1,-1689.0384005583287,298.0
20260919,china_japan_seafood_2023,70137,16,2,2,0,0,177,5,-1689.0384005583287,298.0
20260919,india_pakistan_2025,70137,26,15,2,0,13,818,208,-271.9467664818826,53.0
20260919,israel_iran_2025,70137,207,84,37,0,36,676,200,-4956.0952032567,1380.0
20260919,north_korea,70137,34,6,0,0,4,11,27,-93.22116836192012,176.0
20260919,russia_ukraine_2022,70137,298,150,31,2,85,215,98,-10956.712540549393,3008.0
20260919,south_china_sea_ph,70137,25,9,1,0,0,58,2,-663.8937195465194,146.0
20260919,taiwan_strait,70137,277,39,10,0,13,14,33,-1961.8965804148397,1350.0
20260919,thailand_cambodia_2025,70137,25,14,0,0,3,35,9,-494.5288027059054,103.0
20260919,us_china_chips_2022,70137,264,31,11,0,12,149,37,-862.5466054619783,1179.0
20260919,us_china_tariffs_2025,70137,519,67,19,0,25,2779,56,-2588.421472918386,2425.0
20260920,china_japan_2025,60917,20,0,0,0,0,203,2,-606.0970208902067,561.0
20260920,china_japan_seafood_2023,60917,20,0,0,0,0,203,5,-606.0970208902067,561.0
20260920,india_pakistan_2025,60917,20,11,0,0,7,746,133,-268.5732906601924,60.0
20260920,israel_iran_2025,60917,302,123,50,0,51,790,280,-10368.442539046113,3083.0
20260920,north_korea,60917,126,93,1,0,73,84,73,-6985.77864266719,2389.0
20260920,russia_ukraine_2022,60917,298,163,18,2,100,237,120,-17016.974755391784,2853.0
20260920,south_china_sea_ph,60917,15,3,2,0,0,53,1,-197.5548340448863,90.0
20260920,taiwan_strait,60917,234,35,13,0,3,11,28,-1099.5584263180979,2236.0
20260920,thailand_cambodia_2025,60917,23,4,0,0,0,42,8,-113.06765885408096,86.0
20260920,us_china_chips_2022,60917,213,35,8,0,9,138,26,-411.26044011483907,1824.0
20260920,us_china_tariffs_2025,60917,394,57,15,0,10,1904,27,-1325.9974739411164,3231.0
20260921,china_japan_2025,102784,37,11,0,0,2,281,1,-157.1100733127284,223.0
20260921,china_japan_seafood_2023,102784,37,11,0,0,2,281,8,-157.1100733127284,223.0
20260921,india_pakistan_2025,102784,18,12,4,0,6,985,242,-165.6130110103226,49.0
20260921,israel_iran_2025,102784,447,192,76,0,61,922,377,-11440.951098713842,2960.0
20260921,north_korea,102784,71,41,3,0,26,46,24,-1207.3204568379226,408.0
20260921,russia_ukraine_2022,102784,463,167,36,2,92,280,157,-19734.294510835483,6950.0
20260921,south_china_sea_ph,102784,17,11,6,0,0,114,3,-266.34163305589874,59.0
20260921,taiwan_strait,102784,524,71,15,0,17,4,62,-2101.4292267605574,4019.0
20260921,thailand_cambodia_2025,102784,0,0,0,0,0,38,3,0.0,0.0
20260921,us_china_chips_2022,102784,499,75,20,0,24,238,49,-4128.031279121512,4472.0
20260921,us_china_tariffs_2025,102784,957,127,33,0,41,4449,46,-5825.577769010013,8048.0
